symbol,timeframe,start,end,reason
360ONE,daily,1990-01-01,1999-12-31,EMPTY_RESPONSE_NOT_PROOF_OF_PRE_LISTING_OR_RETENTION
360ONE,daily,2000-01-01,2009-12-31,EMPTY_RESPONSE_NOT_PROOF_OF_PRE_LISTING_OR_RETENTION
ABB,daily,1990-01-01,1999-12-31,EMPTY_RESPONSE_NOT_PROOF_OF_PRE_LISTING_OR_RETENTION
APLAPOLLO,daily,1990-01-01,1999-12-31,EMPTY_RESPONSE_NOT_PROOF_OF_PRE_LISTING_OR_RETENTION
APLAPOLLO,daily,2000-01-01,2009-12-31,EMPTY_RESPONSE_NOT_PROOF_OF_PRE_LISTING_OR_RETENTION
AUBANK,daily,1990-01-01,1999-12-31,EMPTY_RESPONSE_NOT_PROOF_OF_PRE_LISTING_OR_RETENTION
AUBANK,daily,2000-01-01,2009-12-31,EMPTY_RESPONSE_NOT_PROOF_OF_PRE_LISTING_OR_RETENTION
ADANIENSOL,daily,1990-01-01,1999-12-31,EMPTY_RESPONSE_NOT_PROOF_OF_PRE_LISTING_OR_RETENTION
ADANIENSOL,daily,2000-01-01,2009-12-31,EMPTY_RESPONSE_NOT_PROOF_OF_PRE_LISTING_OR_RETENTION
ADANIENT,daily,1990-01-01,1999-12-31,EMPTY_RESPONSE_NOT_PROOF_OF_PRE_LISTING_OR_RETENTION
ADANIGREEN,daily,1990-01-01,1999-12-31,EMPTY_RESPONSE_NOT_PROOF_OF_PRE_LISTING_OR_RETENTION
ADANIGREEN,daily,2000-01-01,2009-12-31,EMPTY_RESPONSE_NOT_PROOF_OF_PRE_LISTING_OR_RETENTION
ADANIPORTS,daily,1990-01-01,1999-12-31,EMPTY_RESPONSE_NOT_PROOF_OF_PRE_LISTING_OR_RETENTION
ADANIPOWER,daily,1990-01-01,1999-12-31,EMPTY_RESPONSE_NOT_PROOF_OF_PRE_LISTING_OR_RETENTION
ATGL,daily,1990-01-01,1999-12-31,EMPTY_RESPONSE_NOT_PROOF_OF_PRE_LISTING_OR_RETENTION
ATGL,daily,2000-01-01,2009-12-31,EMPTY_RESPONSE_NOT_PROOF_OF_PRE_LISTING_OR_RETENTION
ABCAPITAL,daily,1990-01-01,1999-12-31,EMPTY_RESPONSE_NOT_PROOF_OF_PRE_LISTING_OR_RETENTION
ABCAPITAL,daily,2000-01-01,2009-12-31,EMPTY_RESPONSE_NOT_PROOF_OF_PRE_LISTING_OR_RETENTION
AMBUJACEM,daily,1990-01-01,1999-12-31,EMPTY_RESPONSE_NOT_PROOF_OF_PRE_LISTING_OR_RETENTION
APARINDS,daily,1990-01-01,1999-12-31,EMPTY_RESPONSE_NOT_PROOF_OF_PRE_LISTING_OR_RETENTION
APOLLOHOSP,daily,1990-01-01,1999-12-31,EMPTY_RESPONSE_NOT_PROOF_OF_PRE_LISTING_OR_RETENTION
ASHOKLEY,daily,1990-01-01,1999-12-31,EMPTY_RESPONSE_NOT_PROOF_OF_PRE_LISTING_OR_RETENTION
ASIANPAINT,daily,1990-01-01,1999-12-31,EMPTY_RESPONSE_NOT_PROOF_OF_PRE_LISTING_OR_RETENTION
ASTRAL,daily,1990-01-01,1999-12-31,EMPTY_RESPONSE_NOT_PROOF_OF_PRE_LISTING_OR_RETENTION
AUROPHARMA,daily,1990-01-01,1999-12-31,EMPTY_RESPONSE_NOT_PROOF_OF_PRE_LISTING_OR_RETENTION
DMART,daily,1990-01-01,1999-12-31,EMPTY_RESPONSE_NOT_PROOF_OF_PRE_LISTING_OR_RETENTION
DMART,daily,2000-01-01,2009-12-31,EMPTY_RESPONSE_NOT_PROOF_OF_PRE_LISTING_OR_RETENTION
AXISBANK,daily,1990-01-01,1999-12-31,EMPTY_RESPONSE_NOT_PROOF_OF_PRE_LISTING_OR_RETENTION
BSE,daily,1990-01-01,1999-12-31,EMPTY_RESPONSE_NOT_PROOF_OF_PRE_LISTING_OR_RETENTION
BSE,daily,2000-01-01,2009-12-31,EMPTY_RESPONSE_NOT_PROOF_OF_PRE_LISTING_OR_RETENTION
BAJAJ-AUTO,daily,1990-01-01,1999-12-31,EMPTY_RESPONSE_NOT_PROOF_OF_PRE_LISTING_OR_RETENTION
BAJFINANCE,daily,1990-01-01,1999-12-31,EMPTY_RESPONSE_NOT_PROOF_OF_PRE_LISTING_OR_RETENTION
BAJAJFINSV,daily,1990-01-01,1999-12-31,EMPTY_RESPONSE_NOT_PROOF_OF_PRE_LISTING_OR_RETENTION
BAJAJHLDNG,daily,1990-01-01,1999-12-31,EMPTY_RESPONSE_NOT_PROOF_OF_PRE_LISTING_OR_RETENTION
BANKBARODA,daily,1990-01-01,1999-12-31,EMPTY_RESPONSE_NOT_PROOF_OF_PRE_LISTING_OR_RETENTION
BANKINDIA,daily,1990-01-01,1999-12-31,EMPTY_RESPONSE_NOT_PROOF_OF_PRE_LISTING_OR_RETENTION
MAHABANK,daily,1990-01-01,1999-12-31,EMPTY_RESPONSE_NOT_PROOF_OF_PRE_LISTING_OR_RETENTION
BDL,daily,1990-01-01,1999-12-31,EMPTY_RESPONSE_NOT_PROOF_OF_PRE_LISTING_OR_RETENTION
BDL,daily,2000-01-01,2009-12-31,EMPTY_RESPONSE_NOT_PROOF_OF_PRE_LISTING_OR_RETENTION
BEL,daily,1990-01-01,1999-12-31,EMPTY_RESPONSE_NOT_PROOF_OF_PRE_LISTING_OR_RETENTION
BHARATFORG,daily,1990-01-01,1999-12-31,EMPTY_RESPONSE_NOT_PROOF_OF_PRE_LISTING_OR_RETENTION
BHEL,daily,1990-01-01,1999-12-31,EMPTY_RESPONSE_NOT_PROOF_OF_PRE_LISTING_OR_RETENTION
BPCL,daily,1990-01-01,1999-12-31,EMPTY_RESPONSE_NOT_PROOF_OF_PRE_LISTING_OR_RETENTION
BHARTIARTL,daily,1990-01-01,1999-12-31,EMPTY_RESPONSE_NOT_PROOF_OF_PRE_LISTING_OR_RETENTION
GROWW,daily,1990-01-01,1999-12-31,EMPTY_RESPONSE_NOT_PROOF_OF_PRE_LISTING_OR_RETENTION
GROWW,daily,2000-01-01,2009-12-31,EMPTY_RESPONSE_NOT_PROOF_OF_PRE_LISTING_OR_RETENTION
GROWW,daily,2010-01-01,2019-12-31,EMPTY_RESPONSE_NOT_PROOF_OF_PRE_LISTING_OR_RETENTION
BIOCON,daily,1990-01-01,1999-12-31,EMPTY_RESPONSE_NOT_PROOF_OF_PRE_LISTING_OR_RETENTION
BLUESTARCO,daily,1990-01-01,1999-12-31,EMPTY_RESPONSE_NOT_PROOF_OF_PRE_LISTING_OR_RETENTION
BOSCHLTD,daily,1990-01-01,1999-12-31,EMPTY_RESPONSE_NOT_PROOF_OF_PRE_LISTING_OR_RETENTION
BRITANNIA,daily,1990-01-01,1999-12-31,EMPTY_RESPONSE_NOT_PROOF_OF_PRE_LISTING_OR_RETENTION
CGPOWER,daily,1990-01-01,1999-12-31,EMPTY_RESPONSE_NOT_PROOF_OF_PRE_LISTING_OR_RETENTION
CANBK,daily,1990-01-01,1999-12-31,EMPTY_RESPONSE_NOT_PROOF_OF_PRE_LISTING_OR_RETENTION
CHOLAFIN,daily,1990-01-01,1999-12-31,EMPTY_RESPONSE_NOT_PROOF_OF_PRE_LISTING_OR_RETENTION
CIPLA,daily,1990-01-01,1999-12-31,EMPTY_RESPONSE_NOT_PROOF_OF_PRE_LISTING_OR_RETENTION
COALINDIA,daily,1990-01-01,1999-12-31,EMPTY_RESPONSE_NOT_PROOF_OF_PRE_LISTING_OR_RETENTION
COALINDIA,daily,2000-01-01,2009-12-31,EMPTY_RESPONSE_NOT_PROOF_OF_PRE_LISTING_OR_RETENTION
COCHINSHIP,daily,1990-01-01,1999-12-31,EMPTY_RESPONSE_NOT_PROOF_OF_PRE_LISTING_OR_RETENTION
COCHINSHIP,daily,2000-01-01,2009-12-31,EMPTY_RESPONSE_NOT_PROOF_OF_PRE_LISTING_OR_RETENTION
COFORGE,daily,1990-01-01,1999-12-31,EMPTY_RESPONSE_NOT_PROOF_OF_PRE_LISTING_OR_RETENTION
COLPAL,daily,1990-01-01,1999-12-31,EMPTY_RESPONSE_NOT_PROOF_OF_PRE_LISTING_OR_RETENTION
CONCOR,daily,1990-01-01,1999-12-31,EMPTY_RESPONSE_NOT_PROOF_OF_PRE_LISTING_OR_RETENTION
CUMMINSIND,daily,1990-01-01,1999-12-31,EMPTY_RESPONSE_NOT_PROOF_OF_PRE_LISTING_OR_RETENTION
DLF,daily,1990-01-01,1999-12-31,EMPTY_RESPONSE_NOT_PROOF_OF_PRE_LISTING_OR_RETENTION
DABUR,daily,1990-01-01,1999-12-31,EMPTY_RESPONSE_NOT_PROOF_OF_PRE_LISTING_OR_RETENTION
DIVISLAB,daily,1990-01-01,1999-12-31,EMPTY_RESPONSE_NOT_PROOF_OF_PRE_LISTING_OR_RETENTION
DIXON,daily,1990-01-01,1999-12-31,EMPTY_RESPONSE_NOT_PROOF_OF_PRE_LISTING_OR_RETENTION
DIXON,daily,2000-01-01,2009-12-31,EMPTY_RESPONSE_NOT_PROOF_OF_PRE_LISTING_OR_RETENTION
DRREDDY,daily,1990-01-01,1999-12-31,EMPTY_RESPONSE_NOT_PROOF_OF_PRE_LISTING_OR_RETENTION
DRREDDY,daily,2000-01-01,2009-12-31,EMPTY_RESPONSE_NOT_PROOF_OF_PRE_LISTING_OR_RETENTION
EICHERMOT,daily,1990-01-01,1999-12-31,EMPTY_RESPONSE_NOT_PROOF_OF_PRE_LISTING_OR_RETENTION
ETERNAL,daily,1990-01-01,1999-12-31,EMPTY_RESPONSE_NOT_PROOF_OF_PRE_LISTING_OR_RETENTION
ETERNAL,daily,2000-01-01,2009-12-31,EMPTY_RESPONSE_NOT_PROOF_OF_PRE_LISTING_OR_RETENTION
ETERNAL,daily,2010-01-01,2019-12-31,EMPTY_RESPONSE_NOT_PROOF_OF_PRE_LISTING_OR_RETENTION
EXIDEIND,daily,1990-01-01,1999-12-31,EMPTY_RESPONSE_NOT_PROOF_OF_PRE_LISTING_OR_RETENTION
NYKAA,daily,1990-01-01,1999-12-31,EMPTY_RESPONSE_NOT_PROOF_OF_PRE_LISTING_OR_RETENTION
NYKAA,daily,2000-01-01,2009-12-31,EMPTY_RESPONSE_NOT_PROOF_OF_PRE_LISTING_OR_RETENTION
NYKAA,daily,2010-01-01,2019-12-31,EMPTY_RESPONSE_NOT_PROOF_OF_PRE_LISTING_OR_RETENTION
FEDERALBNK,daily,1990-01-01,1999-12-31,EMPTY_RESPONSE_NOT_PROOF_OF_PRE_LISTING_OR_RETENTION
FORTIS,daily,1990-01-01,1999-12-31,EMPTY_RESPONSE_NOT_PROOF_OF_PRE_LISTING_OR_RETENTION
GAIL,daily,1990-01-01,1999-12-31,EMPTY_RESPONSE_NOT_PROOF_OF_PRE_LISTING_OR_RETENTION
GVT&D,daily,1990-01-01,1999-12-31,EMPTY_RESPONSE_NOT_PROOF_OF_PRE_LISTING_OR_RETENTION
GMRAIRPORT,daily,1990-01-01,1999-12-31,EMPTY_RESPONSE_NOT_PROOF_OF_PRE_LISTING_OR_RETENTION
GLENMARK,daily,1990-01-01,1999-12-31,EMPTY_RESPONSE_NOT_PROOF_OF_PRE_LISTING_OR_RETENTION
GODFRYPHLP,daily,1990-01-01,1999-12-31,EMPTY_RESPONSE_NOT_PROOF_OF_PRE_LISTING_OR_RETENTION
GODREJCP,daily,1990-01-01,1999-12-31,EMPTY_RESPONSE_NOT_PROOF_OF_PRE_LISTING_OR_RETENTION
GODREJPROP,daily,1990-01-01,1999-12-31,EMPTY_RESPONSE_NOT_PROOF_OF_PRE_LISTING_OR_RETENTION
GODREJPROP,daily,2000-01-01,2009-12-31,EMPTY_RESPONSE_NOT_PROOF_OF_PRE_LISTING_OR_RETENTION
GRASIM,daily,1990-01-01,1999-12-31,EMPTY_RESPONSE_NOT_PROOF_OF_PRE_LISTING_OR_RETENTION
HCLTECH,daily,1990-01-01,1999-12-31,EMPTY_RESPONSE_NOT_PROOF_OF_PRE_LISTING_OR_RETENTION
HDFCAMC,daily,1990-01-01,1999-12-31,EMPTY_RESPONSE_NOT_PROOF_OF_PRE_LISTING_OR_RETENTION
HDFCAMC,daily,2000-01-01,2009-12-31,EMPTY_RESPONSE_NOT_PROOF_OF_PRE_LISTING_OR_RETENTION
HDFCBANK,daily,1990-01-01,1999-12-31,EMPTY_RESPONSE_NOT_PROOF_OF_PRE_LISTING_OR_RETENTION
HDFCLIFE,daily,1990-01-01,1999-12-31,EMPTY_RESPONSE_NOT_PROOF_OF_PRE_LISTING_OR_RETENTION
HDFCLIFE,daily,2000-01-01,2009-12-31,EMPTY_RESPONSE_NOT_PROOF_OF_PRE_LISTING_OR_RETENTION
HAVELLS,daily,1990-01-01,1999-12-31,EMPTY_RESPONSE_NOT_PROOF_OF_PRE_LISTING_OR_RETENTION
HEROMOTOCO,daily,1990-01-01,1999-12-31,EMPTY_RESPONSE_NOT_PROOF_OF_PRE_LISTING_OR_RETENTION
HINDALCO,daily,1990-01-01,1999-12-31,EMPTY_RESPONSE_NOT_PROOF_OF_PRE_LISTING_OR_RETENTION
HAL,daily,1990-01-01,1999-12-31,EMPTY_RESPONSE_NOT_PROOF_OF_PRE_LISTING_OR_RETENTION
HAL,daily,2000-01-01,2009-12-31,EMPTY_RESPONSE_NOT_PROOF_OF_PRE_LISTING_OR_RETENTION
HINDCOPPER,daily,1990-01-01,1999-12-31,EMPTY_RESPONSE_NOT_PROOF_OF_PRE_LISTING_OR_RETENTION
HINDCOPPER,daily,2000-01-01,2009-12-31,EMPTY_RESPONSE_NOT_PROOF_OF_PRE_LISTING_OR_RETENTION
HINDPETRO,daily,1990-01-01,1999-12-31,EMPTY_RESPONSE_NOT_PROOF_OF_PRE_LISTING_OR_RETENTION
HINDUNILVR,daily,1990-01-01,1999-12-31,EMPTY_RESPONSE_NOT_PROOF_OF_PRE_LISTING_OR_RETENTION
HINDZINC,daily,1990-01-01,1999-12-31,EMPTY_RESPONSE_NOT_PROOF_OF_PRE_LISTING_OR_RETENTION
POWERINDIA,daily,1990-01-01,1999-12-31,EMPTY_RESPONSE_NOT_PROOF_OF_PRE_LISTING_OR_RETENTION
POWERINDIA,daily,2000-01-01,2009-12-31,EMPTY_RESPONSE_NOT_PROOF_OF_PRE_LISTING_OR_RETENTION
POWERINDIA,daily,2010-01-01,2019-12-31,EMPTY_RESPONSE_NOT_PROOF_OF_PRE_LISTING_OR_RETENTION
HYUNDAI,daily,1990-01-01,1999-12-31,EMPTY_RESPONSE_NOT_PROOF_OF_PRE_LISTING_OR_RETENTION
HYUNDAI,daily,2000-01-01,2009-12-31,EMPTY_RESPONSE_NOT_PROOF_OF_PRE_LISTING_OR_RETENTION
HYUNDAI,daily,2010-01-01,2019-12-31,EMPTY_RESPONSE_NOT_PROOF_OF_PRE_LISTING_OR_RETENTION
ICICIBANK,daily,1990-01-01,1999-12-31,EMPTY_RESPONSE_NOT_PROOF_OF_PRE_LISTING_OR_RETENTION
ICICIGI,daily,1990-01-01,1999-12-31,EMPTY_RESPONSE_NOT_PROOF_OF_PRE_LISTING_OR_RETENTION
ICICIGI,daily,2000-01-01,2009-12-31,EMPTY_RESPONSE_NOT_PROOF_OF_PRE_LISTING_OR_RETENTION
ICICIAMC,daily,1990-01-01,1999-12-31,EMPTY_RESPONSE_NOT_PROOF_OF_PRE_LISTING_OR_RETENTION
ICICIAMC,daily,2000-01-01,2009-12-31,EMPTY_RESPONSE_NOT_PROOF_OF_PRE_LISTING_OR_RETENTION
ICICIAMC,daily,2010-01-01,2019-12-31,EMPTY_RESPONSE_NOT_PROOF_OF_PRE_LISTING_OR_RETENTION
IDFCFIRSTB,daily,1990-01-01,1999-12-31,EMPTY_RESPONSE_NOT_PROOF_OF_PRE_LISTING_OR_RETENTION
IDFCFIRSTB,daily,2000-01-01,2009-12-31,EMPTY_RESPONSE_NOT_PROOF_OF_PRE_LISTING_OR_RETENTION
ITC,daily,1990-01-01,1999-12-31,EMPTY_RESPONSE_NOT_PROOF_OF_PRE_LISTING_OR_RETENTION
INDIANB,daily,1990-01-01,1999-12-31,EMPTY_RESPONSE_NOT_PROOF_OF_PRE_LISTING_OR_RETENTION
INDHOTEL,daily,1990-01-01,1999-12-31,EMPTY_RESPONSE_NOT_PROOF_OF_PRE_LISTING_OR_RETENTION
IOC,daily,1990-01-01,1999-12-31,EMPTY_RESPONSE_NOT_PROOF_OF_PRE_LISTING_OR_RETENTION
IRCTC,daily,1990-01-01,1999-12-31,EMPTY_RESPONSE_NOT_PROOF_OF_PRE_LISTING_OR_RETENTION
IRCTC,daily,2000-01-01,2009-12-31,EMPTY_RESPONSE_NOT_PROOF_OF_PRE_LISTING_OR_RETENTION
IRFC,daily,1990-01-01,1999-12-31,EMPTY_RESPONSE_NOT_PROOF_OF_PRE_LISTING_OR_RETENTION
IRFC,daily,2000-01-01,2009-12-31,EMPTY_RESPONSE_NOT_PROOF_OF_PRE_LISTING_OR_RETENTION
IRFC,daily,2010-01-01,2019-12-31,EMPTY_RESPONSE_NOT_PROOF_OF_PRE_LISTING_OR_RETENTION
IREDA,daily,1990-01-01,1999-12-31,EMPTY_RESPONSE_NOT_PROOF_OF_PRE_LISTING_OR_RETENTION
IREDA,daily,2000-01-01,2009-12-31,EMPTY_RESPONSE_NOT_PROOF_OF_PRE_LISTING_OR_RETENTION
IREDA,daily,2010-01-01,2019-12-31,EMPTY_RESPONSE_NOT_PROOF_OF_PRE_LISTING_OR_RETENTION
INDUSTOWER,daily,1990-01-01,1999-12-31,EMPTY_RESPONSE_NOT_PROOF_OF_PRE_LISTING_OR_RETENTION
INDUSTOWER,daily,2000-01-01,2009-12-31,EMPTY_RESPONSE_NOT_PROOF_OF_PRE_LISTING_OR_RETENTION
INDUSINDBK,daily,1990-01-01,1999-12-31,EMPTY_RESPONSE_NOT_PROOF_OF_PRE_LISTING_OR_RETENTION
NAUKRI,daily,1990-01-01,1999-12-31,EMPTY_RESPONSE_NOT_PROOF_OF_PRE_LISTING_OR_RETENTION
INFY,daily,1990-01-01,1999-12-31,EMPTY_RESPONSE_NOT_PROOF_OF_PRE_LISTING_OR_RETENTION
INDIGO,daily,1990-01-01,1999-12-31,EMPTY_RESPONSE_NOT_PROOF_OF_PRE_LISTING_OR_RETENTION
INDIGO,daily,2000-01-01,2009-12-31,EMPTY_RESPONSE_NOT_PROOF_OF_PRE_LISTING_OR_RETENTION
JSWENERGY,daily,1990-01-01,1999-12-31,EMPTY_RESPONSE_NOT_PROOF_OF_PRE_LISTING_OR_RETENTION
JSWENERGY,daily,2000-01-01,2009-12-31,EMPTY_RESPONSE_NOT_PROOF_OF_PRE_LISTING_OR_RETENTION
JSWSTEEL,daily,1990-01-01,1999-12-31,EMPTY_RESPONSE_NOT_PROOF_OF_PRE_LISTING_OR_RETENTION
JINDALSTEL,daily,1990-01-01,1999-12-31,EMPTY_RESPONSE_NOT_PROOF_OF_PRE_LISTING_OR_RETENTION
JIOFIN,daily,1990-01-01,1999-12-31,EMPTY_RESPONSE_NOT_PROOF_OF_PRE_LISTING_OR_RETENTION
JIOFIN,daily,2000-01-01,2009-12-31,EMPTY_RESPONSE_NOT_PROOF_OF_PRE_LISTING_OR_RETENTION
JIOFIN,daily,2010-01-01,2019-12-31,EMPTY_RESPONSE_NOT_PROOF_OF_PRE_LISTING_OR_RETENTION
JUBLFOOD,daily,1990-01-01,1999-12-31,EMPTY_RESPONSE_NOT_PROOF_OF_PRE_LISTING_OR_RETENTION
JUBLFOOD,daily,2000-01-01,2009-12-31,EMPTY_RESPONSE_NOT_PROOF_OF_PRE_LISTING_OR_RETENTION
KEI,daily,1990-01-01,1999-12-31,EMPTY_RESPONSE_NOT_PROOF_OF_PRE_LISTING_OR_RETENTION
KALYANKJIL,daily,1990-01-01,1999-12-31,EMPTY_RESPONSE_NOT_PROOF_OF_PRE_LISTING_OR_RETENTION
KALYANKJIL,daily,2000-01-01,2009-12-31,EMPTY_RESPONSE_NOT_PROOF_OF_PRE_LISTING_OR_RETENTION
KALYANKJIL,daily,2010-01-01,2019-12-31,EMPTY_RESPONSE_NOT_PROOF_OF_PRE_LISTING_OR_RETENTION
KOTAKBANK,daily,1990-01-01,1999-12-31,EMPTY_RESPONSE_NOT_PROOF_OF_PRE_LISTING_OR_RETENTION
LTF,daily,1990-01-01,1999-12-31,EMPTY_RESPONSE_NOT_PROOF_OF_PRE_LISTING_OR_RETENTION
LTF,daily,2000-01-01,2009-12-31,EMPTY_RESPONSE_NOT_PROOF_OF_PRE_LISTING_OR_RETENTION
LGEINDIA,daily,1990-01-01,1999-12-31,EMPTY_RESPONSE_NOT_PROOF_OF_PRE_LISTING_OR_RETENTION
LGEINDIA,daily,2000-01-01,2009-12-31,EMPTY_RESPONSE_NOT_PROOF_OF_PRE_LISTING_OR_RETENTION
LGEINDIA,daily,2010-01-01,2019-12-31,EMPTY_RESPONSE_NOT_PROOF_OF_PRE_LISTING_OR_RETENTION
LICHSGFIN,daily,1990-01-01,1999-12-31,EMPTY_RESPONSE_NOT_PROOF_OF_PRE_LISTING_OR_RETENTION
LTM,daily,1990-01-01,1999-12-31,EMPTY_RESPONSE_NOT_PROOF_OF_PRE_LISTING_OR_RETENTION
LTM,daily,2000-01-01,2009-12-31,EMPTY_RESPONSE_NOT_PROOF_OF_PRE_LISTING_OR_RETENTION
LT,daily,1990-01-01,1999-12-31,EMPTY_RESPONSE_NOT_PROOF_OF_PRE_LISTING_OR_RETENTION
LAURUSLABS,daily,1990-01-01,1999-12-31,EMPTY_RESPONSE_NOT_PROOF_OF_PRE_LISTING_OR_RETENTION
LAURUSLABS,daily,2000-01-01,2009-12-31,EMPTY_RESPONSE_NOT_PROOF_OF_PRE_LISTING_OR_RETENTION
LENSKART,daily,1990-01-01,1999-12-31,EMPTY_RESPONSE_NOT_PROOF_OF_PRE_LISTING_OR_RETENTION
LENSKART,daily,2000-01-01,2009-12-31,EMPTY_RESPONSE_NOT_PROOF_OF_PRE_LISTING_OR_RETENTION
LENSKART,daily,2010-01-01,2019-12-31,EMPTY_RESPONSE_NOT_PROOF_OF_PRE_LISTING_OR_RETENTION
LICI,daily,1990-01-01,1999-12-31,EMPTY_RESPONSE_NOT_PROOF_OF_PRE_LISTING_OR_RETENTION
LICI,daily,2000-01-01,2009-12-31,EMPTY_RESPONSE_NOT_PROOF_OF_PRE_LISTING_OR_RETENTION
LICI,daily,2010-01-01,2019-12-31,EMPTY_RESPONSE_NOT_PROOF_OF_PRE_LISTING_OR_RETENTION
LODHA,daily,1990-01-01,1999-12-31,EMPTY_RESPONSE_NOT_PROOF_OF_PRE_LISTING_OR_RETENTION
LODHA,daily,2000-01-01,2009-12-31,EMPTY_RESPONSE_NOT_PROOF_OF_PRE_LISTING_OR_RETENTION
LODHA,daily,2010-01-01,2019-12-31,EMPTY_RESPONSE_NOT_PROOF_OF_PRE_LISTING_OR_RETENTION
LUPIN,daily,1990-01-01,1999-12-31,EMPTY_RESPONSE_NOT_PROOF_OF_PRE_LISTING_OR_RETENTION
MRF,daily,1990-01-01,1999-12-31,EMPTY_RESPONSE_NOT_PROOF_OF_PRE_LISTING_OR_RETENTION
M&MFIN,daily,1990-01-01,1999-12-31,EMPTY_RESPONSE_NOT_PROOF_OF_PRE_LISTING_OR_RETENTION
M&M,daily,1990-01-01,1999-12-31,EMPTY_RESPONSE_NOT_PROOF_OF_PRE_LISTING_OR_RETENTION
MANKIND,daily,1990-01-01,1999-12-31,EMPTY_RESPONSE_NOT_PROOF_OF_PRE_LISTING_OR_RETENTION
MANKIND,daily,2000-01-01,2009-12-31,EMPTY_RESPONSE_NOT_PROOF_OF_PRE_LISTING_OR_RETENTION
MANKIND,daily,2010-01-01,2019-12-31,EMPTY_RESPONSE_NOT_PROOF_OF_PRE_LISTING_OR_RETENTION
MARICO,daily,1990-01-01,1999-12-31,EMPTY_RESPONSE_NOT_PROOF_OF_PRE_LISTING_OR_RETENTION
MARUTI,daily,1990-01-01,1999-12-31,EMPTY_RESPONSE_NOT_PROOF_OF_PRE_LISTING_OR_RETENTION
MFSL,daily,1990-01-01,1999-12-31,EMPTY_RESPONSE_NOT_PROOF_OF_PRE_LISTING_OR_RETENTION
MAXHEALTH,daily,1990-01-01,1999-12-31,EMPTY_RESPONSE_NOT_PROOF_OF_PRE_LISTING_OR_RETENTION
MAXHEALTH,daily,2000-01-01,2009-12-31,EMPTY_RESPONSE_NOT_PROOF_OF_PRE_LISTING_OR_RETENTION
MAXHEALTH,daily,2010-01-01,2019-12-31,EMPTY_RESPONSE_NOT_PROOF_OF_PRE_LISTING_OR_RETENTION
MAZDOCK,daily,1990-01-01,1999-12-31,EMPTY_RESPONSE_NOT_PROOF_OF_PRE_LISTING_OR_RETENTION
MAZDOCK,daily,2000-01-01,2009-12-31,EMPTY_RESPONSE_NOT_PROOF_OF_PRE_LISTING_OR_RETENTION
MEESHO,daily,1990-01-01,1999-12-31,EMPTY_RESPONSE_NOT_PROOF_OF_PRE_LISTING_OR_RETENTION
MEESHO,daily,2000-01-01,2009-12-31,EMPTY_RESPONSE_NOT_PROOF_OF_PRE_LISTING_OR_RETENTION
MEESHO,daily,2010-01-01,2019-12-31,EMPTY_RESPONSE_NOT_PROOF_OF_PRE_LISTING_OR_RETENTION
MOTILALOFS,daily,1990-01-01,1999-12-31,EMPTY_RESPONSE_NOT_PROOF_OF_PRE_LISTING_OR_RETENTION
MPHASIS,daily,1990-01-01,1999-12-31,EMPTY_RESPONSE_NOT_PROOF_OF_PRE_LISTING_OR_RETENTION
MCX,daily,1990-01-01,1999-12-31,EMPTY_RESPONSE_NOT_PROOF_OF_PRE_LISTING_OR_RETENTION
MCX,daily,2000-01-01,2009-12-31,EMPTY_RESPONSE_NOT_PROOF_OF_PRE_LISTING_OR_RETENTION
MUTHOOTFIN,daily,1990-01-01,1999-12-31,EMPTY_RESPONSE_NOT_PROOF_OF_PRE_LISTING_OR_RETENTION
MUTHOOTFIN,daily,2000-01-01,2009-12-31,EMPTY_RESPONSE_NOT_PROOF_OF_PRE_LISTING_OR_RETENTION
NHPC,daily,1990-01-01,1999-12-31,EMPTY_RESPONSE_NOT_PROOF_OF_PRE_LISTING_OR_RETENTION
NLCINDIA,daily,1990-01-01,1999-12-31,EMPTY_RESPONSE_NOT_PROOF_OF_PRE_LISTING_OR_RETENTION
NMDC,daily,1990-01-01,1999-12-31,EMPTY_RESPONSE_NOT_PROOF_OF_PRE_LISTING_OR_RETENTION
NTPC,daily,1990-01-01,1999-12-31,EMPTY_RESPONSE_NOT_PROOF_OF_PRE_LISTING_OR_RETENTION
NATIONALUM,daily,1990-01-01,1999-12-31,EMPTY_RESPONSE_NOT_PROOF_OF_PRE_LISTING_OR_RETENTION
NESTLEIND,daily,1990-01-01,1999-12-31,EMPTY_RESPONSE_NOT_PROOF_OF_PRE_LISTING_OR_RETENTION
NESTLEIND,daily,2000-01-01,2009-12-31,EMPTY_RESPONSE_NOT_PROOF_OF_PRE_LISTING_OR_RETENTION
OBEROIRLTY,daily,1990-01-01,1999-12-31,EMPTY_RESPONSE_NOT_PROOF_OF_PRE_LISTING_OR_RETENTION
OBEROIRLTY,daily,2000-01-01,2009-12-31,EMPTY_RESPONSE_NOT_PROOF_OF_PRE_LISTING_OR_RETENTION
ONGC,daily,1990-01-01,1999-12-31,EMPTY_RESPONSE_NOT_PROOF_OF_PRE_LISTING_OR_RETENTION
OIL,daily,1990-01-01,1999-12-31,EMPTY_RESPONSE_NOT_PROOF_OF_PRE_LISTING_OR_RETENTION
PAYTM,daily,1990-01-01,1999-12-31,EMPTY_RESPONSE_NOT_PROOF_OF_PRE_LISTING_OR_RETENTION
PAYTM,daily,2000-01-01,2009-12-31,EMPTY_RESPONSE_NOT_PROOF_OF_PRE_LISTING_OR_RETENTION
PAYTM,daily,2010-01-01,2019-12-31,EMPTY_RESPONSE_NOT_PROOF_OF_PRE_LISTING_OR_RETENTION
OFSS,daily,1990-01-01,1999-12-31,EMPTY_RESPONSE_NOT_PROOF_OF_PRE_LISTING_OR_RETENTION
POLICYBZR,daily,1990-01-01,1999-12-31,EMPTY_RESPONSE_NOT_PROOF_OF_PRE_LISTING_OR_RETENTION
POLICYBZR,daily,2000-01-01,2009-12-31,EMPTY_RESPONSE_NOT_PROOF_OF_PRE_LISTING_OR_RETENTION
POLICYBZR,daily,2010-01-01,2019-12-31,EMPTY_RESPONSE_NOT_PROOF_OF_PRE_LISTING_OR_RETENTION
PIIND,daily,1990-01-01,1999-12-31,EMPTY_RESPONSE_NOT_PROOF_OF_PRE_LISTING_OR_RETENTION
PIIND,daily,2000-01-01,2009-12-31,EMPTY_RESPONSE_NOT_PROOF_OF_PRE_LISTING_OR_RETENTION
PAGEIND,daily,1990-01-01,1999-12-31,EMPTY_RESPONSE_NOT_PROOF_OF_PRE_LISTING_OR_RETENTION
PATANJALI,daily,1990-01-01,1999-12-31,EMPTY_RESPONSE_NOT_PROOF_OF_PRE_LISTING_OR_RETENTION
PATANJALI,daily,2000-01-01,2009-12-31,EMPTY_RESPONSE_NOT_PROOF_OF_PRE_LISTING_OR_RETENTION
PATANJALI,daily,2010-01-01,2019-12-31,EMPTY_RESPONSE_NOT_PROOF_OF_PRE_LISTING_OR_RETENTION
PERSISTENT,daily,1990-01-01,1999-12-31,EMPTY_RESPONSE_NOT_PROOF_OF_PRE_LISTING_OR_RETENTION
PERSISTENT,daily,2000-01-01,2009-12-31,EMPTY_RESPONSE_NOT_PROOF_OF_PRE_LISTING_OR_RETENTION
PHOENIXLTD,daily,1990-01-01,1999-12-31,EMPTY_RESPONSE_NOT_PROOF_OF_PRE_LISTING_OR_RETENTION
PIDILITIND,daily,1990-01-01,1999-12-31,EMPTY_RESPONSE_NOT_PROOF_OF_PRE_LISTING_OR_RETENTION
POLYCAB,daily,1990-01-01,1999-12-31,EMPTY_RESPONSE_NOT_PROOF_OF_PRE_LISTING_OR_RETENTION
POLYCAB,daily,2000-01-01,2009-12-31,EMPTY_RESPONSE_NOT_PROOF_OF_PRE_LISTING_OR_RETENTION
PFC,daily,1990-01-01,1999-12-31,EMPTY_RESPONSE_NOT_PROOF_OF_PRE_LISTING_OR_RETENTION
POWERGRID,daily,1990-01-01,1999-12-31,EMPTY_RESPONSE_NOT_PROOF_OF_PRE_LISTING_OR_RETENTION
PREMIERENE,daily,1990-01-01,1999-12-31,EMPTY_RESPONSE_NOT_PROOF_OF_PRE_LISTING_OR_RETENTION
PREMIERENE,daily,2000-01-01,2009-12-31,EMPTY_RESPONSE_NOT_PROOF_OF_PRE_LISTING_OR_RETENTION
PREMIERENE,daily,2010-01-01,2019-12-31,EMPTY_RESPONSE_NOT_PROOF_OF_PRE_LISTING_OR_RETENTION
PRESTIGE,daily,1990-01-01,1999-12-31,EMPTY_RESPONSE_NOT_PROOF_OF_PRE_LISTING_OR_RETENTION
PRESTIGE,daily,2000-01-01,2009-12-31,EMPTY_RESPONSE_NOT_PROOF_OF_PRE_LISTING_OR_RETENTION
PNB,daily,1990-01-01,1999-12-31,EMPTY_RESPONSE_NOT_PROOF_OF_PRE_LISTING_OR_RETENTION
RECLTD,daily,1990-01-01,1999-12-31,EMPTY_RESPONSE_NOT_PROOF_OF_PRE_LISTING_OR_RETENTION
RADICO,daily,1990-01-01,1999-12-31,EMPTY_RESPONSE_NOT_PROOF_OF_PRE_LISTING_OR_RETENTION
RVNL,daily,1990-01-01,1999-12-31,EMPTY_RESPONSE_NOT_PROOF_OF_PRE_LISTING_OR_RETENTION
RVNL,daily,2000-01-01,2009-12-31,EMPTY_RESPONSE_NOT_PROOF_OF_PRE_LISTING_OR_RETENTION
RELIANCE,daily,1990-01-01,1999-12-31,EMPTY_RESPONSE_NOT_PROOF_OF_PRE_LISTING_OR_RETENTION
SBICARD,daily,1990-01-01,1999-12-31,EMPTY_RESPONSE_NOT_PROOF_OF_PRE_LISTING_OR_RETENTION
SBICARD,daily,2000-01-01,2009-12-31,EMPTY_RESPONSE_NOT_PROOF_OF_PRE_LISTING_OR_RETENTION
SBILIFE,daily,1990-01-01,1999-12-31,EMPTY_RESPONSE_NOT_PROOF_OF_PRE_LISTING_OR_RETENTION
SBILIFE,daily,2000-01-01,2009-12-31,EMPTY_RESPONSE_NOT_PROOF_OF_PRE_LISTING_OR_RETENTION
SRF,daily,1990-01-01,1999-12-31,EMPTY_RESPONSE_NOT_PROOF_OF_PRE_LISTING_OR_RETENTION
MOTHERSON,daily,1990-01-01,1999-12-31,EMPTY_RESPONSE_NOT_PROOF_OF_PRE_LISTING_OR_RETENTION
SHRIRAMFIN,daily,1990-01-01,1999-12-31,EMPTY_RESPONSE_NOT_PROOF_OF_PRE_LISTING_OR_RETENTION
ENRIN,daily,1990-01-01,1999-12-31,EMPTY_RESPONSE_NOT_PROOF_OF_PRE_LISTING_OR_RETENTION
ENRIN,daily,2000-01-01,2009-12-31,EMPTY_RESPONSE_NOT_PROOF_OF_PRE_LISTING_OR_RETENTION
ENRIN,daily,2010-01-01,2019-12-31,EMPTY_RESPONSE_NOT_PROOF_OF_PRE_LISTING_OR_RETENTION
SIEMENS,daily,1990-01-01,1999-12-31,EMPTY_RESPONSE_NOT_PROOF_OF_PRE_LISTING_OR_RETENTION
SOLARINDS,daily,1990-01-01,1999-12-31,EMPTY_RESPONSE_NOT_PROOF_OF_PRE_LISTING_OR_RETENTION
SBIN,daily,1990-01-01,1999-12-31,EMPTY_RESPONSE_NOT_PROOF_OF_PRE_LISTING_OR_RETENTION
SAIL,daily,1990-01-01,1999-12-31,EMPTY_RESPONSE_NOT_PROOF_OF_PRE_LISTING_OR_RETENTION
SUNPHARMA,daily,1990-01-01,1999-12-31,EMPTY_RESPONSE_NOT_PROOF_OF_PRE_LISTING_OR_RETENTION
SUPREMEIND,daily,1990-01-01,1999-12-31,EMPTY_RESPONSE_NOT_PROOF_OF_PRE_LISTING_OR_RETENTION
SUZLON,daily,1990-01-01,1999-12-31,EMPTY_RESPONSE_NOT_PROOF_OF_PRE_LISTING_OR_RETENTION
SWIGGY,daily,1990-01-01,1999-12-31,EMPTY_RESPONSE_NOT_PROOF_OF_PRE_LISTING_OR_RETENTION
SWIGGY,daily,2000-01-01,2009-12-31,EMPTY_RESPONSE_NOT_PROOF_OF_PRE_LISTING_OR_RETENTION
SWIGGY,daily,2010-01-01,2019-12-31,EMPTY_RESPONSE_NOT_PROOF_OF_PRE_LISTING_OR_RETENTION
TVSMOTOR,daily,1990-01-01,1999-12-31,EMPTY_RESPONSE_NOT_PROOF_OF_PRE_LISTING_OR_RETENTION
TATACAP,daily,1990-01-01,1999-12-31,EMPTY_RESPONSE_NOT_PROOF_OF_PRE_LISTING_OR_RETENTION
TATACAP,daily,2000-01-01,2009-12-31,EMPTY_RESPONSE_NOT_PROOF_OF_PRE_LISTING_OR_RETENTION
TATACAP,daily,2010-01-01,2019-12-31,EMPTY_RESPONSE_NOT_PROOF_OF_PRE_LISTING_OR_RETENTION
TATACOMM,daily,1990-01-01,1999-12-31,EMPTY_RESPONSE_NOT_PROOF_OF_PRE_LISTING_OR_RETENTION
TCS,daily,1990-01-01,1999-12-31,EMPTY_RESPONSE_NOT_PROOF_OF_PRE_LISTING_OR_RETENTION
TATACONSUM,daily,1990-01-01,1999-12-31,EMPTY_RESPONSE_NOT_PROOF_OF_PRE_LISTING_OR_RETENTION
TMCV,daily,1990-01-01,1999-12-31,EMPTY_RESPONSE_NOT_PROOF_OF_PRE_LISTING_OR_RETENTION
TMCV,daily,2000-01-01,2009-12-31,EMPTY_RESPONSE_NOT_PROOF_OF_PRE_LISTING_OR_RETENTION
TMCV,daily,2010-01-01,2019-12-31,EMPTY_RESPONSE_NOT_PROOF_OF_PRE_LISTING_OR_RETENTION
TMPV,daily,1990-01-01,1999-12-31,EMPTY_RESPONSE_NOT_PROOF_OF_PRE_LISTING_OR_RETENTION
TATAPOWER,daily,1990-01-01,1999-12-31,EMPTY_RESPONSE_NOT_PROOF_OF_PRE_LISTING_OR_RETENTION
TATASTEEL,daily,1990-01-01,1999-12-31,EMPTY_RESPONSE_NOT_PROOF_OF_PRE_LISTING_OR_RETENTION
TECHM,daily,1990-01-01,1999-12-31,EMPTY_RESPONSE_NOT_PROOF_OF_PRE_LISTING_OR_RETENTION
TITAN,daily,1990-01-01,1999-12-31,EMPTY_RESPONSE_NOT_PROOF_OF_PRE_LISTING_OR_RETENTION
TORNTPHARM,daily,1990-01-01,1999-12-31,EMPTY_RESPONSE_NOT_PROOF_OF_PRE_LISTING_OR_RETENTION
TRENT,daily,1990-01-01,1999-12-31,EMPTY_RESPONSE_NOT_PROOF_OF_PRE_LISTING_OR_RETENTION
TIINDIA,daily,1990-01-01,1999-12-31,EMPTY_RESPONSE_NOT_PROOF_OF_PRE_LISTING_OR_RETENTION
TIINDIA,daily,2000-01-01,2009-12-31,EMPTY_RESPONSE_NOT_PROOF_OF_PRE_LISTING_OR_RETENTION
UPL,daily,1990-01-01,1999-12-31,EMPTY_RESPONSE_NOT_PROOF_OF_PRE_LISTING_OR_RETENTION
ULTRACEMCO,daily,1990-01-01,1999-12-31,EMPTY_RESPONSE_NOT_PROOF_OF_PRE_LISTING_OR_RETENTION
UNIONBANK,daily,1990-01-01,1999-12-31,EMPTY_RESPONSE_NOT_PROOF_OF_PRE_LISTING_OR_RETENTION
UNITDSPR,daily,1990-01-01,1999-12-31,EMPTY_RESPONSE_NOT_PROOF_OF_PRE_LISTING_OR_RETENTION
VBL,daily,1990-01-01,1999-12-31,EMPTY_RESPONSE_NOT_PROOF_OF_PRE_LISTING_OR_RETENTION
VBL,daily,2000-01-01,2009-12-31,EMPTY_RESPONSE_NOT_PROOF_OF_PRE_LISTING_OR_RETENTION
VAML,daily,1990-01-01,1999-12-31,EMPTY_RESPONSE_NOT_PROOF_OF_PRE_LISTING_OR_RETENTION
VAML,daily,2000-01-01,2009-12-31,EMPTY_RESPONSE_NOT_PROOF_OF_PRE_LISTING_OR_RETENTION
VAML,daily,2010-01-01,2019-12-31,EMPTY_RESPONSE_NOT_PROOF_OF_PRE_LISTING_OR_RETENTION
VEDL,daily,1990-01-01,1999-12-31,EMPTY_RESPONSE_NOT_PROOF_OF_PRE_LISTING_OR_RETENTION
VMM,daily,1990-01-01,1999-12-31,EMPTY_RESPONSE_NOT_PROOF_OF_PRE_LISTING_OR_RETENTION
VMM,daily,2000-01-01,2009-12-31,EMPTY_RESPONSE_NOT_PROOF_OF_PRE_LISTING_OR_RETENTION
VMM,daily,2010-01-01,2019-12-31,EMPTY_RESPONSE_NOT_PROOF_OF_PRE_LISTING_OR_RETENTION
IDEA,daily,1990-01-01,1999-12-31,EMPTY_RESPONSE_NOT_PROOF_OF_PRE_LISTING_OR_RETENTION
VOLTAS,daily,1990-01-01,1999-12-31,EMPTY_RESPONSE_NOT_PROOF_OF_PRE_LISTING_OR_RETENTION
WAAREEENER,daily,1990-01-01,1999-12-31,EMPTY_RESPONSE_NOT_PROOF_OF_PRE_LISTING_OR_RETENTION
WAAREEENER,daily,2000-01-01,2009-12-31,EMPTY_RESPONSE_NOT_PROOF_OF_PRE_LISTING_OR_RETENTION
WAAREEENER,daily,2010-01-01,2019-12-31,EMPTY_RESPONSE_NOT_PROOF_OF_PRE_LISTING_OR_RETENTION
WIPRO,daily,1990-01-01,1999-12-31,EMPTY_RESPONSE_NOT_PROOF_OF_PRE_LISTING_OR_RETENTION
YESBANK,daily,1990-01-01,1999-12-31,EMPTY_RESPONSE_NOT_PROOF_OF_PRE_LISTING_OR_RETENTION
ZYDUSLIFE,daily,1990-01-01,1999-12-31,EMPTY_RESPONSE_NOT_PROOF_OF_PRE_LISTING_OR_RETENTION
NIFTY_AUTO,daily,1990-01-01,1999-12-31,EMPTY_RESPONSE_NOT_PROOF_OF_PRE_LISTING_OR_RETENTION
NIFTY_INFRA,daily,1990-01-01,1999-12-31,EMPTY_RESPONSE_NOT_PROOF_OF_PRE_LISTING_OR_RETENTION
NIFTY_CHEMICALS,daily,1990-01-01,1999-12-31,EMPTY_RESPONSE_NOT_PROOF_OF_PRE_LISTING_OR_RETENTION
NIFTY_CHEMICALS,daily,2000-01-01,2009-12-31,EMPTY_RESPONSE_NOT_PROOF_OF_PRE_LISTING_OR_RETENTION
NIFTY_CHEMICALS,daily,2010-01-01,2019-12-31,EMPTY_RESPONSE_NOT_PROOF_OF_PRE_LISTING_OR_RETENTION
NIFTY_CONSUMPTION,daily,1990-01-01,1999-12-31,EMPTY_RESPONSE_NOT_PROOF_OF_PRE_LISTING_OR_RETENTION
NIFTY_FIN_SERVICE,daily,1990-01-01,1999-12-31,EMPTY_RESPONSE_NOT_PROOF_OF_PRE_LISTING_OR_RETENTION
NIFTY_HEALTHCARE,daily,1990-01-01,1999-12-31,EMPTY_RESPONSE_NOT_PROOF_OF_PRE_LISTING_OR_RETENTION
NIFTY_METAL,daily,1990-01-01,1999-12-31,EMPTY_RESPONSE_NOT_PROOF_OF_PRE_LISTING_OR_RETENTION
NIFTY_OIL_GAS,daily,1990-01-01,1999-12-31,EMPTY_RESPONSE_NOT_PROOF_OF_PRE_LISTING_OR_RETENTION
NIFTY_ENERGY,daily,1990-01-01,1999-12-31,EMPTY_RESPONSE_NOT_PROOF_OF_PRE_LISTING_OR_RETENTION
NIFTY_REALTY,daily,1990-01-01,1999-12-31,EMPTY_RESPONSE_NOT_PROOF_OF_PRE_LISTING_OR_RETENTION
GROWW,hourly,2022-01-01,2022-03-31,EMPTY_RESPONSE_NOT_PROOF_OF_PRE_LISTING_OR_RETENTION
GROWW,hourly,2022-04-01,2022-06-30,EMPTY_RESPONSE_NOT_PROOF_OF_PRE_LISTING_OR_RETENTION
GROWW,hourly,2022-07-01,2022-09-30,EMPTY_RESPONSE_NOT_PROOF_OF_PRE_LISTING_OR_RETENTION
GROWW,hourly,2022-10-01,2022-12-31,EMPTY_RESPONSE_NOT_PROOF_OF_PRE_LISTING_OR_RETENTION
GROWW,hourly,2023-01-01,2023-03-31,EMPTY_RESPONSE_NOT_PROOF_OF_PRE_LISTING_OR_RETENTION
GROWW,hourly,2023-04-01,2023-06-30,EMPTY_RESPONSE_NOT_PROOF_OF_PRE_LISTING_OR_RETENTION
GROWW,hourly,2023-07-01,2023-09-30,EMPTY_RESPONSE_NOT_PROOF_OF_PRE_LISTING_OR_RETENTION
GROWW,hourly,2023-10-01,2023-12-31,EMPTY_RESPONSE_NOT_PROOF_OF_PRE_LISTING_OR_RETENTION
GROWW,hourly,2024-01-01,2024-03-31,EMPTY_RESPONSE_NOT_PROOF_OF_PRE_LISTING_OR_RETENTION
GROWW,hourly,2024-04-01,2024-06-30,EMPTY_RESPONSE_NOT_PROOF_OF_PRE_LISTING_OR_RETENTION
GROWW,hourly,2024-07-01,2024-09-30,EMPTY_RESPONSE_NOT_PROOF_OF_PRE_LISTING_OR_RETENTION
GROWW,hourly,2024-10-01,2024-12-31,EMPTY_RESPONSE_NOT_PROOF_OF_PRE_LISTING_OR_RETENTION
GROWW,hourly,2025-01-01,2025-03-31,EMPTY_RESPONSE_NOT_PROOF_OF_PRE_LISTING_OR_RETENTION
GROWW,hourly,2025-04-01,2025-06-30,EMPTY_RESPONSE_NOT_PROOF_OF_PRE_LISTING_OR_RETENTION
GROWW,hourly,2025-07-01,2025-09-30,EMPTY_RESPONSE_NOT_PROOF_OF_PRE_LISTING_OR_RETENTION
HYUNDAI,hourly,2022-01-01,2022-03-31,EMPTY_RESPONSE_NOT_PROOF_OF_PRE_LISTING_OR_RETENTION
HYUNDAI,hourly,2022-04-01,2022-06-30,EMPTY_RESPONSE_NOT_PROOF_OF_PRE_LISTING_OR_RETENTION
HYUNDAI,hourly,2022-07-01,2022-09-30,EMPTY_RESPONSE_NOT_PROOF_OF_PRE_LISTING_OR_RETENTION
HYUNDAI,hourly,2022-10-01,2022-12-31,EMPTY_RESPONSE_NOT_PROOF_OF_PRE_LISTING_OR_RETENTION
HYUNDAI,hourly,2023-01-01,2023-03-31,EMPTY_RESPONSE_NOT_PROOF_OF_PRE_LISTING_OR_RETENTION
HYUNDAI,hourly,2023-04-01,2023-06-30,EMPTY_RESPONSE_NOT_PROOF_OF_PRE_LISTING_OR_RETENTION
HYUNDAI,hourly,2023-07-01,2023-09-30,EMPTY_RESPONSE_NOT_PROOF_OF_PRE_LISTING_OR_RETENTION
HYUNDAI,hourly,2023-10-01,2023-12-31,EMPTY_RESPONSE_NOT_PROOF_OF_PRE_LISTING_OR_RETENTION
HYUNDAI,hourly,2024-01-01,2024-03-31,EMPTY_RESPONSE_NOT_PROOF_OF_PRE_LISTING_OR_RETENTION
HYUNDAI,hourly,2024-04-01,2024-06-30,EMPTY_RESPONSE_NOT_PROOF_OF_PRE_LISTING_OR_RETENTION
HYUNDAI,hourly,2024-07-01,2024-09-30,EMPTY_RESPONSE_NOT_PROOF_OF_PRE_LISTING_OR_RETENTION
ICICIAMC,hourly,2022-01-01,2022-03-31,EMPTY_RESPONSE_NOT_PROOF_OF_PRE_LISTING_OR_RETENTION
ICICIAMC,hourly,2022-04-01,2022-06-30,EMPTY_RESPONSE_NOT_PROOF_OF_PRE_LISTING_OR_RETENTION
ICICIAMC,hourly,2022-07-01,2022-09-30,EMPTY_RESPONSE_NOT_PROOF_OF_PRE_LISTING_OR_RETENTION
ICICIAMC,hourly,2022-10-01,2022-12-31,EMPTY_RESPONSE_NOT_PROOF_OF_PRE_LISTING_OR_RETENTION
ICICIAMC,hourly,2023-01-01,2023-03-31,EMPTY_RESPONSE_NOT_PROOF_OF_PRE_LISTING_OR_RETENTION
ICICIAMC,hourly,2023-04-01,2023-06-30,EMPTY_RESPONSE_NOT_PROOF_OF_PRE_LISTING_OR_RETENTION
ICICIAMC,hourly,2023-07-01,2023-09-30,EMPTY_RESPONSE_NOT_PROOF_OF_PRE_LISTING_OR_RETENTION
ICICIAMC,hourly,2023-10-01,2023-12-31,EMPTY_RESPONSE_NOT_PROOF_OF_PRE_LISTING_OR_RETENTION
ICICIAMC,hourly,2024-01-01,2024-03-31,EMPTY_RESPONSE_NOT_PROOF_OF_PRE_LISTING_OR_RETENTION
ICICIAMC,hourly,2024-04-01,2024-06-30,EMPTY_RESPONSE_NOT_PROOF_OF_PRE_LISTING_OR_RETENTION
ICICIAMC,hourly,2024-07-01,2024-09-30,EMPTY_RESPONSE_NOT_PROOF_OF_PRE_LISTING_OR_RETENTION
ICICIAMC,hourly,2024-10-01,2024-12-31,EMPTY_RESPONSE_NOT_PROOF_OF_PRE_LISTING_OR_RETENTION
ICICIAMC,hourly,2025-01-01,2025-03-31,EMPTY_RESPONSE_NOT_PROOF_OF_PRE_LISTING_OR_RETENTION
ICICIAMC,hourly,2025-04-01,2025-06-30,EMPTY_RESPONSE_NOT_PROOF_OF_PRE_LISTING_OR_RETENTION
ICICIAMC,hourly,2025-07-01,2025-09-30,EMPTY_RESPONSE_NOT_PROOF_OF_PRE_LISTING_OR_RETENTION
IREDA,hourly,2022-01-01,2022-03-31,EMPTY_RESPONSE_NOT_PROOF_OF_PRE_LISTING_OR_RETENTION
IREDA,hourly,2022-04-01,2022-06-30,EMPTY_RESPONSE_NOT_PROOF_OF_PRE_LISTING_OR_RETENTION
IREDA,hourly,2022-07-01,2022-09-30,EMPTY_RESPONSE_NOT_PROOF_OF_PRE_LISTING_OR_RETENTION
IREDA,hourly,2022-10-01,2022-12-31,EMPTY_RESPONSE_NOT_PROOF_OF_PRE_LISTING_OR_RETENTION
IREDA,hourly,2023-01-01,2023-03-31,EMPTY_RESPONSE_NOT_PROOF_OF_PRE_LISTING_OR_RETENTION
IREDA,hourly,2023-04-01,2023-06-30,EMPTY_RESPONSE_NOT_PROOF_OF_PRE_LISTING_OR_RETENTION
IREDA,hourly,2023-07-01,2023-09-30,EMPTY_RESPONSE_NOT_PROOF_OF_PRE_LISTING_OR_RETENTION
JIOFIN,hourly,2022-01-01,2022-03-31,EMPTY_RESPONSE_NOT_PROOF_OF_PRE_LISTING_OR_RETENTION
JIOFIN,hourly,2022-04-01,2022-06-30,EMPTY_RESPONSE_NOT_PROOF_OF_PRE_LISTING_OR_RETENTION
JIOFIN,hourly,2022-07-01,2022-09-30,EMPTY_RESPONSE_NOT_PROOF_OF_PRE_LISTING_OR_RETENTION
JIOFIN,hourly,2022-10-01,2022-12-31,EMPTY_RESPONSE_NOT_PROOF_OF_PRE_LISTING_OR_RETENTION
JIOFIN,hourly,2023-01-01,2023-03-31,EMPTY_RESPONSE_NOT_PROOF_OF_PRE_LISTING_OR_RETENTION
JIOFIN,hourly,2023-04-01,2023-06-30,EMPTY_RESPONSE_NOT_PROOF_OF_PRE_LISTING_OR_RETENTION
LGEINDIA,hourly,2022-01-01,2022-03-31,EMPTY_RESPONSE_NOT_PROOF_OF_PRE_LISTING_OR_RETENTION
LGEINDIA,hourly,2022-04-01,2022-06-30,EMPTY_RESPONSE_NOT_PROOF_OF_PRE_LISTING_OR_RETENTION
LGEINDIA,hourly,2022-07-01,2022-09-30,EMPTY_RESPONSE_NOT_PROOF_OF_PRE_LISTING_OR_RETENTION
LGEINDIA,hourly,2022-10-01,2022-12-31,EMPTY_RESPONSE_NOT_PROOF_OF_PRE_LISTING_OR_RETENTION
LGEINDIA,hourly,2023-01-01,2023-03-31,EMPTY_RESPONSE_NOT_PROOF_OF_PRE_LISTING_OR_RETENTION
LGEINDIA,hourly,2023-04-01,2023-06-30,EMPTY_RESPONSE_NOT_PROOF_OF_PRE_LISTING_OR_RETENTION
LGEINDIA,hourly,2023-07-01,2023-09-30,EMPTY_RESPONSE_NOT_PROOF_OF_PRE_LISTING_OR_RETENTION
LGEINDIA,hourly,2023-10-01,2023-12-31,EMPTY_RESPONSE_NOT_PROOF_OF_PRE_LISTING_OR_RETENTION
LGEINDIA,hourly,2024-01-01,2024-03-31,EMPTY_RESPONSE_NOT_PROOF_OF_PRE_LISTING_OR_RETENTION
LGEINDIA,hourly,2024-04-01,2024-06-30,EMPTY_RESPONSE_NOT_PROOF_OF_PRE_LISTING_OR_RETENTION
LGEINDIA,hourly,2024-07-01,2024-09-30,EMPTY_RESPONSE_NOT_PROOF_OF_PRE_LISTING_OR_RETENTION
LGEINDIA,hourly,2024-10-01,2024-12-31,EMPTY_RESPONSE_NOT_PROOF_OF_PRE_LISTING_OR_RETENTION
LGEINDIA,hourly,2025-01-01,2025-03-31,EMPTY_RESPONSE_NOT_PROOF_OF_PRE_LISTING_OR_RETENTION
LGEINDIA,hourly,2025-04-01,2025-06-30,EMPTY_RESPONSE_NOT_PROOF_OF_PRE_LISTING_OR_RETENTION
LGEINDIA,hourly,2025-07-01,2025-09-30,EMPTY_RESPONSE_NOT_PROOF_OF_PRE_LISTING_OR_RETENTION
LENSKART,hourly,2022-01-01,2022-03-31,EMPTY_RESPONSE_NOT_PROOF_OF_PRE_LISTING_OR_RETENTION
LENSKART,hourly,2022-04-01,2022-06-30,EMPTY_RESPONSE_NOT_PROOF_OF_PRE_LISTING_OR_RETENTION
LENSKART,hourly,2022-07-01,2022-09-30,EMPTY_RESPONSE_NOT_PROOF_OF_PRE_LISTING_OR_RETENTION
LENSKART,hourly,2022-10-01,2022-12-31,EMPTY_RESPONSE_NOT_PROOF_OF_PRE_LISTING_OR_RETENTION
LENSKART,hourly,2023-01-01,2023-03-31,EMPTY_RESPONSE_NOT_PROOF_OF_PRE_LISTING_OR_RETENTION
LENSKART,hourly,2023-04-01,2023-06-30,EMPTY_RESPONSE_NOT_PROOF_OF_PRE_LISTING_OR_RETENTION
LENSKART,hourly,2023-07-01,2023-09-30,EMPTY_RESPONSE_NOT_PROOF_OF_PRE_LISTING_OR_RETENTION
LENSKART,hourly,2023-10-01,2023-12-31,EMPTY_RESPONSE_NOT_PROOF_OF_PRE_LISTING_OR_RETENTION
LENSKART,hourly,2024-01-01,2024-03-31,EMPTY_RESPONSE_NOT_PROOF_OF_PRE_LISTING_OR_RETENTION
LENSKART,hourly,2024-04-01,2024-06-30,EMPTY_RESPONSE_NOT_PROOF_OF_PRE_LISTING_OR_RETENTION
LENSKART,hourly,2024-07-01,2024-09-30,EMPTY_RESPONSE_NOT_PROOF_OF_PRE_LISTING_OR_RETENTION
LENSKART,hourly,2024-10-01,2024-12-31,EMPTY_RESPONSE_NOT_PROOF_OF_PRE_LISTING_OR_RETENTION
LENSKART,hourly,2025-01-01,2025-03-31,EMPTY_RESPONSE_NOT_PROOF_OF_PRE_LISTING_OR_RETENTION
LENSKART,hourly,2025-04-01,2025-06-30,EMPTY_RESPONSE_NOT_PROOF_OF_PRE_LISTING_OR_RETENTION
LENSKART,hourly,2025-07-01,2025-09-30,EMPTY_RESPONSE_NOT_PROOF_OF_PRE_LISTING_OR_RETENTION
LICI,hourly,2022-01-01,2022-03-31,EMPTY_RESPONSE_NOT_PROOF_OF_PRE_LISTING_OR_RETENTION
MANKIND,hourly,2022-01-01,2022-03-31,EMPTY_RESPONSE_NOT_PROOF_OF_PRE_LISTING_OR_RETENTION
MANKIND,hourly,2022-04-01,2022-06-30,EMPTY_RESPONSE_NOT_PROOF_OF_PRE_LISTING_OR_RETENTION
MANKIND,hourly,2022-07-01,2022-09-30,EMPTY_RESPONSE_NOT_PROOF_OF_PRE_LISTING_OR_RETENTION
MANKIND,hourly,2022-10-01,2022-12-31,EMPTY_RESPONSE_NOT_PROOF_OF_PRE_LISTING_OR_RETENTION
MANKIND,hourly,2023-01-01,2023-03-31,EMPTY_RESPONSE_NOT_PROOF_OF_PRE_LISTING_OR_RETENTION
MEESHO,hourly,2022-01-01,2022-03-31,EMPTY_RESPONSE_NOT_PROOF_OF_PRE_LISTING_OR_RETENTION
MEESHO,hourly,2022-04-01,2022-06-30,EMPTY_RESPONSE_NOT_PROOF_OF_PRE_LISTING_OR_RETENTION
MEESHO,hourly,2022-07-01,2022-09-30,EMPTY_RESPONSE_NOT_PROOF_OF_PRE_LISTING_OR_RETENTION
MEESHO,hourly,2022-10-01,2022-12-31,EMPTY_RESPONSE_NOT_PROOF_OF_PRE_LISTING_OR_RETENTION
MEESHO,hourly,2023-01-01,2023-03-31,EMPTY_RESPONSE_NOT_PROOF_OF_PRE_LISTING_OR_RETENTION
MEESHO,hourly,2023-04-01,2023-06-30,EMPTY_RESPONSE_NOT_PROOF_OF_PRE_LISTING_OR_RETENTION
MEESHO,hourly,2023-07-01,2023-09-30,EMPTY_RESPONSE_NOT_PROOF_OF_PRE_LISTING_OR_RETENTION
MEESHO,hourly,2023-10-01,2023-12-31,EMPTY_RESPONSE_NOT_PROOF_OF_PRE_LISTING_OR_RETENTION
MEESHO,hourly,2024-01-01,2024-03-31,EMPTY_RESPONSE_NOT_PROOF_OF_PRE_LISTING_OR_RETENTION
MEESHO,hourly,2024-04-01,2024-06-30,EMPTY_RESPONSE_NOT_PROOF_OF_PRE_LISTING_OR_RETENTION
MEESHO,hourly,2024-07-01,2024-09-30,EMPTY_RESPONSE_NOT_PROOF_OF_PRE_LISTING_OR_RETENTION
MEESHO,hourly,2024-10-01,2024-12-31,EMPTY_RESPONSE_NOT_PROOF_OF_PRE_LISTING_OR_RETENTION
MEESHO,hourly,2025-01-01,2025-03-31,EMPTY_RESPONSE_NOT_PROOF_OF_PRE_LISTING_OR_RETENTION
MEESHO,hourly,2025-04-01,2025-06-30,EMPTY_RESPONSE_NOT_PROOF_OF_PRE_LISTING_OR_RETENTION
MEESHO,hourly,2025-07-01,2025-09-30,EMPTY_RESPONSE_NOT_PROOF_OF_PRE_LISTING_OR_RETENTION
PREMIERENE,hourly,2022-01-01,2022-03-31,EMPTY_RESPONSE_NOT_PROOF_OF_PRE_LISTING_OR_RETENTION
PREMIERENE,hourly,2022-04-01,2022-06-30,EMPTY_RESPONSE_NOT_PROOF_OF_PRE_LISTING_OR_RETENTION
PREMIERENE,hourly,2022-07-01,2022-09-30,EMPTY_RESPONSE_NOT_PROOF_OF_PRE_LISTING_OR_RETENTION
PREMIERENE,hourly,2022-10-01,2022-12-31,EMPTY_RESPONSE_NOT_PROOF_OF_PRE_LISTING_OR_RETENTION
PREMIERENE,hourly,2023-01-01,2023-03-31,EMPTY_RESPONSE_NOT_PROOF_OF_PRE_LISTING_OR_RETENTION
PREMIERENE,hourly,2023-04-01,2023-06-30,EMPTY_RESPONSE_NOT_PROOF_OF_PRE_LISTING_OR_RETENTION
PREMIERENE,hourly,2023-07-01,2023-09-30,EMPTY_RESPONSE_NOT_PROOF_OF_PRE_LISTING_OR_RETENTION
PREMIERENE,hourly,2023-10-01,2023-12-31,EMPTY_RESPONSE_NOT_PROOF_OF_PRE_LISTING_OR_RETENTION
PREMIERENE,hourly,2024-01-01,2024-03-31,EMPTY_RESPONSE_NOT_PROOF_OF_PRE_LISTING_OR_RETENTION
PREMIERENE,hourly,2024-04-01,2024-06-30,EMPTY_RESPONSE_NOT_PROOF_OF_PRE_LISTING_OR_RETENTION
ENRIN,hourly,2022-01-01,2022-03-31,EMPTY_RESPONSE_NOT_PROOF_OF_PRE_LISTING_OR_RETENTION
ENRIN,hourly,2022-04-01,2022-06-30,EMPTY_RESPONSE_NOT_PROOF_OF_PRE_LISTING_OR_RETENTION
ENRIN,hourly,2022-07-01,2022-09-30,EMPTY_RESPONSE_NOT_PROOF_OF_PRE_LISTING_OR_RETENTION
ENRIN,hourly,2022-10-01,2022-12-31,EMPTY_RESPONSE_NOT_PROOF_OF_PRE_LISTING_OR_RETENTION
ENRIN,hourly,2023-01-01,2023-03-31,EMPTY_RESPONSE_NOT_PROOF_OF_PRE_LISTING_OR_RETENTION
ENRIN,hourly,2023-04-01,2023-06-30,EMPTY_RESPONSE_NOT_PROOF_OF_PRE_LISTING_OR_RETENTION
ENRIN,hourly,2023-07-01,2023-09-30,EMPTY_RESPONSE_NOT_PROOF_OF_PRE_LISTING_OR_RETENTION
ENRIN,hourly,2023-10-01,2023-12-31,EMPTY_RESPONSE_NOT_PROOF_OF_PRE_LISTING_OR_RETENTION
ENRIN,hourly,2024-01-01,2024-03-31,EMPTY_RESPONSE_NOT_PROOF_OF_PRE_LISTING_OR_RETENTION
ENRIN,hourly,2024-04-01,2024-06-30,EMPTY_RESPONSE_NOT_PROOF_OF_PRE_LISTING_OR_RETENTION
ENRIN,hourly,2024-07-01,2024-09-30,EMPTY_RESPONSE_NOT_PROOF_OF_PRE_LISTING_OR_RETENTION
ENRIN,hourly,2024-10-01,2024-12-31,EMPTY_RESPONSE_NOT_PROOF_OF_PRE_LISTING_OR_RETENTION
ENRIN,hourly,2025-01-01,2025-03-31,EMPTY_RESPONSE_NOT_PROOF_OF_PRE_LISTING_OR_RETENTION
SWIGGY,hourly,2022-01-01,2022-03-31,EMPTY_RESPONSE_NOT_PROOF_OF_PRE_LISTING_OR_RETENTION
SWIGGY,hourly,2022-04-01,2022-06-30,EMPTY_RESPONSE_NOT_PROOF_OF_PRE_LISTING_OR_RETENTION
SWIGGY,hourly,2022-07-01,2022-09-30,EMPTY_RESPONSE_NOT_PROOF_OF_PRE_LISTING_OR_RETENTION
SWIGGY,hourly,2022-10-01,2022-12-31,EMPTY_RESPONSE_NOT_PROOF_OF_PRE_LISTING_OR_RETENTION
SWIGGY,hourly,2023-01-01,2023-03-31,EMPTY_RESPONSE_NOT_PROOF_OF_PRE_LISTING_OR_RETENTION
SWIGGY,hourly,2023-04-01,2023-06-30,EMPTY_RESPONSE_NOT_PROOF_OF_PRE_LISTING_OR_RETENTION
SWIGGY,hourly,2023-07-01,2023-09-30,EMPTY_RESPONSE_NOT_PROOF_OF_PRE_LISTING_OR_RETENTION
SWIGGY,hourly,2023-10-01,2023-12-31,EMPTY_RESPONSE_NOT_PROOF_OF_PRE_LISTING_OR_RETENTION
SWIGGY,hourly,2024-01-01,2024-03-31,EMPTY_RESPONSE_NOT_PROOF_OF_PRE_LISTING_OR_RETENTION
SWIGGY,hourly,2024-04-01,2024-06-30,EMPTY_RESPONSE_NOT_PROOF_OF_PRE_LISTING_OR_RETENTION
SWIGGY,hourly,2024-07-01,2024-09-30,EMPTY_RESPONSE_NOT_PROOF_OF_PRE_LISTING_OR_RETENTION
TATACAP,hourly,2022-01-01,2022-03-31,EMPTY_RESPONSE_NOT_PROOF_OF_PRE_LISTING_OR_RETENTION
TATACAP,hourly,2022-04-01,2022-06-30,EMPTY_RESPONSE_NOT_PROOF_OF_PRE_LISTING_OR_RETENTION
TATACAP,hourly,2022-07-01,2022-09-30,EMPTY_RESPONSE_NOT_PROOF_OF_PRE_LISTING_OR_RETENTION
TATACAP,hourly,2022-10-01,2022-12-31,EMPTY_RESPONSE_NOT_PROOF_OF_PRE_LISTING_OR_RETENTION
TATACAP,hourly,2023-01-01,2023-03-31,EMPTY_RESPONSE_NOT_PROOF_OF_PRE_LISTING_OR_RETENTION
TATACAP,hourly,2023-04-01,2023-06-30,EMPTY_RESPONSE_NOT_PROOF_OF_PRE_LISTING_OR_RETENTION
TATACAP,hourly,2023-07-01,2023-09-30,EMPTY_RESPONSE_NOT_PROOF_OF_PRE_LISTING_OR_RETENTION
TATACAP,hourly,2023-10-01,2023-12-31,EMPTY_RESPONSE_NOT_PROOF_OF_PRE_LISTING_OR_RETENTION
TATACAP,hourly,2024-01-01,2024-03-31,EMPTY_RESPONSE_NOT_PROOF_OF_PRE_LISTING_OR_RETENTION
TATACAP,hourly,2024-04-01,2024-06-30,EMPTY_RESPONSE_NOT_PROOF_OF_PRE_LISTING_OR_RETENTION
TATACAP,hourly,2024-07-01,2024-09-30,EMPTY_RESPONSE_NOT_PROOF_OF_PRE_LISTING_OR_RETENTION
TATACAP,hourly,2024-10-01,2024-12-31,EMPTY_RESPONSE_NOT_PROOF_OF_PRE_LISTING_OR_RETENTION
TATACAP,hourly,2025-01-01,2025-03-31,EMPTY_RESPONSE_NOT_PROOF_OF_PRE_LISTING_OR_RETENTION
TATACAP,hourly,2025-04-01,2025-06-30,EMPTY_RESPONSE_NOT_PROOF_OF_PRE_LISTING_OR_RETENTION
TATACAP,hourly,2025-07-01,2025-09-30,EMPTY_RESPONSE_NOT_PROOF_OF_PRE_LISTING_OR_RETENTION
TMCV,hourly,2022-01-01,2022-03-31,EMPTY_RESPONSE_NOT_PROOF_OF_PRE_LISTING_OR_RETENTION
TMCV,hourly,2022-04-01,2022-06-30,EMPTY_RESPONSE_NOT_PROOF_OF_PRE_LISTING_OR_RETENTION
TMCV,hourly,2022-07-01,2022-09-30,EMPTY_RESPONSE_NOT_PROOF_OF_PRE_LISTING_OR_RETENTION
TMCV,hourly,2022-10-01,2022-12-31,EMPTY_RESPONSE_NOT_PROOF_OF_PRE_LISTING_OR_RETENTION
TMCV,hourly,2023-01-01,2023-03-31,EMPTY_RESPONSE_NOT_PROOF_OF_PRE_LISTING_OR_RETENTION
TMCV,hourly,2023-04-01,2023-06-30,EMPTY_RESPONSE_NOT_PROOF_OF_PRE_LISTING_OR_RETENTION
TMCV,hourly,2023-07-01,2023-09-30,EMPTY_RESPONSE_NOT_PROOF_OF_PRE_LISTING_OR_RETENTION
TMCV,hourly,2023-10-01,2023-12-31,EMPTY_RESPONSE_NOT_PROOF_OF_PRE_LISTING_OR_RETENTION
TMCV,hourly,2024-01-01,2024-03-31,EMPTY_RESPONSE_NOT_PROOF_OF_PRE_LISTING_OR_RETENTION
TMCV,hourly,2024-04-01,2024-06-30,EMPTY_RESPONSE_NOT_PROOF_OF_PRE_LISTING_OR_RETENTION
TMCV,hourly,2024-07-01,2024-09-30,EMPTY_RESPONSE_NOT_PROOF_OF_PRE_LISTING_OR_RETENTION
TMCV,hourly,2024-10-01,2024-12-31,EMPTY_RESPONSE_NOT_PROOF_OF_PRE_LISTING_OR_RETENTION
TMCV,hourly,2025-01-01,2025-03-31,EMPTY_RESPONSE_NOT_PROOF_OF_PRE_LISTING_OR_RETENTION
TMCV,hourly,2025-04-01,2025-06-30,EMPTY_RESPONSE_NOT_PROOF_OF_PRE_LISTING_OR_RETENTION
TMCV,hourly,2025-07-01,2025-09-30,EMPTY_RESPONSE_NOT_PROOF_OF_PRE_LISTING_OR_RETENTION
VAML,hourly,2022-01-01,2022-03-31,EMPTY_RESPONSE_NOT_PROOF_OF_PRE_LISTING_OR_RETENTION
VAML,hourly,2022-04-01,2022-06-30,EMPTY_RESPONSE_NOT_PROOF_OF_PRE_LISTING_OR_RETENTION
VAML,hourly,2022-07-01,2022-09-30,EMPTY_RESPONSE_NOT_PROOF_OF_PRE_LISTING_OR_RETENTION
VAML,hourly,2022-10-01,2022-12-31,EMPTY_RESPONSE_NOT_PROOF_OF_PRE_LISTING_OR_RETENTION
VAML,hourly,2023-01-01,2023-03-31,EMPTY_RESPONSE_NOT_PROOF_OF_PRE_LISTING_OR_RETENTION
VAML,hourly,2023-04-01,2023-06-30,EMPTY_RESPONSE_NOT_PROOF_OF_PRE_LISTING_OR_RETENTION
VAML,hourly,2023-07-01,2023-09-30,EMPTY_RESPONSE_NOT_PROOF_OF_PRE_LISTING_OR_RETENTION
VAML,hourly,2023-10-01,2023-12-31,EMPTY_RESPONSE_NOT_PROOF_OF_PRE_LISTING_OR_RETENTION
VAML,hourly,2024-01-01,2024-03-31,EMPTY_RESPONSE_NOT_PROOF_OF_PRE_LISTING_OR_RETENTION
VAML,hourly,2024-04-01,2024-06-30,EMPTY_RESPONSE_NOT_PROOF_OF_PRE_LISTING_OR_RETENTION
VAML,hourly,2024-07-01,2024-09-30,EMPTY_RESPONSE_NOT_PROOF_OF_PRE_LISTING_OR_RETENTION
VAML,hourly,2024-10-01,2024-12-31,EMPTY_RESPONSE_NOT_PROOF_OF_PRE_LISTING_OR_RETENTION
VAML,hourly,2025-01-01,2025-03-31,EMPTY_RESPONSE_NOT_PROOF_OF_PRE_LISTING_OR_RETENTION
VAML,hourly,2025-04-01,2025-06-30,EMPTY_RESPONSE_NOT_PROOF_OF_PRE_LISTING_OR_RETENTION
VAML,hourly,2025-07-01,2025-09-30,EMPTY_RESPONSE_NOT_PROOF_OF_PRE_LISTING_OR_RETENTION
VAML,hourly,2025-10-01,2025-12-31,EMPTY_RESPONSE_NOT_PROOF_OF_PRE_LISTING_OR_RETENTION
VAML,hourly,2026-01-01,2026-03-31,EMPTY_RESPONSE_NOT_PROOF_OF_PRE_LISTING_OR_RETENTION
VMM,hourly,2022-01-01,2022-03-31,EMPTY_RESPONSE_NOT_PROOF_OF_PRE_LISTING_OR_RETENTION
VMM,hourly,2022-04-01,2022-06-30,EMPTY_RESPONSE_NOT_PROOF_OF_PRE_LISTING_OR_RETENTION
VMM,hourly,2022-07-01,2022-09-30,EMPTY_RESPONSE_NOT_PROOF_OF_PRE_LISTING_OR_RETENTION
VMM,hourly,2022-10-01,2022-12-31,EMPTY_RESPONSE_NOT_PROOF_OF_PRE_LISTING_OR_RETENTION
VMM,hourly,2023-01-01,2023-03-31,EMPTY_RESPONSE_NOT_PROOF_OF_PRE_LISTING_OR_RETENTION
VMM,hourly,2023-04-01,2023-06-30,EMPTY_RESPONSE_NOT_PROOF_OF_PRE_LISTING_OR_RETENTION
VMM,hourly,2023-07-01,2023-09-30,EMPTY_RESPONSE_NOT_PROOF_OF_PRE_LISTING_OR_RETENTION
VMM,hourly,2023-10-01,2023-12-31,EMPTY_RESPONSE_NOT_PROOF_OF_PRE_LISTING_OR_RETENTION
VMM,hourly,2024-01-01,2024-03-31,EMPTY_RESPONSE_NOT_PROOF_OF_PRE_LISTING_OR_RETENTION
VMM,hourly,2024-04-01,2024-06-30,EMPTY_RESPONSE_NOT_PROOF_OF_PRE_LISTING_OR_RETENTION
VMM,hourly,2024-07-01,2024-09-30,EMPTY_RESPONSE_NOT_PROOF_OF_PRE_LISTING_OR_RETENTION
WAAREEENER,hourly,2022-01-01,2022-03-31,EMPTY_RESPONSE_NOT_PROOF_OF_PRE_LISTING_OR_RETENTION
WAAREEENER,hourly,2022-04-01,2022-06-30,EMPTY_RESPONSE_NOT_PROOF_OF_PRE_LISTING_OR_RETENTION
WAAREEENER,hourly,2022-07-01,2022-09-30,EMPTY_RESPONSE_NOT_PROOF_OF_PRE_LISTING_OR_RETENTION
WAAREEENER,hourly,2022-10-01,2022-12-31,EMPTY_RESPONSE_NOT_PROOF_OF_PRE_LISTING_OR_RETENTION
WAAREEENER,hourly,2023-01-01,2023-03-31,EMPTY_RESPONSE_NOT_PROOF_OF_PRE_LISTING_OR_RETENTION
WAAREEENER,hourly,2023-04-01,2023-06-30,EMPTY_RESPONSE_NOT_PROOF_OF_PRE_LISTING_OR_RETENTION
WAAREEENER,hourly,2023-07-01,2023-09-30,EMPTY_RESPONSE_NOT_PROOF_OF_PRE_LISTING_OR_RETENTION
WAAREEENER,hourly,2023-10-01,2023-12-31,EMPTY_RESPONSE_NOT_PROOF_OF_PRE_LISTING_OR_RETENTION
WAAREEENER,hourly,2024-01-01,2024-03-31,EMPTY_RESPONSE_NOT_PROOF_OF_PRE_LISTING_OR_RETENTION
WAAREEENER,hourly,2024-04-01,2024-06-30,EMPTY_RESPONSE_NOT_PROOF_OF_PRE_LISTING_OR_RETENTION
WAAREEENER,hourly,2024-07-01,2024-09-30,EMPTY_RESPONSE_NOT_PROOF_OF_PRE_LISTING_OR_RETENTION
NIFTY_CHEMICALS,hourly,2022-01-01,2022-03-31,EMPTY_RESPONSE_NOT_PROOF_OF_PRE_LISTING_OR_RETENTION
NIFTY_CHEMICALS,hourly,2022-04-01,2022-06-30,EMPTY_RESPONSE_NOT_PROOF_OF_PRE_LISTING_OR_RETENTION
NIFTY_CHEMICALS,hourly,2022-07-01,2022-09-30,EMPTY_RESPONSE_NOT_PROOF_OF_PRE_LISTING_OR_RETENTION
NIFTY_CHEMICALS,hourly,2022-10-01,2022-12-31,EMPTY_RESPONSE_NOT_PROOF_OF_PRE_LISTING_OR_RETENTION
NIFTY_CHEMICALS,hourly,2023-01-01,2023-03-31,EMPTY_RESPONSE_NOT_PROOF_OF_PRE_LISTING_OR_RETENTION
NIFTY_CHEMICALS,hourly,2023-04-01,2023-06-30,EMPTY_RESPONSE_NOT_PROOF_OF_PRE_LISTING_OR_RETENTION
NIFTY_CHEMICALS,hourly,2023-07-01,2023-09-30,EMPTY_RESPONSE_NOT_PROOF_OF_PRE_LISTING_OR_RETENTION
NIFTY_CHEMICALS,hourly,2023-10-01,2023-12-31,EMPTY_RESPONSE_NOT_PROOF_OF_PRE_LISTING_OR_RETENTION
NIFTY_CHEMICALS,hourly,2024-01-01,2024-03-31,EMPTY_RESPONSE_NOT_PROOF_OF_PRE_LISTING_OR_RETENTION
NIFTY_CHEMICALS,hourly,2024-04-01,2024-06-30,EMPTY_RESPONSE_NOT_PROOF_OF_PRE_LISTING_OR_RETENTION
NIFTY_CHEMICALS,hourly,2024-07-01,2024-09-30,EMPTY_RESPONSE_NOT_PROOF_OF_PRE_LISTING_OR_RETENTION
NIFTY_CHEMICALS,hourly,2024-10-01,2024-12-31,EMPTY_RESPONSE_NOT_PROOF_OF_PRE_LISTING_OR_RETENTION
NIFTY_CHEMICALS,hourly,2025-01-01,2025-03-31,EMPTY_RESPONSE_NOT_PROOF_OF_PRE_LISTING_OR_RETENTION
NIFTY_CHEMICALS,hourly,2025-04-01,2025-06-30,EMPTY_RESPONSE_NOT_PROOF_OF_PRE_LISTING_OR_RETENTION
NIFTY_CHEMICALS,hourly,2025-07-01,2025-09-30,EMPTY_RESPONSE_NOT_PROOF_OF_PRE_LISTING_OR_RETENTION
360ONE,daily,2015-02-28,2015-02-28,ABSENT_ON_OBSERVED_NIFTY_50_SESSION
360ONE,daily,2016-01-14,2016-01-14,ABSENT_ON_OBSERVED_NIFTY_50_SESSION
360ONE,daily,2016-01-15,2016-01-15,ABSENT_ON_OBSERVED_NIFTY_50_SESSION
360ONE,daily,2016-01-18,2016-01-18,ABSENT_ON_OBSERVED_NIFTY_50_SESSION
360ONE,daily,2016-01-19,2016-01-19,ABSENT_ON_OBSERVED_NIFTY_50_SESSION
360ONE,daily,2016-01-20,2016-01-20,ABSENT_ON_OBSERVED_NIFTY_50_SESSION
360ONE,daily,2016-01-21,2016-01-21,ABSENT_ON_OBSERVED_NIFTY_50_SESSION
360ONE,daily,2016-01-22,2016-01-22,ABSENT_ON_OBSERVED_NIFTY_50_SESSION
360ONE,daily,2016-01-25,2016-01-25,ABSENT_ON_OBSERVED_NIFTY_50_SESSION
360ONE,daily,2016-01-27,2016-01-27,ABSENT_ON_OBSERVED_NIFTY_50_SESSION
360ONE,daily,2016-01-28,2016-01-28,ABSENT_ON_OBSERVED_NIFTY_50_SESSION
360ONE,daily,2016-01-29,2016-01-29,ABSENT_ON_OBSERVED_NIFTY_50_SESSION
360ONE,daily,2016-02-01,2016-02-01,ABSENT_ON_OBSERVED_NIFTY_50_SESSION
360ONE,daily,2016-02-02,2016-02-02,ABSENT_ON_OBSERVED_NIFTY_50_SESSION
360ONE,daily,2016-02-03,2016-02-03,ABSENT_ON_OBSERVED_NIFTY_50_SESSION
360ONE,daily,2016-02-04,2016-02-04,ABSENT_ON_OBSERVED_NIFTY_50_SESSION
360ONE,daily,2016-02-05,2016-02-05,ABSENT_ON_OBSERVED_NIFTY_50_SESSION
360ONE,daily,2016-02-08,2016-02-08,ABSENT_ON_OBSERVED_NIFTY_50_SESSION
360ONE,daily,2016-02-09,2016-02-09,ABSENT_ON_OBSERVED_NIFTY_50_SESSION
360ONE,daily,2016-02-10,2016-02-10,ABSENT_ON_OBSERVED_NIFTY_50_SESSION
360ONE,daily,2016-02-11,2016-02-11,ABSENT_ON_OBSERVED_NIFTY_50_SESSION
360ONE,daily,2016-02-12,2016-02-12,ABSENT_ON_OBSERVED_NIFTY_50_SESSION
360ONE,daily,2016-02-15,2016-02-15,ABSENT_ON_OBSERVED_NIFTY_50_SESSION
360ONE,daily,2016-02-16,2016-02-16,ABSENT_ON_OBSERVED_NIFTY_50_SESSION
360ONE,daily,2016-02-17,2016-02-17,ABSENT_ON_OBSERVED_NIFTY_50_SESSION
360ONE,daily,2016-02-18,2016-02-18,ABSENT_ON_OBSERVED_NIFTY_50_SESSION
360ONE,daily,2016-02-19,2016-02-19,ABSENT_ON_OBSERVED_NIFTY_50_SESSION
360ONE,daily,2016-02-22,2016-02-22,ABSENT_ON_OBSERVED_NIFTY_50_SESSION
360ONE,daily,2016-02-23,2016-02-23,ABSENT_ON_OBSERVED_NIFTY_50_SESSION
360ONE,daily,2016-02-24,2016-02-24,ABSENT_ON_OBSERVED_NIFTY_50_SESSION
360ONE,daily,2016-02-25,2016-02-25,ABSENT_ON_OBSERVED_NIFTY_50_SESSION
360ONE,daily,2016-02-26,2016-02-26,ABSENT_ON_OBSERVED_NIFTY_50_SESSION
360ONE,daily,2016-02-29,2016-02-29,ABSENT_ON_OBSERVED_NIFTY_50_SESSION
360ONE,daily,2016-03-01,2016-03-01,ABSENT_ON_OBSERVED_NIFTY_50_SESSION
360ONE,daily,2016-03-02,2016-03-02,ABSENT_ON_OBSERVED_NIFTY_50_SESSION
360ONE,daily,2016-03-03,2016-03-03,ABSENT_ON_OBSERVED_NIFTY_50_SESSION
360ONE,daily,2016-03-04,2016-03-04,ABSENT_ON_OBSERVED_NIFTY_50_SESSION
360ONE,daily,2016-03-08,2016-03-08,ABSENT_ON_OBSERVED_NIFTY_50_SESSION
360ONE,daily,2016-03-09,2016-03-09,ABSENT_ON_OBSERVED_NIFTY_50_SESSION
360ONE,daily,2016-03-10,2016-03-10,ABSENT_ON_OBSERVED_NIFTY_50_SESSION
360ONE,daily,2016-03-11,2016-03-11,ABSENT_ON_OBSERVED_NIFTY_50_SESSION
360ONE,daily,2016-03-14,2016-03-14,ABSENT_ON_OBSERVED_NIFTY_50_SESSION
360ONE,daily,2016-03-15,2016-03-15,ABSENT_ON_OBSERVED_NIFTY_50_SESSION
360ONE,daily,2016-03-16,2016-03-16,ABSENT_ON_OBSERVED_NIFTY_50_SESSION
360ONE,daily,2016-03-17,2016-03-17,ABSENT_ON_OBSERVED_NIFTY_50_SESSION
360ONE,daily,2016-03-18,2016-03-18,ABSENT_ON_OBSERVED_NIFTY_50_SESSION
360ONE,daily,2016-03-21,2016-03-21,ABSENT_ON_OBSERVED_NIFTY_50_SESSION
360ONE,daily,2016-03-22,2016-03-22,ABSENT_ON_OBSERVED_NIFTY_50_SESSION
360ONE,daily,2016-03-23,2016-03-23,ABSENT_ON_OBSERVED_NIFTY_50_SESSION
360ONE,daily,2016-03-28,2016-03-28,ABSENT_ON_OBSERVED_NIFTY_50_SESSION
360ONE,daily,2016-03-29,2016-03-29,ABSENT_ON_OBSERVED_NIFTY_50_SESSION
360ONE,daily,2016-03-30,2016-03-30,ABSENT_ON_OBSERVED_NIFTY_50_SESSION
360ONE,daily,2016-03-31,2016-03-31,ABSENT_ON_OBSERVED_NIFTY_50_SESSION
360ONE,daily,2016-04-01,2016-04-01,ABSENT_ON_OBSERVED_NIFTY_50_SESSION
360ONE,daily,2016-04-04,2016-04-04,ABSENT_ON_OBSERVED_NIFTY_50_SESSION
360ONE,daily,2016-04-05,2016-04-05,ABSENT_ON_OBSERVED_NIFTY_50_SESSION
360ONE,daily,2016-04-06,2016-04-06,ABSENT_ON_OBSERVED_NIFTY_50_SESSION
360ONE,daily,2016-04-07,2016-04-07,ABSENT_ON_OBSERVED_NIFTY_50_SESSION
360ONE,daily,2016-04-08,2016-04-08,ABSENT_ON_OBSERVED_NIFTY_50_SESSION
360ONE,daily,2016-04-11,2016-04-11,ABSENT_ON_OBSERVED_NIFTY_50_SESSION
360ONE,daily,2016-04-12,2016-04-12,ABSENT_ON_OBSERVED_NIFTY_50_SESSION
360ONE,daily,2016-04-13,2016-04-13,ABSENT_ON_OBSERVED_NIFTY_50_SESSION
360ONE,daily,2016-04-18,2016-04-18,ABSENT_ON_OBSERVED_NIFTY_50_SESSION
360ONE,daily,2016-04-20,2016-04-20,ABSENT_ON_OBSERVED_NIFTY_50_SESSION
360ONE,daily,2016-04-21,2016-04-21,ABSENT_ON_OBSERVED_NIFTY_50_SESSION
360ONE,daily,2016-04-22,2016-04-22,ABSENT_ON_OBSERVED_NIFTY_50_SESSION
360ONE,daily,2016-04-25,2016-04-25,ABSENT_ON_OBSERVED_NIFTY_50_SESSION
360ONE,daily,2016-04-26,2016-04-26,ABSENT_ON_OBSERVED_NIFTY_50_SESSION
360ONE,daily,2016-04-27,2016-04-27,ABSENT_ON_OBSERVED_NIFTY_50_SESSION
360ONE,daily,2016-04-28,2016-04-28,ABSENT_ON_OBSERVED_NIFTY_50_SESSION
360ONE,daily,2016-04-29,2016-04-29,ABSENT_ON_OBSERVED_NIFTY_50_SESSION
360ONE,daily,2016-05-02,2016-05-02,ABSENT_ON_OBSERVED_NIFTY_50_SESSION
360ONE,daily,2016-05-03,2016-05-03,ABSENT_ON_OBSERVED_NIFTY_50_SESSION
360ONE,daily,2016-05-04,2016-05-04,ABSENT_ON_OBSERVED_NIFTY_50_SESSION
360ONE,daily,2016-05-05,2016-05-05,ABSENT_ON_OBSERVED_NIFTY_50_SESSION
360ONE,daily,2016-05-06,2016-05-06,ABSENT_ON_OBSERVED_NIFTY_50_SESSION
360ONE,daily,2016-05-09,2016-05-09,ABSENT_ON_OBSERVED_NIFTY_50_SESSION
360ONE,daily,2016-05-10,2016-05-10,ABSENT_ON_OBSERVED_NIFTY_50_SESSION
360ONE,daily,2016-05-11,2016-05-11,ABSENT_ON_OBSERVED_NIFTY_50_SESSION
360ONE,daily,2016-05-12,2016-05-12,ABSENT_ON_OBSERVED_NIFTY_50_SESSION
360ONE,daily,2016-05-13,2016-05-13,ABSENT_ON_OBSERVED_NIFTY_50_SESSION
360ONE,daily,2016-05-16,2016-05-16,ABSENT_ON_OBSERVED_NIFTY_50_SESSION
360ONE,daily,2016-05-17,2016-05-17,ABSENT_ON_OBSERVED_NIFTY_50_SESSION
360ONE,daily,2016-05-18,2016-05-18,ABSENT_ON_OBSERVED_NIFTY_50_SESSION
360ONE,daily,2016-05-19,2016-05-19,ABSENT_ON_OBSERVED_NIFTY_50_SESSION
360ONE,daily,2016-05-20,2016-05-20,ABSENT_ON_OBSERVED_NIFTY_50_SESSION
360ONE,daily,2016-05-23,2016-05-23,ABSENT_ON_OBSERVED_NIFTY_50_SESSION
360ONE,daily,2016-05-24,2016-05-24,ABSENT_ON_OBSERVED_NIFTY_50_SESSION
360ONE,daily,2016-05-25,2016-05-25,ABSENT_ON_OBSERVED_NIFTY_50_SESSION
360ONE,daily,2016-05-26,2016-05-26,ABSENT_ON_OBSERVED_NIFTY_50_SESSION
360ONE,daily,2016-05-27,2016-05-27,ABSENT_ON_OBSERVED_NIFTY_50_SESSION
360ONE,daily,2016-05-30,2016-05-30,ABSENT_ON_OBSERVED_NIFTY_50_SESSION
360ONE,daily,2016-05-31,2016-05-31,ABSENT_ON_OBSERVED_NIFTY_50_SESSION
360ONE,daily,2016-06-01,2016-06-01,ABSENT_ON_OBSERVED_NIFTY_50_SESSION
360ONE,daily,2016-06-02,2016-06-02,ABSENT_ON_OBSERVED_NIFTY_50_SESSION
360ONE,daily,2016-06-03,2016-06-03,ABSENT_ON_OBSERVED_NIFTY_50_SESSION
360ONE,daily,2016-06-06,2016-06-06,ABSENT_ON_OBSERVED_NIFTY_50_SESSION
360ONE,daily,2016-06-07,2016-06-07,ABSENT_ON_OBSERVED_NIFTY_50_SESSION
360ONE,daily,2016-06-08,2016-06-08,ABSENT_ON_OBSERVED_NIFTY_50_SESSION
360ONE,daily,2016-06-09,2016-06-09,ABSENT_ON_OBSERVED_NIFTY_50_SESSION
360ONE,daily,2016-06-10,2016-06-10,ABSENT_ON_OBSERVED_NIFTY_50_SESSION
360ONE,daily,2016-06-13,2016-06-13,ABSENT_ON_OBSERVED_NIFTY_50_SESSION
360ONE,daily,2016-06-14,2016-06-14,ABSENT_ON_OBSERVED_NIFTY_50_SESSION
360ONE,daily,2016-06-15,2016-06-15,ABSENT_ON_OBSERVED_NIFTY_50_SESSION
360ONE,daily,2016-06-16,2016-06-16,ABSENT_ON_OBSERVED_NIFTY_50_SESSION
360ONE,daily,2016-06-17,2016-06-17,ABSENT_ON_OBSERVED_NIFTY_50_SESSION
360ONE,daily,2016-06-20,2016-06-20,ABSENT_ON_OBSERVED_NIFTY_50_SESSION
360ONE,daily,2016-06-21,2016-06-21,ABSENT_ON_OBSERVED_NIFTY_50_SESSION
360ONE,daily,2016-06-22,2016-06-22,ABSENT_ON_OBSERVED_NIFTY_50_SESSION
360ONE,daily,2016-06-23,2016-06-23,ABSENT_ON_OBSERVED_NIFTY_50_SESSION
360ONE,daily,2016-06-24,2016-06-24,ABSENT_ON_OBSERVED_NIFTY_50_SESSION
360ONE,daily,2016-06-27,2016-06-27,ABSENT_ON_OBSERVED_NIFTY_50_SESSION
360ONE,daily,2016-06-28,2016-06-28,ABSENT_ON_OBSERVED_NIFTY_50_SESSION
360ONE,daily,2016-06-29,2016-06-29,ABSENT_ON_OBSERVED_NIFTY_50_SESSION
360ONE,daily,2016-06-30,2016-06-30,ABSENT_ON_OBSERVED_NIFTY_50_SESSION
360ONE,daily,2016-07-01,2016-07-01,ABSENT_ON_OBSERVED_NIFTY_50_SESSION
360ONE,daily,2016-07-04,2016-07-04,ABSENT_ON_OBSERVED_NIFTY_50_SESSION
360ONE,daily,2016-07-05,2016-07-05,ABSENT_ON_OBSERVED_NIFTY_50_SESSION
360ONE,daily,2016-07-07,2016-07-07,ABSENT_ON_OBSERVED_NIFTY_50_SESSION
360ONE,daily,2016-07-08,2016-07-08,ABSENT_ON_OBSERVED_NIFTY_50_SESSION
360ONE,daily,2016-07-11,2016-07-11,ABSENT_ON_OBSERVED_NIFTY_50_SESSION
360ONE,daily,2016-07-12,2016-07-12,ABSENT_ON_OBSERVED_NIFTY_50_SESSION
360ONE,daily,2016-07-13,2016-07-13,ABSENT_ON_OBSERVED_NIFTY_50_SESSION
360ONE,daily,2016-07-14,2016-07-14,ABSENT_ON_OBSERVED_NIFTY_50_SESSION
360ONE,daily,2016-07-15,2016-07-15,ABSENT_ON_OBSERVED_NIFTY_50_SESSION
360ONE,daily,2016-07-18,2016-07-18,ABSENT_ON_OBSERVED_NIFTY_50_SESSION
360ONE,daily,2016-07-19,2016-07-19,ABSENT_ON_OBSERVED_NIFTY_50_SESSION
360ONE,daily,2016-07-20,2016-07-20,ABSENT_ON_OBSERVED_NIFTY_50_SESSION
360ONE,daily,2016-07-21,2016-07-21,ABSENT_ON_OBSERVED_NIFTY_50_SESSION
360ONE,daily,2016-07-22,2016-07-22,ABSENT_ON_OBSERVED_NIFTY_50_SESSION
360ONE,daily,2016-07-25,2016-07-25,ABSENT_ON_OBSERVED_NIFTY_50_SESSION
360ONE,daily,2016-07-26,2016-07-26,ABSENT_ON_OBSERVED_NIFTY_50_SESSION
360ONE,daily,2016-07-27,2016-07-27,ABSENT_ON_OBSERVED_NIFTY_50_SESSION
360ONE,daily,2016-07-28,2016-07-28,ABSENT_ON_OBSERVED_NIFTY_50_SESSION
360ONE,daily,2016-07-29,2016-07-29,ABSENT_ON_OBSERVED_NIFTY_50_SESSION
360ONE,daily,2016-08-01,2016-08-01,ABSENT_ON_OBSERVED_NIFTY_50_SESSION
360ONE,daily,2016-08-02,2016-08-02,ABSENT_ON_OBSERVED_NIFTY_50_SESSION
360ONE,daily,2016-08-03,2016-08-03,ABSENT_ON_OBSERVED_NIFTY_50_SESSION
360ONE,daily,2016-08-04,2016-08-04,ABSENT_ON_OBSERVED_NIFTY_50_SESSION
360ONE,daily,2016-08-05,2016-08-05,ABSENT_ON_OBSERVED_NIFTY_50_SESSION
360ONE,daily,2016-08-08,2016-08-08,ABSENT_ON_OBSERVED_NIFTY_50_SESSION
360ONE,daily,2016-08-09,2016-08-09,ABSENT_ON_OBSERVED_NIFTY_50_SESSION
360ONE,daily,2016-08-10,2016-08-10,ABSENT_ON_OBSERVED_NIFTY_50_SESSION
360ONE,daily,2016-08-11,2016-08-11,ABSENT_ON_OBSERVED_NIFTY_50_SESSION
360ONE,daily,2016-08-12,2016-08-12,ABSENT_ON_OBSERVED_NIFTY_50_SESSION
360ONE,daily,2016-08-16,2016-08-16,ABSENT_ON_OBSERVED_NIFTY_50_SESSION
360ONE,daily,2016-08-17,2016-08-17,ABSENT_ON_OBSERVED_NIFTY_50_SESSION
360ONE,daily,2016-08-18,2016-08-18,ABSENT_ON_OBSERVED_NIFTY_50_SESSION
360ONE,daily,2016-08-19,2016-08-19,ABSENT_ON_OBSERVED_NIFTY_50_SESSION
360ONE,daily,2016-08-22,2016-08-22,ABSENT_ON_OBSERVED_NIFTY_50_SESSION
360ONE,daily,2016-08-23,2016-08-23,ABSENT_ON_OBSERVED_NIFTY_50_SESSION
360ONE,daily,2016-08-24,2016-08-24,ABSENT_ON_OBSERVED_NIFTY_50_SESSION
360ONE,daily,2016-08-25,2016-08-25,ABSENT_ON_OBSERVED_NIFTY_50_SESSION
360ONE,daily,2016-08-26,2016-08-26,ABSENT_ON_OBSERVED_NIFTY_50_SESSION
360ONE,daily,2016-08-29,2016-08-29,ABSENT_ON_OBSERVED_NIFTY_50_SESSION
360ONE,daily,2016-08-30,2016-08-30,ABSENT_ON_OBSERVED_NIFTY_50_SESSION
360ONE,daily,2016-08-31,2016-08-31,ABSENT_ON_OBSERVED_NIFTY_50_SESSION
360ONE,daily,2016-09-01,2016-09-01,ABSENT_ON_OBSERVED_NIFTY_50_SESSION
360ONE,daily,2016-09-02,2016-09-02,ABSENT_ON_OBSERVED_NIFTY_50_SESSION
360ONE,daily,2016-09-06,2016-09-06,ABSENT_ON_OBSERVED_NIFTY_50_SESSION
360ONE,daily,2016-09-07,2016-09-07,ABSENT_ON_OBSERVED_NIFTY_50_SESSION
360ONE,daily,2016-09-08,2016-09-08,ABSENT_ON_OBSERVED_NIFTY_50_SESSION
360ONE,daily,2016-09-09,2016-09-09,ABSENT_ON_OBSERVED_NIFTY_50_SESSION
360ONE,daily,2016-09-12,2016-09-12,ABSENT_ON_OBSERVED_NIFTY_50_SESSION
360ONE,daily,2016-09-14,2016-09-14,ABSENT_ON_OBSERVED_NIFTY_50_SESSION
360ONE,daily,2016-09-15,2016-09-15,ABSENT_ON_OBSERVED_NIFTY_50_SESSION
360ONE,daily,2016-09-16,2016-09-16,ABSENT_ON_OBSERVED_NIFTY_50_SESSION
360ONE,daily,2016-09-19,2016-09-19,ABSENT_ON_OBSERVED_NIFTY_50_SESSION
360ONE,daily,2016-09-20,2016-09-20,ABSENT_ON_OBSERVED_NIFTY_50_SESSION
360ONE,daily,2016-09-21,2016-09-21,ABSENT_ON_OBSERVED_NIFTY_50_SESSION
360ONE,daily,2016-09-22,2016-09-22,ABSENT_ON_OBSERVED_NIFTY_50_SESSION
360ONE,daily,2016-09-23,2016-09-23,ABSENT_ON_OBSERVED_NIFTY_50_SESSION
360ONE,daily,2016-09-26,2016-09-26,ABSENT_ON_OBSERVED_NIFTY_50_SESSION
360ONE,daily,2016-09-27,2016-09-27,ABSENT_ON_OBSERVED_NIFTY_50_SESSION
360ONE,daily,2016-09-28,2016-09-28,ABSENT_ON_OBSERVED_NIFTY_50_SESSION
360ONE,daily,2016-09-29,2016-09-29,ABSENT_ON_OBSERVED_NIFTY_50_SESSION
360ONE,daily,2016-09-30,2016-09-30,ABSENT_ON_OBSERVED_NIFTY_50_SESSION
360ONE,daily,2016-10-03,2016-10-03,ABSENT_ON_OBSERVED_NIFTY_50_SESSION
360ONE,daily,2016-10-04,2016-10-04,ABSENT_ON_OBSERVED_NIFTY_50_SESSION
360ONE,daily,2016-10-05,2016-10-05,ABSENT_ON_OBSERVED_NIFTY_50_SESSION
360ONE,daily,2016-10-06,2016-10-06,ABSENT_ON_OBSERVED_NIFTY_50_SESSION
360ONE,daily,2016-10-07,2016-10-07,ABSENT_ON_OBSERVED_NIFTY_50_SESSION
360ONE,daily,2016-10-10,2016-10-10,ABSENT_ON_OBSERVED_NIFTY_50_SESSION
360ONE,daily,2016-10-13,2016-10-13,ABSENT_ON_OBSERVED_NIFTY_50_SESSION
360ONE,daily,2016-10-14,2016-10-14,ABSENT_ON_OBSERVED_NIFTY_50_SESSION
360ONE,daily,2016-10-17,2016-10-17,ABSENT_ON_OBSERVED_NIFTY_50_SESSION
360ONE,daily,2016-10-18,2016-10-18,ABSENT_ON_OBSERVED_NIFTY_50_SESSION
360ONE,daily,2016-10-19,2016-10-19,ABSENT_ON_OBSERVED_NIFTY_50_SESSION
360ONE,daily,2016-10-20,2016-10-20,ABSENT_ON_OBSERVED_NIFTY_50_SESSION
360ONE,daily,2016-10-21,2016-10-21,ABSENT_ON_OBSERVED_NIFTY_50_SESSION
360ONE,daily,2016-10-24,2016-10-24,ABSENT_ON_OBSERVED_NIFTY_50_SESSION
360ONE,daily,2016-10-25,2016-10-25,ABSENT_ON_OBSERVED_NIFTY_50_SESSION
360ONE,daily,2016-10-26,2016-10-26,ABSENT_ON_OBSERVED_NIFTY_50_SESSION
360ONE,daily,2016-10-27,2016-10-27,ABSENT_ON_OBSERVED_NIFTY_50_SESSION
360ONE,daily,2016-10-28,2016-10-28,ABSENT_ON_OBSERVED_NIFTY_50_SESSION
360ONE,daily,2016-10-30,2016-10-30,ABSENT_ON_OBSERVED_NIFTY_50_SESSION
360ONE,daily,2016-11-01,2016-11-01,ABSENT_ON_OBSERVED_NIFTY_50_SESSION
360ONE,daily,2016-11-02,2016-11-02,ABSENT_ON_OBSERVED_NIFTY_50_SESSION
360ONE,daily,2016-11-03,2016-11-03,ABSENT_ON_OBSERVED_NIFTY_50_SESSION
360ONE,daily,2016-11-04,2016-11-04,ABSENT_ON_OBSERVED_NIFTY_50_SESSION
360ONE,daily,2016-11-07,2016-11-07,ABSENT_ON_OBSERVED_NIFTY_50_SESSION
360ONE,daily,2016-11-08,2016-11-08,ABSENT_ON_OBSERVED_NIFTY_50_SESSION
360ONE,daily,2016-11-09,2016-11-09,ABSENT_ON_OBSERVED_NIFTY_50_SESSION
360ONE,daily,2016-11-10,2016-11-10,ABSENT_ON_OBSERVED_NIFTY_50_SESSION
360ONE,daily,2016-11-11,2016-11-11,ABSENT_ON_OBSERVED_NIFTY_50_SESSION
360ONE,daily,2016-11-15,2016-11-15,ABSENT_ON_OBSERVED_NIFTY_50_SESSION
360ONE,daily,2016-11-16,2016-11-16,ABSENT_ON_OBSERVED_NIFTY_50_SESSION
360ONE,daily,2016-11-17,2016-11-17,ABSENT_ON_OBSERVED_NIFTY_50_SESSION
360ONE,daily,2016-11-18,2016-11-18,ABSENT_ON_OBSERVED_NIFTY_50_SESSION
360ONE,daily,2016-11-21,2016-11-21,ABSENT_ON_OBSERVED_NIFTY_50_SESSION
360ONE,daily,2016-11-22,2016-11-22,ABSENT_ON_OBSERVED_NIFTY_50_SESSION
360ONE,daily,2016-11-23,2016-11-23,ABSENT_ON_OBSERVED_NIFTY_50_SESSION
360ONE,daily,2016-11-24,2016-11-24,ABSENT_ON_OBSERVED_NIFTY_50_SESSION
360ONE,daily,2016-11-25,2016-11-25,ABSENT_ON_OBSERVED_NIFTY_50_SESSION
360ONE,daily,2016-11-28,2016-11-28,ABSENT_ON_OBSERVED_NIFTY_50_SESSION
360ONE,daily,2016-11-29,2016-11-29,ABSENT_ON_OBSERVED_NIFTY_50_SESSION
360ONE,daily,2016-11-30,2016-11-30,ABSENT_ON_OBSERVED_NIFTY_50_SESSION
360ONE,daily,2016-12-01,2016-12-01,ABSENT_ON_OBSERVED_NIFTY_50_SESSION
360ONE,daily,2016-12-02,2016-12-02,ABSENT_ON_OBSERVED_NIFTY_50_SESSION
360ONE,daily,2016-12-05,2016-12-05,ABSENT_ON_OBSERVED_NIFTY_50_SESSION
360ONE,daily,2016-12-06,2016-12-06,ABSENT_ON_OBSERVED_NIFTY_50_SESSION
360ONE,daily,2016-12-07,2016-12-07,ABSENT_ON_OBSERVED_NIFTY_50_SESSION
360ONE,daily,2016-12-08,2016-12-08,ABSENT_ON_OBSERVED_NIFTY_50_SESSION
360ONE,daily,2016-12-09,2016-12-09,ABSENT_ON_OBSERVED_NIFTY_50_SESSION
360ONE,daily,2016-12-12,2016-12-12,ABSENT_ON_OBSERVED_NIFTY_50_SESSION
360ONE,daily,2016-12-13,2016-12-13,ABSENT_ON_OBSERVED_NIFTY_50_SESSION
360ONE,daily,2016-12-14,2016-12-14,ABSENT_ON_OBSERVED_NIFTY_50_SESSION
360ONE,daily,2016-12-15,2016-12-15,ABSENT_ON_OBSERVED_NIFTY_50_SESSION
360ONE,daily,2016-12-16,2016-12-16,ABSENT_ON_OBSERVED_NIFTY_50_SESSION
360ONE,daily,2016-12-19,2016-12-19,ABSENT_ON_OBSERVED_NIFTY_50_SESSION
360ONE,daily,2016-12-20,2016-12-20,ABSENT_ON_OBSERVED_NIFTY_50_SESSION
360ONE,daily,2016-12-21,2016-12-21,ABSENT_ON_OBSERVED_NIFTY_50_SESSION
360ONE,daily,2016-12-22,2016-12-22,ABSENT_ON_OBSERVED_NIFTY_50_SESSION
360ONE,daily,2016-12-23,2016-12-23,ABSENT_ON_OBSERVED_NIFTY_50_SESSION
360ONE,daily,2016-12-26,2016-12-26,ABSENT_ON_OBSERVED_NIFTY_50_SESSION
360ONE,daily,2016-12-27,2016-12-27,ABSENT_ON_OBSERVED_NIFTY_50_SESSION
360ONE,daily,2016-12-28,2016-12-28,ABSENT_ON_OBSERVED_NIFTY_50_SESSION
360ONE,daily,2016-12-29,2016-12-29,ABSENT_ON_OBSERVED_NIFTY_50_SESSION
360ONE,daily,2016-12-30,2016-12-30,ABSENT_ON_OBSERVED_NIFTY_50_SESSION
360ONE,daily,2017-01-02,2017-01-02,ABSENT_ON_OBSERVED_NIFTY_50_SESSION
360ONE,daily,2017-01-03,2017-01-03,ABSENT_ON_OBSERVED_NIFTY_50_SESSION
360ONE,daily,2017-01-04,2017-01-04,ABSENT_ON_OBSERVED_NIFTY_50_SESSION
360ONE,daily,2017-01-05,2017-01-05,ABSENT_ON_OBSERVED_NIFTY_50_SESSION
360ONE,daily,2017-01-06,2017-01-06,ABSENT_ON_OBSERVED_NIFTY_50_SESSION
360ONE,daily,2017-01-09,2017-01-09,ABSENT_ON_OBSERVED_NIFTY_50_SESSION
360ONE,daily,2017-01-10,2017-01-10,ABSENT_ON_OBSERVED_NIFTY_50_SESSION
360ONE,daily,2017-01-11,2017-01-11,ABSENT_ON_OBSERVED_NIFTY_50_SESSION
360ONE,daily,2017-01-12,2017-01-12,ABSENT_ON_OBSERVED_NIFTY_50_SESSION
360ONE,daily,2017-01-13,2017-01-13,ABSENT_ON_OBSERVED_NIFTY_50_SESSION
360ONE,daily,2017-01-16,2017-01-16,ABSENT_ON_OBSERVED_NIFTY_50_SESSION
360ONE,daily,2017-01-17,2017-01-17,ABSENT_ON_OBSERVED_NIFTY_50_SESSION
360ONE,daily,2017-01-18,2017-01-18,ABSENT_ON_OBSERVED_NIFTY_50_SESSION
360ONE,daily,2017-01-19,2017-01-19,ABSENT_ON_OBSERVED_NIFTY_50_SESSION
360ONE,daily,2017-01-20,2017-01-20,ABSENT_ON_OBSERVED_NIFTY_50_SESSION
360ONE,daily,2017-01-23,2017-01-23,ABSENT_ON_OBSERVED_NIFTY_50_SESSION
360ONE,daily,2017-01-24,2017-01-24,ABSENT_ON_OBSERVED_NIFTY_50_SESSION
360ONE,daily,2017-01-25,2017-01-25,ABSENT_ON_OBSERVED_NIFTY_50_SESSION
360ONE,daily,2017-01-27,2017-01-27,ABSENT_ON_OBSERVED_NIFTY_50_SESSION
360ONE,daily,2017-01-30,2017-01-30,ABSENT_ON_OBSERVED_NIFTY_50_SESSION
360ONE,daily,2017-01-31,2017-01-31,ABSENT_ON_OBSERVED_NIFTY_50_SESSION
360ONE,daily,2017-02-01,2017-02-01,ABSENT_ON_OBSERVED_NIFTY_50_SESSION
360ONE,daily,2017-02-02,2017-02-02,ABSENT_ON_OBSERVED_NIFTY_50_SESSION
360ONE,daily,2017-02-03,2017-02-03,ABSENT_ON_OBSERVED_NIFTY_50_SESSION
360ONE,daily,2017-02-06,2017-02-06,ABSENT_ON_OBSERVED_NIFTY_50_SESSION
360ONE,daily,2017-02-07,2017-02-07,ABSENT_ON_OBSERVED_NIFTY_50_SESSION
360ONE,daily,2017-02-08,2017-02-08,ABSENT_ON_OBSERVED_NIFTY_50_SESSION
360ONE,daily,2017-02-09,2017-02-09,ABSENT_ON_OBSERVED_NIFTY_50_SESSION
360ONE,daily,2017-02-10,2017-02-10,ABSENT_ON_OBSERVED_NIFTY_50_SESSION
360ONE,daily,2017-02-13,2017-02-13,ABSENT_ON_OBSERVED_NIFTY_50_SESSION
360ONE,daily,2017-02-14,2017-02-14,ABSENT_ON_OBSERVED_NIFTY_50_SESSION
360ONE,daily,2017-02-15,2017-02-15,ABSENT_ON_OBSERVED_NIFTY_50_SESSION
360ONE,daily,2017-02-16,2017-02-16,ABSENT_ON_OBSERVED_NIFTY_50_SESSION
360ONE,daily,2017-02-17,2017-02-17,ABSENT_ON_OBSERVED_NIFTY_50_SESSION
360ONE,daily,2017-02-20,2017-02-20,ABSENT_ON_OBSERVED_NIFTY_50_SESSION
360ONE,daily,2017-02-21,2017-02-21,ABSENT_ON_OBSERVED_NIFTY_50_SESSION
360ONE,daily,2017-02-22,2017-02-22,ABSENT_ON_OBSERVED_NIFTY_50_SESSION
360ONE,daily,2017-02-23,2017-02-23,ABSENT_ON_OBSERVED_NIFTY_50_SESSION
360ONE,daily,2017-02-27,2017-02-27,ABSENT_ON_OBSERVED_NIFTY_50_SESSION
360ONE,daily,2017-02-28,2017-02-28,ABSENT_ON_OBSERVED_NIFTY_50_SESSION
360ONE,daily,2017-03-01,2017-03-01,ABSENT_ON_OBSERVED_NIFTY_50_SESSION
360ONE,daily,2017-03-02,2017-03-02,ABSENT_ON_OBSERVED_NIFTY_50_SESSION
360ONE,daily,2017-03-03,2017-03-03,ABSENT_ON_OBSERVED_NIFTY_50_SESSION
360ONE,daily,2017-03-06,2017-03-06,ABSENT_ON_OBSERVED_NIFTY_50_SESSION
360ONE,daily,2017-03-07,2017-03-07,ABSENT_ON_OBSERVED_NIFTY_50_SESSION
360ONE,daily,2017-03-08,2017-03-08,ABSENT_ON_OBSERVED_NIFTY_50_SESSION
360ONE,daily,2017-03-09,2017-03-09,ABSENT_ON_OBSERVED_NIFTY_50_SESSION
360ONE,daily,2017-03-10,2017-03-10,ABSENT_ON_OBSERVED_NIFTY_50_SESSION
360ONE,daily,2017-03-14,2017-03-14,ABSENT_ON_OBSERVED_NIFTY_50_SESSION
360ONE,daily,2017-03-15,2017-03-15,ABSENT_ON_OBSERVED_NIFTY_50_SESSION
360ONE,daily,2017-03-16,2017-03-16,ABSENT_ON_OBSERVED_NIFTY_50_SESSION
360ONE,daily,2017-03-17,2017-03-17,ABSENT_ON_OBSERVED_NIFTY_50_SESSION
360ONE,daily,2017-03-20,2017-03-20,ABSENT_ON_OBSERVED_NIFTY_50_SESSION
360ONE,daily,2017-03-21,2017-03-21,ABSENT_ON_OBSERVED_NIFTY_50_SESSION
360ONE,daily,2017-03-22,2017-03-22,ABSENT_ON_OBSERVED_NIFTY_50_SESSION
360ONE,daily,2017-03-23,2017-03-23,ABSENT_ON_OBSERVED_NIFTY_50_SESSION
360ONE,daily,2017-03-24,2017-03-24,ABSENT_ON_OBSERVED_NIFTY_50_SESSION
360ONE,daily,2017-03-27,2017-03-27,ABSENT_ON_OBSERVED_NIFTY_50_SESSION
360ONE,daily,2017-03-28,2017-03-28,ABSENT_ON_OBSERVED_NIFTY_50_SESSION
360ONE,daily,2017-03-29,2017-03-29,ABSENT_ON_OBSERVED_NIFTY_50_SESSION
360ONE,daily,2017-03-30,2017-03-30,ABSENT_ON_OBSERVED_NIFTY_50_SESSION
360ONE,daily,2017-03-31,2017-03-31,ABSENT_ON_OBSERVED_NIFTY_50_SESSION
360ONE,daily,2017-04-03,2017-04-03,ABSENT_ON_OBSERVED_NIFTY_50_SESSION
360ONE,daily,2017-04-05,2017-04-05,ABSENT_ON_OBSERVED_NIFTY_50_SESSION
360ONE,daily,2017-04-06,2017-04-06,ABSENT_ON_OBSERVED_NIFTY_50_SESSION
360ONE,daily,2017-04-07,2017-04-07,ABSENT_ON_OBSERVED_NIFTY_50_SESSION
360ONE,daily,2017-04-10,2017-04-10,ABSENT_ON_OBSERVED_NIFTY_50_SESSION
360ONE,daily,2017-04-11,2017-04-11,ABSENT_ON_OBSERVED_NIFTY_50_SESSION
360ONE,daily,2017-04-12,2017-04-12,ABSENT_ON_OBSERVED_NIFTY_50_SESSION
360ONE,daily,2017-04-13,2017-04-13,ABSENT_ON_OBSERVED_NIFTY_50_SESSION
360ONE,daily,2017-04-17,2017-04-17,ABSENT_ON_OBSERVED_NIFTY_50_SESSION
360ONE,daily,2017-04-18,2017-04-18,ABSENT_ON_OBSERVED_NIFTY_50_SESSION
360ONE,daily,2017-04-19,2017-04-19,ABSENT_ON_OBSERVED_NIFTY_50_SESSION
360ONE,daily,2017-04-20,2017-04-20,ABSENT_ON_OBSERVED_NIFTY_50_SESSION
360ONE,daily,2017-04-21,2017-04-21,ABSENT_ON_OBSERVED_NIFTY_50_SESSION
360ONE,daily,2017-04-24,2017-04-24,ABSENT_ON_OBSERVED_NIFTY_50_SESSION
360ONE,daily,2017-04-25,2017-04-25,ABSENT_ON_OBSERVED_NIFTY_50_SESSION
360ONE,daily,2017-04-26,2017-04-26,ABSENT_ON_OBSERVED_NIFTY_50_SESSION
360ONE,daily,2017-04-27,2017-04-27,ABSENT_ON_OBSERVED_NIFTY_50_SESSION
360ONE,daily,2017-04-28,2017-04-28,ABSENT_ON_OBSERVED_NIFTY_50_SESSION
360ONE,daily,2017-05-02,2017-05-02,ABSENT_ON_OBSERVED_NIFTY_50_SESSION
360ONE,daily,2017-05-03,2017-05-03,ABSENT_ON_OBSERVED_NIFTY_50_SESSION
360ONE,daily,2017-05-04,2017-05-04,ABSENT_ON_OBSERVED_NIFTY_50_SESSION
360ONE,daily,2017-05-05,2017-05-05,ABSENT_ON_OBSERVED_NIFTY_50_SESSION
360ONE,daily,2017-05-08,2017-05-08,ABSENT_ON_OBSERVED_NIFTY_50_SESSION
360ONE,daily,2017-05-09,2017-05-09,ABSENT_ON_OBSERVED_NIFTY_50_SESSION
360ONE,daily,2017-05-10,2017-05-10,ABSENT_ON_OBSERVED_NIFTY_50_SESSION
360ONE,daily,2017-05-11,2017-05-11,ABSENT_ON_OBSERVED_NIFTY_50_SESSION
360ONE,daily,2017-05-12,2017-05-12,ABSENT_ON_OBSERVED_NIFTY_50_SESSION
360ONE,daily,2017-05-15,2017-05-15,ABSENT_ON_OBSERVED_NIFTY_50_SESSION
360ONE,daily,2017-05-16,2017-05-16,ABSENT_ON_OBSERVED_NIFTY_50_SESSION
360ONE,daily,2017-05-17,2017-05-17,ABSENT_ON_OBSERVED_NIFTY_50_SESSION
360ONE,daily,2017-05-18,2017-05-18,ABSENT_ON_OBSERVED_NIFTY_50_SESSION
360ONE,daily,2017-05-19,2017-05-19,ABSENT_ON_OBSERVED_NIFTY_50_SESSION
360ONE,daily,2017-05-22,2017-05-22,ABSENT_ON_OBSERVED_NIFTY_50_SESSION
360ONE,daily,2017-05-23,2017-05-23,ABSENT_ON_OBSERVED_NIFTY_50_SESSION
360ONE,daily,2017-05-24,2017-05-24,ABSENT_ON_OBSERVED_NIFTY_50_SESSION
360ONE,daily,2017-05-25,2017-05-25,ABSENT_ON_OBSERVED_NIFTY_50_SESSION
360ONE,daily,2017-05-26,2017-05-26,ABSENT_ON_OBSERVED_NIFTY_50_SESSION
360ONE,daily,2017-05-29,2017-05-29,ABSENT_ON_OBSERVED_NIFTY_50_SESSION
360ONE,daily,2017-05-30,2017-05-30,ABSENT_ON_OBSERVED_NIFTY_50_SESSION
360ONE,daily,2017-05-31,2017-05-31,ABSENT_ON_OBSERVED_NIFTY_50_SESSION
360ONE,daily,2017-06-01,2017-06-01,ABSENT_ON_OBSERVED_NIFTY_50_SESSION
360ONE,daily,2017-06-02,2017-06-02,ABSENT_ON_OBSERVED_NIFTY_50_SESSION
360ONE,daily,2017-06-05,2017-06-05,ABSENT_ON_OBSERVED_NIFTY_50_SESSION
360ONE,daily,2017-06-06,2017-06-06,ABSENT_ON_OBSERVED_NIFTY_50_SESSION
360ONE,daily,2017-06-07,2017-06-07,ABSENT_ON_OBSERVED_NIFTY_50_SESSION
360ONE,daily,2017-06-08,2017-06-08,ABSENT_ON_OBSERVED_NIFTY_50_SESSION
360ONE,daily,2017-06-09,2017-06-09,ABSENT_ON_OBSERVED_NIFTY_50_SESSION
360ONE,daily,2017-06-12,2017-06-12,ABSENT_ON_OBSERVED_NIFTY_50_SESSION
360ONE,daily,2017-06-13,2017-06-13,ABSENT_ON_OBSERVED_NIFTY_50_SESSION
360ONE,daily,2017-06-14,2017-06-14,ABSENT_ON_OBSERVED_NIFTY_50_SESSION
360ONE,daily,2017-06-15,2017-06-15,ABSENT_ON_OBSERVED_NIFTY_50_SESSION
360ONE,daily,2017-06-16,2017-06-16,ABSENT_ON_OBSERVED_NIFTY_50_SESSION
360ONE,daily,2017-06-19,2017-06-19,ABSENT_ON_OBSERVED_NIFTY_50_SESSION
360ONE,daily,2017-06-20,2017-06-20,ABSENT_ON_OBSERVED_NIFTY_50_SESSION
360ONE,daily,2017-06-21,2017-06-21,ABSENT_ON_OBSERVED_NIFTY_50_SESSION
360ONE,daily,2017-06-22,2017-06-22,ABSENT_ON_OBSERVED_NIFTY_50_SESSION
360ONE,daily,2017-06-23,2017-06-23,ABSENT_ON_OBSERVED_NIFTY_50_SESSION
360ONE,daily,2017-06-27,2017-06-27,ABSENT_ON_OBSERVED_NIFTY_50_SESSION
360ONE,daily,2017-06-28,2017-06-28,ABSENT_ON_OBSERVED_NIFTY_50_SESSION
360ONE,daily,2017-06-29,2017-06-29,ABSENT_ON_OBSERVED_NIFTY_50_SESSION
360ONE,daily,2017-06-30,2017-06-30,ABSENT_ON_OBSERVED_NIFTY_50_SESSION
360ONE,daily,2017-07-03,2017-07-03,ABSENT_ON_OBSERVED_NIFTY_50_SESSION
360ONE,daily,2017-07-04,2017-07-04,ABSENT_ON_OBSERVED_NIFTY_50_SESSION
360ONE,daily,2017-07-05,2017-07-05,ABSENT_ON_OBSERVED_NIFTY_50_SESSION
360ONE,daily,2017-07-06,2017-07-06,ABSENT_ON_OBSERVED_NIFTY_50_SESSION
360ONE,daily,2017-07-07,2017-07-07,ABSENT_ON_OBSERVED_NIFTY_50_SESSION
360ONE,daily,2017-07-10,2017-07-10,ABSENT_ON_OBSERVED_NIFTY_50_SESSION
360ONE,daily,2017-07-11,2017-07-11,ABSENT_ON_OBSERVED_NIFTY_50_SESSION
360ONE,daily,2017-07-12,2017-07-12,ABSENT_ON_OBSERVED_NIFTY_50_SESSION
360ONE,daily,2017-07-13,2017-07-13,ABSENT_ON_OBSERVED_NIFTY_50_SESSION
360ONE,daily,2017-07-14,2017-07-14,ABSENT_ON_OBSERVED_NIFTY_50_SESSION
360ONE,daily,2017-07-17,2017-07-17,ABSENT_ON_OBSERVED_NIFTY_50_SESSION
360ONE,daily,2017-07-18,2017-07-18,ABSENT_ON_OBSERVED_NIFTY_50_SESSION
360ONE,daily,2017-07-19,2017-07-19,ABSENT_ON_OBSERVED_NIFTY_50_SESSION
360ONE,daily,2017-07-20,2017-07-20,ABSENT_ON_OBSERVED_NIFTY_50_SESSION
360ONE,daily,2017-07-21,2017-07-21,ABSENT_ON_OBSERVED_NIFTY_50_SESSION
360ONE,daily,2017-07-24,2017-07-24,ABSENT_ON_OBSERVED_NIFTY_50_SESSION
360ONE,daily,2017-07-25,2017-07-25,ABSENT_ON_OBSERVED_NIFTY_50_SESSION
360ONE,daily,2017-07-26,2017-07-26,ABSENT_ON_OBSERVED_NIFTY_50_SESSION
360ONE,daily,2017-07-27,2017-07-27,ABSENT_ON_OBSERVED_NIFTY_50_SESSION
360ONE,daily,2017-07-28,2017-07-28,ABSENT_ON_OBSERVED_NIFTY_50_SESSION
360ONE,daily,2017-07-31,2017-07-31,ABSENT_ON_OBSERVED_NIFTY_50_SESSION
360ONE,daily,2017-08-01,2017-08-01,ABSENT_ON_OBSERVED_NIFTY_50_SESSION
360ONE,daily,2017-08-02,2017-08-02,ABSENT_ON_OBSERVED_NIFTY_50_SESSION
360ONE,daily,2017-08-03,2017-08-03,ABSENT_ON_OBSERVED_NIFTY_50_SESSION
360ONE,daily,2017-08-04,2017-08-04,ABSENT_ON_OBSERVED_NIFTY_50_SESSION
360ONE,daily,2017-08-07,2017-08-07,ABSENT_ON_OBSERVED_NIFTY_50_SESSION
360ONE,daily,2017-08-08,2017-08-08,ABSENT_ON_OBSERVED_NIFTY_50_SESSION
360ONE,daily,2017-08-09,2017-08-09,ABSENT_ON_OBSERVED_NIFTY_50_SESSION
360ONE,daily,2017-08-10,2017-08-10,ABSENT_ON_OBSERVED_NIFTY_50_SESSION
360ONE,daily,2017-08-11,2017-08-11,ABSENT_ON_OBSERVED_NIFTY_50_SESSION
360ONE,daily,2017-08-14,2017-08-14,ABSENT_ON_OBSERVED_NIFTY_50_SESSION
360ONE,daily,2017-08-16,2017-08-16,ABSENT_ON_OBSERVED_NIFTY_50_SESSION
360ONE,daily,2017-08-17,2017-08-17,ABSENT_ON_OBSERVED_NIFTY_50_SESSION
360ONE,daily,2017-08-18,2017-08-18,ABSENT_ON_OBSERVED_NIFTY_50_SESSION
360ONE,daily,2017-08-21,2017-08-21,ABSENT_ON_OBSERVED_NIFTY_50_SESSION
360ONE,daily,2017-08-22,2017-08-22,ABSENT_ON_OBSERVED_NIFTY_50_SESSION
360ONE,daily,2017-08-23,2017-08-23,ABSENT_ON_OBSERVED_NIFTY_50_SESSION
360ONE,daily,2017-08-24,2017-08-24,ABSENT_ON_OBSERVED_NIFTY_50_SESSION
360ONE,daily,2017-08-28,2017-08-28,ABSENT_ON_OBSERVED_NIFTY_50_SESSION
360ONE,daily,2017-08-29,2017-08-29,ABSENT_ON_OBSERVED_NIFTY_50_SESSION
360ONE,daily,2017-08-30,2017-08-30,ABSENT_ON_OBSERVED_NIFTY_50_SESSION
360ONE,daily,2017-08-31,2017-08-31,ABSENT_ON_OBSERVED_NIFTY_50_SESSION
360ONE,daily,2017-09-01,2017-09-01,ABSENT_ON_OBSERVED_NIFTY_50_SESSION
360ONE,daily,2017-09-04,2017-09-04,ABSENT_ON_OBSERVED_NIFTY_50_SESSION
360ONE,daily,2017-09-05,2017-09-05,ABSENT_ON_OBSERVED_NIFTY_50_SESSION
360ONE,daily,2017-09-06,2017-09-06,ABSENT_ON_OBSERVED_NIFTY_50_SESSION
360ONE,daily,2017-09-07,2017-09-07,ABSENT_ON_OBSERVED_NIFTY_50_SESSION
360ONE,daily,2017-09-08,2017-09-08,ABSENT_ON_OBSERVED_NIFTY_50_SESSION
360ONE,daily,2017-09-11,2017-09-11,ABSENT_ON_OBSERVED_NIFTY_50_SESSION
360ONE,daily,2017-09-12,2017-09-12,ABSENT_ON_OBSERVED_NIFTY_50_SESSION
360ONE,daily,2017-09-13,2017-09-13,ABSENT_ON_OBSERVED_NIFTY_50_SESSION
360ONE,daily,2017-09-14,2017-09-14,ABSENT_ON_OBSERVED_NIFTY_50_SESSION
360ONE,daily,2017-09-15,2017-09-15,ABSENT_ON_OBSERVED_NIFTY_50_SESSION
360ONE,daily,2017-09-18,2017-09-18,ABSENT_ON_OBSERVED_NIFTY_50_SESSION
360ONE,daily,2017-09-19,2017-09-19,ABSENT_ON_OBSERVED_NIFTY_50_SESSION
360ONE,daily,2017-09-20,2017-09-20,ABSENT_ON_OBSERVED_NIFTY_50_SESSION
360ONE,daily,2017-09-21,2017-09-21,ABSENT_ON_OBSERVED_NIFTY_50_SESSION
360ONE,daily,2017-09-22,2017-09-22,ABSENT_ON_OBSERVED_NIFTY_50_SESSION
360ONE,daily,2017-09-25,2017-09-25,ABSENT_ON_OBSERVED_NIFTY_50_SESSION
360ONE,daily,2017-09-26,2017-09-26,ABSENT_ON_OBSERVED_NIFTY_50_SESSION
360ONE,daily,2017-09-27,2017-09-27,ABSENT_ON_OBSERVED_NIFTY_50_SESSION
360ONE,daily,2017-09-28,2017-09-28,ABSENT_ON_OBSERVED_NIFTY_50_SESSION
360ONE,daily,2017-09-29,2017-09-29,ABSENT_ON_OBSERVED_NIFTY_50_SESSION
360ONE,daily,2017-10-03,2017-10-03,ABSENT_ON_OBSERVED_NIFTY_50_SESSION
360ONE,daily,2017-10-04,2017-10-04,ABSENT_ON_OBSERVED_NIFTY_50_SESSION
360ONE,daily,2017-10-05,2017-10-05,ABSENT_ON_OBSERVED_NIFTY_50_SESSION
360ONE,daily,2017-10-06,2017-10-06,ABSENT_ON_OBSERVED_NIFTY_50_SESSION
360ONE,daily,2017-10-09,2017-10-09,ABSENT_ON_OBSERVED_NIFTY_50_SESSION
360ONE,daily,2017-10-10,2017-10-10,ABSENT_ON_OBSERVED_NIFTY_50_SESSION
360ONE,daily,2017-10-11,2017-10-11,ABSENT_ON_OBSERVED_NIFTY_50_SESSION
360ONE,daily,2017-10-12,2017-10-12,ABSENT_ON_OBSERVED_NIFTY_50_SESSION
360ONE,daily,2017-10-13,2017-10-13,ABSENT_ON_OBSERVED_NIFTY_50_SESSION
360ONE,daily,2017-10-16,2017-10-16,ABSENT_ON_OBSERVED_NIFTY_50_SESSION
360ONE,daily,2017-10-17,2017-10-17,ABSENT_ON_OBSERVED_NIFTY_50_SESSION
360ONE,daily,2017-10-18,2017-10-18,ABSENT_ON_OBSERVED_NIFTY_50_SESSION
360ONE,daily,2017-10-19,2017-10-19,ABSENT_ON_OBSERVED_NIFTY_50_SESSION
360ONE,daily,2017-10-23,2017-10-23,ABSENT_ON_OBSERVED_NIFTY_50_SESSION
360ONE,daily,2017-10-24,2017-10-24,ABSENT_ON_OBSERVED_NIFTY_50_SESSION
360ONE,daily,2017-10-25,2017-10-25,ABSENT_ON_OBSERVED_NIFTY_50_SESSION
360ONE,daily,2017-10-26,2017-10-26,ABSENT_ON_OBSERVED_NIFTY_50_SESSION
360ONE,daily,2017-10-27,2017-10-27,ABSENT_ON_OBSERVED_NIFTY_50_SESSION
360ONE,daily,2017-10-30,2017-10-30,ABSENT_ON_OBSERVED_NIFTY_50_SESSION
360ONE,daily,2017-10-31,2017-10-31,ABSENT_ON_OBSERVED_NIFTY_50_SESSION
360ONE,daily,2017-11-01,2017-11-01,ABSENT_ON_OBSERVED_NIFTY_50_SESSION
360ONE,daily,2017-11-02,2017-11-02,ABSENT_ON_OBSERVED_NIFTY_50_SESSION
360ONE,daily,2017-11-03,2017-11-03,ABSENT_ON_OBSERVED_NIFTY_50_SESSION
360ONE,daily,2017-11-06,2017-11-06,ABSENT_ON_OBSERVED_NIFTY_50_SESSION
360ONE,daily,2017-11-07,2017-11-07,ABSENT_ON_OBSERVED_NIFTY_50_SESSION
360ONE,daily,2017-11-08,2017-11-08,ABSENT_ON_OBSERVED_NIFTY_50_SESSION
360ONE,daily,2017-11-09,2017-11-09,ABSENT_ON_OBSERVED_NIFTY_50_SESSION
360ONE,daily,2017-11-10,2017-11-10,ABSENT_ON_OBSERVED_NIFTY_50_SESSION
360ONE,daily,2017-11-13,2017-11-13,ABSENT_ON_OBSERVED_NIFTY_50_SESSION
360ONE,daily,2017-11-14,2017-11-14,ABSENT_ON_OBSERVED_NIFTY_50_SESSION
360ONE,daily,2017-11-15,2017-11-15,ABSENT_ON_OBSERVED_NIFTY_50_SESSION
360ONE,daily,2017-11-16,2017-11-16,ABSENT_ON_OBSERVED_NIFTY_50_SESSION
360ONE,daily,2017-11-17,2017-11-17,ABSENT_ON_OBSERVED_NIFTY_50_SESSION
360ONE,daily,2017-11-20,2017-11-20,ABSENT_ON_OBSERVED_NIFTY_50_SESSION
360ONE,daily,2017-11-21,2017-11-21,ABSENT_ON_OBSERVED_NIFTY_50_SESSION
360ONE,daily,2017-11-22,2017-11-22,ABSENT_ON_OBSERVED_NIFTY_50_SESSION
360ONE,daily,2017-11-23,2017-11-23,ABSENT_ON_OBSERVED_NIFTY_50_SESSION
360ONE,daily,2017-11-24,2017-11-24,ABSENT_ON_OBSERVED_NIFTY_50_SESSION
360ONE,daily,2017-11-27,2017-11-27,ABSENT_ON_OBSERVED_NIFTY_50_SESSION
360ONE,daily,2017-11-28,2017-11-28,ABSENT_ON_OBSERVED_NIFTY_50_SESSION
360ONE,daily,2017-11-29,2017-11-29,ABSENT_ON_OBSERVED_NIFTY_50_SESSION
360ONE,daily,2017-11-30,2017-11-30,ABSENT_ON_OBSERVED_NIFTY_50_SESSION
360ONE,daily,2017-12-01,2017-12-01,ABSENT_ON_OBSERVED_NIFTY_50_SESSION
360ONE,daily,2017-12-04,2017-12-04,ABSENT_ON_OBSERVED_NIFTY_50_SESSION
360ONE,daily,2017-12-05,2017-12-05,ABSENT_ON_OBSERVED_NIFTY_50_SESSION
360ONE,daily,2017-12-06,2017-12-06,ABSENT_ON_OBSERVED_NIFTY_50_SESSION
360ONE,daily,2017-12-07,2017-12-07,ABSENT_ON_OBSERVED_NIFTY_50_SESSION
360ONE,daily,2017-12-08,2017-12-08,ABSENT_ON_OBSERVED_NIFTY_50_SESSION
360ONE,daily,2017-12-11,2017-12-11,ABSENT_ON_OBSERVED_NIFTY_50_SESSION
360ONE,daily,2017-12-12,2017-12-12,ABSENT_ON_OBSERVED_NIFTY_50_SESSION
360ONE,daily,2017-12-13,2017-12-13,ABSENT_ON_OBSERVED_NIFTY_50_SESSION
360ONE,daily,2017-12-14,2017-12-14,ABSENT_ON_OBSERVED_NIFTY_50_SESSION
360ONE,daily,2017-12-15,2017-12-15,ABSENT_ON_OBSERVED_NIFTY_50_SESSION
360ONE,daily,2017-12-18,2017-12-18,ABSENT_ON_OBSERVED_NIFTY_50_SESSION
360ONE,daily,2017-12-19,2017-12-19,ABSENT_ON_OBSERVED_NIFTY_50_SESSION
360ONE,daily,2017-12-20,2017-12-20,ABSENT_ON_OBSERVED_NIFTY_50_SESSION
360ONE,daily,2017-12-21,2017-12-21,ABSENT_ON_OBSERVED_NIFTY_50_SESSION
360ONE,daily,2017-12-22,2017-12-22,ABSENT_ON_OBSERVED_NIFTY_50_SESSION
360ONE,daily,2017-12-26,2017-12-26,ABSENT_ON_OBSERVED_NIFTY_50_SESSION
360ONE,daily,2017-12-27,2017-12-27,ABSENT_ON_OBSERVED_NIFTY_50_SESSION
360ONE,daily,2017-12-28,2017-12-28,ABSENT_ON_OBSERVED_NIFTY_50_SESSION
360ONE,daily,2017-12-29,2017-12-29,ABSENT_ON_OBSERVED_NIFTY_50_SESSION
360ONE,daily,2018-01-01,2018-01-01,ABSENT_ON_OBSERVED_NIFTY_50_SESSION
360ONE,daily,2018-01-02,2018-01-02,ABSENT_ON_OBSERVED_NIFTY_50_SESSION
360ONE,daily,2018-01-03,2018-01-03,ABSENT_ON_OBSERVED_NIFTY_50_SESSION
360ONE,daily,2018-01-04,2018-01-04,ABSENT_ON_OBSERVED_NIFTY_50_SESSION
360ONE,daily,2018-01-05,2018-01-05,ABSENT_ON_OBSERVED_NIFTY_50_SESSION
360ONE,daily,2018-01-08,2018-01-08,ABSENT_ON_OBSERVED_NIFTY_50_SESSION
360ONE,daily,2018-01-09,2018-01-09,ABSENT_ON_OBSERVED_NIFTY_50_SESSION
360ONE,daily,2018-01-10,2018-01-10,ABSENT_ON_OBSERVED_NIFTY_50_SESSION
360ONE,daily,2018-01-11,2018-01-11,ABSENT_ON_OBSERVED_NIFTY_50_SESSION
360ONE,daily,2018-01-12,2018-01-12,ABSENT_ON_OBSERVED_NIFTY_50_SESSION
360ONE,daily,2018-01-15,2018-01-15,ABSENT_ON_OBSERVED_NIFTY_50_SESSION
360ONE,daily,2018-01-16,2018-01-16,ABSENT_ON_OBSERVED_NIFTY_50_SESSION
360ONE,daily,2018-01-17,2018-01-17,ABSENT_ON_OBSERVED_NIFTY_50_SESSION
360ONE,daily,2018-01-18,2018-01-18,ABSENT_ON_OBSERVED_NIFTY_50_SESSION
360ONE,daily,2018-01-19,2018-01-19,ABSENT_ON_OBSERVED_NIFTY_50_SESSION
360ONE,daily,2018-01-22,2018-01-22,ABSENT_ON_OBSERVED_NIFTY_50_SESSION
360ONE,daily,2018-01-23,2018-01-23,ABSENT_ON_OBSERVED_NIFTY_50_SESSION
360ONE,daily,2018-01-24,2018-01-24,ABSENT_ON_OBSERVED_NIFTY_50_SESSION
360ONE,daily,2018-01-25,2018-01-25,ABSENT_ON_OBSERVED_NIFTY_50_SESSION
360ONE,daily,2018-01-29,2018-01-29,ABSENT_ON_OBSERVED_NIFTY_50_SESSION
360ONE,daily,2018-01-30,2018-01-30,ABSENT_ON_OBSERVED_NIFTY_50_SESSION
360ONE,daily,2018-01-31,2018-01-31,ABSENT_ON_OBSERVED_NIFTY_50_SESSION
360ONE,daily,2018-02-01,2018-02-01,ABSENT_ON_OBSERVED_NIFTY_50_SESSION
360ONE,daily,2018-02-02,2018-02-02,ABSENT_ON_OBSERVED_NIFTY_50_SESSION
360ONE,daily,2018-02-05,2018-02-05,ABSENT_ON_OBSERVED_NIFTY_50_SESSION
360ONE,daily,2018-02-06,2018-02-06,ABSENT_ON_OBSERVED_NIFTY_50_SESSION
360ONE,daily,2018-02-07,2018-02-07,ABSENT_ON_OBSERVED_NIFTY_50_SESSION
360ONE,daily,2018-02-08,2018-02-08,ABSENT_ON_OBSERVED_NIFTY_50_SESSION
360ONE,daily,2018-02-09,2018-02-09,ABSENT_ON_OBSERVED_NIFTY_50_SESSION
360ONE,daily,2018-02-12,2018-02-12,ABSENT_ON_OBSERVED_NIFTY_50_SESSION
360ONE,daily,2018-02-14,2018-02-14,ABSENT_ON_OBSERVED_NIFTY_50_SESSION
360ONE,daily,2018-02-15,2018-02-15,ABSENT_ON_OBSERVED_NIFTY_50_SESSION
360ONE,daily,2018-02-16,2018-02-16,ABSENT_ON_OBSERVED_NIFTY_50_SESSION
360ONE,daily,2018-02-19,2018-02-19,ABSENT_ON_OBSERVED_NIFTY_50_SESSION
360ONE,daily,2018-02-20,2018-02-20,ABSENT_ON_OBSERVED_NIFTY_50_SESSION
360ONE,daily,2018-02-21,2018-02-21,ABSENT_ON_OBSERVED_NIFTY_50_SESSION
360ONE,daily,2018-02-22,2018-02-22,ABSENT_ON_OBSERVED_NIFTY_50_SESSION
360ONE,daily,2018-02-23,2018-02-23,ABSENT_ON_OBSERVED_NIFTY_50_SESSION
360ONE,daily,2018-02-26,2018-02-26,ABSENT_ON_OBSERVED_NIFTY_50_SESSION
360ONE,daily,2018-02-27,2018-02-27,ABSENT_ON_OBSERVED_NIFTY_50_SESSION
360ONE,daily,2018-02-28,2018-02-28,ABSENT_ON_OBSERVED_NIFTY_50_SESSION
360ONE,daily,2018-03-01,2018-03-01,ABSENT_ON_OBSERVED_NIFTY_50_SESSION
360ONE,daily,2018-03-05,2018-03-05,ABSENT_ON_OBSERVED_NIFTY_50_SESSION
360ONE,daily,2018-03-06,2018-03-06,ABSENT_ON_OBSERVED_NIFTY_50_SESSION
360ONE,daily,2018-03-07,2018-03-07,ABSENT_ON_OBSERVED_NIFTY_50_SESSION
360ONE,daily,2018-03-08,2018-03-08,ABSENT_ON_OBSERVED_NIFTY_50_SESSION
360ONE,daily,2018-03-09,2018-03-09,ABSENT_ON_OBSERVED_NIFTY_50_SESSION
360ONE,daily,2018-03-12,2018-03-12,ABSENT_ON_OBSERVED_NIFTY_50_SESSION
360ONE,daily,2018-03-13,2018-03-13,ABSENT_ON_OBSERVED_NIFTY_50_SESSION
360ONE,daily,2018-03-14,2018-03-14,ABSENT_ON_OBSERVED_NIFTY_50_SESSION
360ONE,daily,2018-03-15,2018-03-15,ABSENT_ON_OBSERVED_NIFTY_50_SESSION
360ONE,daily,2018-03-16,2018-03-16,ABSENT_ON_OBSERVED_NIFTY_50_SESSION
360ONE,daily,2018-03-19,2018-03-19,ABSENT_ON_OBSERVED_NIFTY_50_SESSION
360ONE,daily,2018-03-20,2018-03-20,ABSENT_ON_OBSERVED_NIFTY_50_SESSION
360ONE,daily,2018-03-21,2018-03-21,ABSENT_ON_OBSERVED_NIFTY_50_SESSION
360ONE,daily,2018-03-22,2018-03-22,ABSENT_ON_OBSERVED_NIFTY_50_SESSION
360ONE,daily,2018-03-23,2018-03-23,ABSENT_ON_OBSERVED_NIFTY_50_SESSION
360ONE,daily,2018-03-26,2018-03-26,ABSENT_ON_OBSERVED_NIFTY_50_SESSION
360ONE,daily,2018-03-27,2018-03-27,ABSENT_ON_OBSERVED_NIFTY_50_SESSION
360ONE,daily,2018-03-28,2018-03-28,ABSENT_ON_OBSERVED_NIFTY_50_SESSION
360ONE,daily,2018-04-02,2018-04-02,ABSENT_ON_OBSERVED_NIFTY_50_SESSION
360ONE,daily,2018-04-03,2018-04-03,ABSENT_ON_OBSERVED_NIFTY_50_SESSION
360ONE,daily,2018-04-04,2018-04-04,ABSENT_ON_OBSERVED_NIFTY_50_SESSION
360ONE,daily,2018-04-05,2018-04-05,ABSENT_ON_OBSERVED_NIFTY_50_SESSION
360ONE,daily,2018-04-06,2018-04-06,ABSENT_ON_OBSERVED_NIFTY_50_SESSION
360ONE,daily,2018-04-09,2018-04-09,ABSENT_ON_OBSERVED_NIFTY_50_SESSION
360ONE,daily,2018-04-10,2018-04-10,ABSENT_ON_OBSERVED_NIFTY_50_SESSION
360ONE,daily,2018-04-11,2018-04-11,ABSENT_ON_OBSERVED_NIFTY_50_SESSION
360ONE,daily,2018-04-12,2018-04-12,ABSENT_ON_OBSERVED_NIFTY_50_SESSION
360ONE,daily,2018-04-13,2018-04-13,ABSENT_ON_OBSERVED_NIFTY_50_SESSION
360ONE,daily,2018-04-16,2018-04-16,ABSENT_ON_OBSERVED_NIFTY_50_SESSION
360ONE,daily,2018-04-17,2018-04-17,ABSENT_ON_OBSERVED_NIFTY_50_SESSION
360ONE,daily,2018-04-18,2018-04-18,ABSENT_ON_OBSERVED_NIFTY_50_SESSION
360ONE,daily,2018-04-19,2018-04-19,ABSENT_ON_OBSERVED_NIFTY_50_SESSION
360ONE,daily,2018-04-20,2018-04-20,ABSENT_ON_OBSERVED_NIFTY_50_SESSION
360ONE,daily,2018-04-23,2018-04-23,ABSENT_ON_OBSERVED_NIFTY_50_SESSION
360ONE,daily,2018-04-24,2018-04-24,ABSENT_ON_OBSERVED_NIFTY_50_SESSION
360ONE,daily,2018-04-25,2018-04-25,ABSENT_ON_OBSERVED_NIFTY_50_SESSION
360ONE,daily,2018-04-26,2018-04-26,ABSENT_ON_OBSERVED_NIFTY_50_SESSION
360ONE,daily,2018-04-27,2018-04-27,ABSENT_ON_OBSERVED_NIFTY_50_SESSION
360ONE,daily,2018-04-30,2018-04-30,ABSENT_ON_OBSERVED_NIFTY_50_SESSION
360ONE,daily,2018-05-02,2018-05-02,ABSENT_ON_OBSERVED_NIFTY_50_SESSION
360ONE,daily,2018-05-03,2018-05-03,ABSENT_ON_OBSERVED_NIFTY_50_SESSION
360ONE,daily,2018-05-04,2018-05-04,ABSENT_ON_OBSERVED_NIFTY_50_SESSION
360ONE,daily,2018-05-07,2018-05-07,ABSENT_ON_OBSERVED_NIFTY_50_SESSION
360ONE,daily,2018-05-08,2018-05-08,ABSENT_ON_OBSERVED_NIFTY_50_SESSION
360ONE,daily,2018-05-09,2018-05-09,ABSENT_ON_OBSERVED_NIFTY_50_SESSION
360ONE,daily,2018-05-10,2018-05-10,ABSENT_ON_OBSERVED_NIFTY_50_SESSION
360ONE,daily,2018-05-11,2018-05-11,ABSENT_ON_OBSERVED_NIFTY_50_SESSION
360ONE,daily,2018-05-14,2018-05-14,ABSENT_ON_OBSERVED_NIFTY_50_SESSION
360ONE,daily,2018-05-15,2018-05-15,ABSENT_ON_OBSERVED_NIFTY_50_SESSION
360ONE,daily,2018-05-16,2018-05-16,ABSENT_ON_OBSERVED_NIFTY_50_SESSION
360ONE,daily,2018-05-17,2018-05-17,ABSENT_ON_OBSERVED_NIFTY_50_SESSION
360ONE,daily,2018-05-18,2018-05-18,ABSENT_ON_OBSERVED_NIFTY_50_SESSION
360ONE,daily,2018-05-21,2018-05-21,ABSENT_ON_OBSERVED_NIFTY_50_SESSION
360ONE,daily,2018-05-22,2018-05-22,ABSENT_ON_OBSERVED_NIFTY_50_SESSION
360ONE,daily,2018-05-23,2018-05-23,ABSENT_ON_OBSERVED_NIFTY_50_SESSION
360ONE,daily,2018-05-24,2018-05-24,ABSENT_ON_OBSERVED_NIFTY_50_SESSION
360ONE,daily,2018-05-25,2018-05-25,ABSENT_ON_OBSERVED_NIFTY_50_SESSION
360ONE,daily,2018-05-28,2018-05-28,ABSENT_ON_OBSERVED_NIFTY_50_SESSION
360ONE,daily,2018-05-29,2018-05-29,ABSENT_ON_OBSERVED_NIFTY_50_SESSION
360ONE,daily,2018-05-30,2018-05-30,ABSENT_ON_OBSERVED_NIFTY_50_SESSION
360ONE,daily,2018-05-31,2018-05-31,ABSENT_ON_OBSERVED_NIFTY_50_SESSION
360ONE,daily,2018-06-01,2018-06-01,ABSENT_ON_OBSERVED_NIFTY_50_SESSION
360ONE,daily,2018-06-04,2018-06-04,ABSENT_ON_OBSERVED_NIFTY_50_SESSION
360ONE,daily,2018-06-05,2018-06-05,ABSENT_ON_OBSERVED_NIFTY_50_SESSION
360ONE,daily,2018-06-06,2018-06-06,ABSENT_ON_OBSERVED_NIFTY_50_SESSION
360ONE,daily,2018-06-07,2018-06-07,ABSENT_ON_OBSERVED_NIFTY_50_SESSION
360ONE,daily,2018-06-08,2018-06-08,ABSENT_ON_OBSERVED_NIFTY_50_SESSION
360ONE,daily,2018-06-11,2018-06-11,ABSENT_ON_OBSERVED_NIFTY_50_SESSION
360ONE,daily,2018-06-12,2018-06-12,ABSENT_ON_OBSERVED_NIFTY_50_SESSION
360ONE,daily,2018-06-13,2018-06-13,ABSENT_ON_OBSERVED_NIFTY_50_SESSION
360ONE,daily,2018-06-14,2018-06-14,ABSENT_ON_OBSERVED_NIFTY_50_SESSION
360ONE,daily,2018-06-15,2018-06-15,ABSENT_ON_OBSERVED_NIFTY_50_SESSION
360ONE,daily,2018-06-18,2018-06-18,ABSENT_ON_OBSERVED_NIFTY_50_SESSION
360ONE,daily,2018-06-19,2018-06-19,ABSENT_ON_OBSERVED_NIFTY_50_SESSION
360ONE,daily,2018-06-20,2018-06-20,ABSENT_ON_OBSERVED_NIFTY_50_SESSION
360ONE,daily,2018-06-21,2018-06-21,ABSENT_ON_OBSERVED_NIFTY_50_SESSION
360ONE,daily,2018-06-22,2018-06-22,ABSENT_ON_OBSERVED_NIFTY_50_SESSION
360ONE,daily,2018-06-25,2018-06-25,ABSENT_ON_OBSERVED_NIFTY_50_SESSION
360ONE,daily,2018-06-26,2018-06-26,ABSENT_ON_OBSERVED_NIFTY_50_SESSION
360ONE,daily,2018-06-27,2018-06-27,ABSENT_ON_OBSERVED_NIFTY_50_SESSION
360ONE,daily,2018-06-28,2018-06-28,ABSENT_ON_OBSERVED_NIFTY_50_SESSION
360ONE,daily,2018-06-29,2018-06-29,ABSENT_ON_OBSERVED_NIFTY_50_SESSION
360ONE,daily,2018-07-02,2018-07-02,ABSENT_ON_OBSERVED_NIFTY_50_SESSION
360ONE,daily,2018-07-03,2018-07-03,ABSENT_ON_OBSERVED_NIFTY_50_SESSION
360ONE,daily,2018-07-04,2018-07-04,ABSENT_ON_OBSERVED_NIFTY_50_SESSION
360ONE,daily,2018-07-05,2018-07-05,ABSENT_ON_OBSERVED_NIFTY_50_SESSION
360ONE,daily,2018-07-06,2018-07-06,ABSENT_ON_OBSERVED_NIFTY_50_SESSION
360ONE,daily,2018-07-09,2018-07-09,ABSENT_ON_OBSERVED_NIFTY_50_SESSION
360ONE,daily,2018-07-10,2018-07-10,ABSENT_ON_OBSERVED_NIFTY_50_SESSION
360ONE,daily,2018-07-11,2018-07-11,ABSENT_ON_OBSERVED_NIFTY_50_SESSION
360ONE,daily,2018-07-12,2018-07-12,ABSENT_ON_OBSERVED_NIFTY_50_SESSION
360ONE,daily,2018-07-13,2018-07-13,ABSENT_ON_OBSERVED_NIFTY_50_SESSION
360ONE,daily,2018-07-16,2018-07-16,ABSENT_ON_OBSERVED_NIFTY_50_SESSION
360ONE,daily,2018-07-17,2018-07-17,ABSENT_ON_OBSERVED_NIFTY_50_SESSION
360ONE,daily,2018-07-18,2018-07-18,ABSENT_ON_OBSERVED_NIFTY_50_SESSION
360ONE,daily,2018-07-19,2018-07-19,ABSENT_ON_OBSERVED_NIFTY_50_SESSION
360ONE,daily,2018-07-20,2018-07-20,ABSENT_ON_OBSERVED_NIFTY_50_SESSION
360ONE,daily,2018-07-23,2018-07-23,ABSENT_ON_OBSERVED_NIFTY_50_SESSION
360ONE,daily,2018-07-24,2018-07-24,ABSENT_ON_OBSERVED_NIFTY_50_SESSION
360ONE,daily,2018-07-25,2018-07-25,ABSENT_ON_OBSERVED_NIFTY_50_SESSION
360ONE,daily,2018-07-26,2018-07-26,ABSENT_ON_OBSERVED_NIFTY_50_SESSION
360ONE,daily,2018-07-27,2018-07-27,ABSENT_ON_OBSERVED_NIFTY_50_SESSION
360ONE,daily,2018-07-30,2018-07-30,ABSENT_ON_OBSERVED_NIFTY_50_SESSION
360ONE,daily,2018-07-31,2018-07-31,ABSENT_ON_OBSERVED_NIFTY_50_SESSION
360ONE,daily,2018-08-01,2018-08-01,ABSENT_ON_OBSERVED_NIFTY_50_SESSION
360ONE,daily,2018-08-02,2018-08-02,ABSENT_ON_OBSERVED_NIFTY_50_SESSION
360ONE,daily,2018-08-03,2018-08-03,ABSENT_ON_OBSERVED_NIFTY_50_SESSION
360ONE,daily,2018-08-06,2018-08-06,ABSENT_ON_OBSERVED_NIFTY_50_SESSION
360ONE,daily,2018-08-07,2018-08-07,ABSENT_ON_OBSERVED_NIFTY_50_SESSION
360ONE,daily,2018-08-08,2018-08-08,ABSENT_ON_OBSERVED_NIFTY_50_SESSION
360ONE,daily,2018-08-09,2018-08-09,ABSENT_ON_OBSERVED_NIFTY_50_SESSION
360ONE,daily,2018-08-10,2018-08-10,ABSENT_ON_OBSERVED_NIFTY_50_SESSION
360ONE,daily,2018-08-13,2018-08-13,ABSENT_ON_OBSERVED_NIFTY_50_SESSION
360ONE,daily,2018-08-14,2018-08-14,ABSENT_ON_OBSERVED_NIFTY_50_SESSION
360ONE,daily,2018-08-16,2018-08-16,ABSENT_ON_OBSERVED_NIFTY_50_SESSION
360ONE,daily,2018-08-17,2018-08-17,ABSENT_ON_OBSERVED_NIFTY_50_SESSION
360ONE,daily,2018-08-20,2018-08-20,ABSENT_ON_OBSERVED_NIFTY_50_SESSION
360ONE,daily,2018-08-21,2018-08-21,ABSENT_ON_OBSERVED_NIFTY_50_SESSION
360ONE,daily,2018-08-23,2018-08-23,ABSENT_ON_OBSERVED_NIFTY_50_SESSION
360ONE,daily,2018-08-24,2018-08-24,ABSENT_ON_OBSERVED_NIFTY_50_SESSION
360ONE,daily,2018-08-27,2018-08-27,ABSENT_ON_OBSERVED_NIFTY_50_SESSION
360ONE,daily,2018-08-28,2018-08-28,ABSENT_ON_OBSERVED_NIFTY_50_SESSION
360ONE,daily,2018-08-29,2018-08-29,ABSENT_ON_OBSERVED_NIFTY_50_SESSION
360ONE,daily,2018-08-30,2018-08-30,ABSENT_ON_OBSERVED_NIFTY_50_SESSION
360ONE,daily,2018-08-31,2018-08-31,ABSENT_ON_OBSERVED_NIFTY_50_SESSION
360ONE,daily,2018-09-03,2018-09-03,ABSENT_ON_OBSERVED_NIFTY_50_SESSION
360ONE,daily,2018-09-04,2018-09-04,ABSENT_ON_OBSERVED_NIFTY_50_SESSION
360ONE,daily,2018-09-05,2018-09-05,ABSENT_ON_OBSERVED_NIFTY_50_SESSION
360ONE,daily,2018-09-06,2018-09-06,ABSENT_ON_OBSERVED_NIFTY_50_SESSION
360ONE,daily,2018-09-07,2018-09-07,ABSENT_ON_OBSERVED_NIFTY_50_SESSION
360ONE,daily,2018-09-10,2018-09-10,ABSENT_ON_OBSERVED_NIFTY_50_SESSION
360ONE,daily,2018-09-11,2018-09-11,ABSENT_ON_OBSERVED_NIFTY_50_SESSION
360ONE,daily,2018-09-12,2018-09-12,ABSENT_ON_OBSERVED_NIFTY_50_SESSION
360ONE,daily,2018-09-14,2018-09-14,ABSENT_ON_OBSERVED_NIFTY_50_SESSION
360ONE,daily,2018-09-17,2018-09-17,ABSENT_ON_OBSERVED_NIFTY_50_SESSION
360ONE,daily,2018-09-18,2018-09-18,ABSENT_ON_OBSERVED_NIFTY_50_SESSION
360ONE,daily,2018-09-19,2018-09-19,ABSENT_ON_OBSERVED_NIFTY_50_SESSION
360ONE,daily,2018-09-21,2018-09-21,ABSENT_ON_OBSERVED_NIFTY_50_SESSION
360ONE,daily,2018-09-24,2018-09-24,ABSENT_ON_OBSERVED_NIFTY_50_SESSION
360ONE,daily,2018-09-25,2018-09-25,ABSENT_ON_OBSERVED_NIFTY_50_SESSION
360ONE,daily,2018-09-26,2018-09-26,ABSENT_ON_OBSERVED_NIFTY_50_SESSION
360ONE,daily,2018-09-27,2018-09-27,ABSENT_ON_OBSERVED_NIFTY_50_SESSION
360ONE,daily,2018-09-28,2018-09-28,ABSENT_ON_OBSERVED_NIFTY_50_SESSION
360ONE,daily,2018-10-01,2018-10-01,ABSENT_ON_OBSERVED_NIFTY_50_SESSION
360ONE,daily,2018-10-03,2018-10-03,ABSENT_ON_OBSERVED_NIFTY_50_SESSION
360ONE,daily,2018-10-04,2018-10-04,ABSENT_ON_OBSERVED_NIFTY_50_SESSION
360ONE,daily,2018-10-05,2018-10-05,ABSENT_ON_OBSERVED_NIFTY_50_SESSION
360ONE,daily,2018-10-08,2018-10-08,ABSENT_ON_OBSERVED_NIFTY_50_SESSION
360ONE,daily,2018-10-09,2018-10-09,ABSENT_ON_OBSERVED_NIFTY_50_SESSION
360ONE,daily,2018-10-10,2018-10-10,ABSENT_ON_OBSERVED_NIFTY_50_SESSION
360ONE,daily,2018-10-11,2018-10-11,ABSENT_ON_OBSERVED_NIFTY_50_SESSION
360ONE,daily,2018-10-12,2018-10-12,ABSENT_ON_OBSERVED_NIFTY_50_SESSION
360ONE,daily,2018-10-15,2018-10-15,ABSENT_ON_OBSERVED_NIFTY_50_SESSION
360ONE,daily,2018-10-16,2018-10-16,ABSENT_ON_OBSERVED_NIFTY_50_SESSION
360ONE,daily,2018-10-17,2018-10-17,ABSENT_ON_OBSERVED_NIFTY_50_SESSION
360ONE,daily,2018-10-19,2018-10-19,ABSENT_ON_OBSERVED_NIFTY_50_SESSION
360ONE,daily,2018-10-22,2018-10-22,ABSENT_ON_OBSERVED_NIFTY_50_SESSION
360ONE,daily,2018-10-23,2018-10-23,ABSENT_ON_OBSERVED_NIFTY_50_SESSION
360ONE,daily,2018-10-24,2018-10-24,ABSENT_ON_OBSERVED_NIFTY_50_SESSION
360ONE,daily,2018-10-25,2018-10-25,ABSENT_ON_OBSERVED_NIFTY_50_SESSION
360ONE,daily,2018-10-26,2018-10-26,ABSENT_ON_OBSERVED_NIFTY_50_SESSION
360ONE,daily,2018-10-29,2018-10-29,ABSENT_ON_OBSERVED_NIFTY_50_SESSION
360ONE,daily,2018-10-30,2018-10-30,ABSENT_ON_OBSERVED_NIFTY_50_SESSION
360ONE,daily,2018-10-31,2018-10-31,ABSENT_ON_OBSERVED_NIFTY_50_SESSION
360ONE,daily,2018-11-01,2018-11-01,ABSENT_ON_OBSERVED_NIFTY_50_SESSION
360ONE,daily,2018-11-02,2018-11-02,ABSENT_ON_OBSERVED_NIFTY_50_SESSION
360ONE,daily,2018-11-05,2018-11-05,ABSENT_ON_OBSERVED_NIFTY_50_SESSION
360ONE,daily,2018-11-06,2018-11-06,ABSENT_ON_OBSERVED_NIFTY_50_SESSION
360ONE,daily,2018-11-07,2018-11-07,ABSENT_ON_OBSERVED_NIFTY_50_SESSION
360ONE,daily,2018-11-09,2018-11-09,ABSENT_ON_OBSERVED_NIFTY_50_SESSION
360ONE,daily,2018-11-12,2018-11-12,ABSENT_ON_OBSERVED_NIFTY_50_SESSION
360ONE,daily,2018-11-13,2018-11-13,ABSENT_ON_OBSERVED_NIFTY_50_SESSION
360ONE,daily,2018-11-14,2018-11-14,ABSENT_ON_OBSERVED_NIFTY_50_SESSION
360ONE,daily,2018-11-15,2018-11-15,ABSENT_ON_OBSERVED_NIFTY_50_SESSION
360ONE,daily,2018-11-16,2018-11-16,ABSENT_ON_OBSERVED_NIFTY_50_SESSION
360ONE,daily,2018-11-19,2018-11-19,ABSENT_ON_OBSERVED_NIFTY_50_SESSION
360ONE,daily,2018-11-20,2018-11-20,ABSENT_ON_OBSERVED_NIFTY_50_SESSION
360ONE,daily,2018-11-21,2018-11-21,ABSENT_ON_OBSERVED_NIFTY_50_SESSION
360ONE,daily,2018-11-22,2018-11-22,ABSENT_ON_OBSERVED_NIFTY_50_SESSION
360ONE,daily,2018-11-26,2018-11-26,ABSENT_ON_OBSERVED_NIFTY_50_SESSION
360ONE,daily,2018-11-27,2018-11-27,ABSENT_ON_OBSERVED_NIFTY_50_SESSION
360ONE,daily,2018-11-28,2018-11-28,ABSENT_ON_OBSERVED_NIFTY_50_SESSION
360ONE,daily,2018-11-29,2018-11-29,ABSENT_ON_OBSERVED_NIFTY_50_SESSION
360ONE,daily,2018-11-30,2018-11-30,ABSENT_ON_OBSERVED_NIFTY_50_SESSION
360ONE,daily,2018-12-03,2018-12-03,ABSENT_ON_OBSERVED_NIFTY_50_SESSION
360ONE,daily,2018-12-04,2018-12-04,ABSENT_ON_OBSERVED_NIFTY_50_SESSION
360ONE,daily,2018-12-05,2018-12-05,ABSENT_ON_OBSERVED_NIFTY_50_SESSION
360ONE,daily,2018-12-06,2018-12-06,ABSENT_ON_OBSERVED_NIFTY_50_SESSION
360ONE,daily,2018-12-07,2018-12-07,ABSENT_ON_OBSERVED_NIFTY_50_SESSION
360ONE,daily,2018-12-10,2018-12-10,ABSENT_ON_OBSERVED_NIFTY_50_SESSION
360ONE,daily,2018-12-11,2018-12-11,ABSENT_ON_OBSERVED_NIFTY_50_SESSION
360ONE,daily,2018-12-12,2018-12-12,ABSENT_ON_OBSERVED_NIFTY_50_SESSION
360ONE,daily,2018-12-13,2018-12-13,ABSENT_ON_OBSERVED_NIFTY_50_SESSION
360ONE,daily,2018-12-14,2018-12-14,ABSENT_ON_OBSERVED_NIFTY_50_SESSION
360ONE,daily,2018-12-17,2018-12-17,ABSENT_ON_OBSERVED_NIFTY_50_SESSION
360ONE,daily,2018-12-18,2018-12-18,ABSENT_ON_OBSERVED_NIFTY_50_SESSION
360ONE,daily,2018-12-19,2018-12-19,ABSENT_ON_OBSERVED_NIFTY_50_SESSION
360ONE,daily,2018-12-20,2018-12-20,ABSENT_ON_OBSERVED_NIFTY_50_SESSION
360ONE,daily,2018-12-21,2018-12-21,ABSENT_ON_OBSERVED_NIFTY_50_SESSION
360ONE,daily,2018-12-24,2018-12-24,ABSENT_ON_OBSERVED_NIFTY_50_SESSION
360ONE,daily,2018-12-26,2018-12-26,ABSENT_ON_OBSERVED_NIFTY_50_SESSION
360ONE,daily,2018-12-27,2018-12-27,ABSENT_ON_OBSERVED_NIFTY_50_SESSION
360ONE,daily,2018-12-28,2018-12-28,ABSENT_ON_OBSERVED_NIFTY_50_SESSION
360ONE,daily,2018-12-31,2018-12-31,ABSENT_ON_OBSERVED_NIFTY_50_SESSION
360ONE,daily,2019-01-01,2019-01-01,ABSENT_ON_OBSERVED_NIFTY_50_SESSION
360ONE,daily,2019-01-02,2019-01-02,ABSENT_ON_OBSERVED_NIFTY_50_SESSION
360ONE,daily,2019-01-03,2019-01-03,ABSENT_ON_OBSERVED_NIFTY_50_SESSION
360ONE,daily,2019-01-04,2019-01-04,ABSENT_ON_OBSERVED_NIFTY_50_SESSION
360ONE,daily,2019-01-07,2019-01-07,ABSENT_ON_OBSERVED_NIFTY_50_SESSION
360ONE,daily,2019-01-08,2019-01-08,ABSENT_ON_OBSERVED_NIFTY_50_SESSION
360ONE,daily,2019-01-09,2019-01-09,ABSENT_ON_OBSERVED_NIFTY_50_SESSION
360ONE,daily,2019-01-10,2019-01-10,ABSENT_ON_OBSERVED_NIFTY_50_SESSION
360ONE,daily,2019-01-11,2019-01-11,ABSENT_ON_OBSERVED_NIFTY_50_SESSION
360ONE,daily,2019-01-14,2019-01-14,ABSENT_ON_OBSERVED_NIFTY_50_SESSION
360ONE,daily,2019-01-15,2019-01-15,ABSENT_ON_OBSERVED_NIFTY_50_SESSION
360ONE,daily,2019-01-16,2019-01-16,ABSENT_ON_OBSERVED_NIFTY_50_SESSION
360ONE,daily,2019-01-17,2019-01-17,ABSENT_ON_OBSERVED_NIFTY_50_SESSION
360ONE,daily,2019-01-18,2019-01-18,ABSENT_ON_OBSERVED_NIFTY_50_SESSION
360ONE,daily,2019-01-21,2019-01-21,ABSENT_ON_OBSERVED_NIFTY_50_SESSION
360ONE,daily,2019-01-22,2019-01-22,ABSENT_ON_OBSERVED_NIFTY_50_SESSION
360ONE,daily,2019-01-23,2019-01-23,ABSENT_ON_OBSERVED_NIFTY_50_SESSION
360ONE,daily,2019-01-24,2019-01-24,ABSENT_ON_OBSERVED_NIFTY_50_SESSION
360ONE,daily,2019-01-25,2019-01-25,ABSENT_ON_OBSERVED_NIFTY_50_SESSION
360ONE,daily,2019-01-28,2019-01-28,ABSENT_ON_OBSERVED_NIFTY_50_SESSION
360ONE,daily,2019-01-29,2019-01-29,ABSENT_ON_OBSERVED_NIFTY_50_SESSION
360ONE,daily,2019-01-30,2019-01-30,ABSENT_ON_OBSERVED_NIFTY_50_SESSION
360ONE,daily,2019-01-31,2019-01-31,ABSENT_ON_OBSERVED_NIFTY_50_SESSION
360ONE,daily,2019-02-01,2019-02-01,ABSENT_ON_OBSERVED_NIFTY_50_SESSION
360ONE,daily,2019-02-04,2019-02-04,ABSENT_ON_OBSERVED_NIFTY_50_SESSION
360ONE,daily,2019-02-05,2019-02-05,ABSENT_ON_OBSERVED_NIFTY_50_SESSION
360ONE,daily,2019-02-06,2019-02-06,ABSENT_ON_OBSERVED_NIFTY_50_SESSION
360ONE,daily,2019-02-07,2019-02-07,ABSENT_ON_OBSERVED_NIFTY_50_SESSION
360ONE,daily,2019-02-08,2019-02-08,ABSENT_ON_OBSERVED_NIFTY_50_SESSION
360ONE,daily,2019-02-11,2019-02-11,ABSENT_ON_OBSERVED_NIFTY_50_SESSION
360ONE,daily,2019-02-12,2019-02-12,ABSENT_ON_OBSERVED_NIFTY_50_SESSION
360ONE,daily,2019-02-13,2019-02-13,ABSENT_ON_OBSERVED_NIFTY_50_SESSION
360ONE,daily,2019-02-14,2019-02-14,ABSENT_ON_OBSERVED_NIFTY_50_SESSION
360ONE,daily,2019-02-15,2019-02-15,ABSENT_ON_OBSERVED_NIFTY_50_SESSION
360ONE,daily,2019-02-18,2019-02-18,ABSENT_ON_OBSERVED_NIFTY_50_SESSION
360ONE,daily,2019-02-19,2019-02-19,ABSENT_ON_OBSERVED_NIFTY_50_SESSION
360ONE,daily,2019-02-20,2019-02-20,ABSENT_ON_OBSERVED_NIFTY_50_SESSION
360ONE,daily,2019-02-21,2019-02-21,ABSENT_ON_OBSERVED_NIFTY_50_SESSION
360ONE,daily,2019-02-22,2019-02-22,ABSENT_ON_OBSERVED_NIFTY_50_SESSION
360ONE,daily,2019-02-25,2019-02-25,ABSENT_ON_OBSERVED_NIFTY_50_SESSION
360ONE,daily,2019-02-26,2019-02-26,ABSENT_ON_OBSERVED_NIFTY_50_SESSION
360ONE,daily,2019-02-27,2019-02-27,ABSENT_ON_OBSERVED_NIFTY_50_SESSION
360ONE,daily,2019-02-28,2019-02-28,ABSENT_ON_OBSERVED_NIFTY_50_SESSION
360ONE,daily,2019-03-01,2019-03-01,ABSENT_ON_OBSERVED_NIFTY_50_SESSION
360ONE,daily,2019-03-05,2019-03-05,ABSENT_ON_OBSERVED_NIFTY_50_SESSION
360ONE,daily,2019-03-06,2019-03-06,ABSENT_ON_OBSERVED_NIFTY_50_SESSION
360ONE,daily,2019-03-07,2019-03-07,ABSENT_ON_OBSERVED_NIFTY_50_SESSION
360ONE,daily,2019-03-08,2019-03-08,ABSENT_ON_OBSERVED_NIFTY_50_SESSION
360ONE,daily,2019-03-11,2019-03-11,ABSENT_ON_OBSERVED_NIFTY_50_SESSION
360ONE,daily,2019-03-12,2019-03-12,ABSENT_ON_OBSERVED_NIFTY_50_SESSION
360ONE,daily,2019-03-13,2019-03-13,ABSENT_ON_OBSERVED_NIFTY_50_SESSION
360ONE,daily,2019-03-14,2019-03-14,ABSENT_ON_OBSERVED_NIFTY_50_SESSION
360ONE,daily,2019-03-15,2019-03-15,ABSENT_ON_OBSERVED_NIFTY_50_SESSION
360ONE,daily,2019-03-18,2019-03-18,ABSENT_ON_OBSERVED_NIFTY_50_SESSION
360ONE,daily,2019-03-19,2019-03-19,ABSENT_ON_OBSERVED_NIFTY_50_SESSION
360ONE,daily,2019-03-20,2019-03-20,ABSENT_ON_OBSERVED_NIFTY_50_SESSION
360ONE,daily,2019-03-22,2019-03-22,ABSENT_ON_OBSERVED_NIFTY_50_SESSION
360ONE,daily,2019-03-25,2019-03-25,ABSENT_ON_OBSERVED_NIFTY_50_SESSION
360ONE,daily,2019-03-26,2019-03-26,ABSENT_ON_OBSERVED_NIFTY_50_SESSION
360ONE,daily,2019-03-27,2019-03-27,ABSENT_ON_OBSERVED_NIFTY_50_SESSION
360ONE,daily,2019-03-28,2019-03-28,ABSENT_ON_OBSERVED_NIFTY_50_SESSION
360ONE,daily,2019-03-29,2019-03-29,ABSENT_ON_OBSERVED_NIFTY_50_SESSION
360ONE,daily,2019-04-01,2019-04-01,ABSENT_ON_OBSERVED_NIFTY_50_SESSION
360ONE,daily,2019-04-02,2019-04-02,ABSENT_ON_OBSERVED_NIFTY_50_SESSION
360ONE,daily,2019-04-03,2019-04-03,ABSENT_ON_OBSERVED_NIFTY_50_SESSION
360ONE,daily,2019-04-04,2019-04-04,ABSENT_ON_OBSERVED_NIFTY_50_SESSION
360ONE,daily,2019-04-05,2019-04-05,ABSENT_ON_OBSERVED_NIFTY_50_SESSION
360ONE,daily,2019-04-08,2019-04-08,ABSENT_ON_OBSERVED_NIFTY_50_SESSION
360ONE,daily,2019-04-09,2019-04-09,ABSENT_ON_OBSERVED_NIFTY_50_SESSION
360ONE,daily,2019-04-10,2019-04-10,ABSENT_ON_OBSERVED_NIFTY_50_SESSION
360ONE,daily,2019-04-11,2019-04-11,ABSENT_ON_OBSERVED_NIFTY_50_SESSION
360ONE,daily,2019-04-12,2019-04-12,ABSENT_ON_OBSERVED_NIFTY_50_SESSION
360ONE,daily,2019-04-15,2019-04-15,ABSENT_ON_OBSERVED_NIFTY_50_SESSION
360ONE,daily,2019-04-16,2019-04-16,ABSENT_ON_OBSERVED_NIFTY_50_SESSION
360ONE,daily,2019-04-18,2019-04-18,ABSENT_ON_OBSERVED_NIFTY_50_SESSION
360ONE,daily,2019-04-22,2019-04-22,ABSENT_ON_OBSERVED_NIFTY_50_SESSION
360ONE,daily,2019-04-23,2019-04-23,ABSENT_ON_OBSERVED_NIFTY_50_SESSION
360ONE,daily,2019-04-24,2019-04-24,ABSENT_ON_OBSERVED_NIFTY_50_SESSION
360ONE,daily,2019-04-25,2019-04-25,ABSENT_ON_OBSERVED_NIFTY_50_SESSION
360ONE,daily,2019-04-26,2019-04-26,ABSENT_ON_OBSERVED_NIFTY_50_SESSION
360ONE,daily,2019-04-30,2019-04-30,ABSENT_ON_OBSERVED_NIFTY_50_SESSION
360ONE,daily,2019-05-02,2019-05-02,ABSENT_ON_OBSERVED_NIFTY_50_SESSION
360ONE,daily,2019-05-03,2019-05-03,ABSENT_ON_OBSERVED_NIFTY_50_SESSION
360ONE,daily,2019-05-06,2019-05-06,ABSENT_ON_OBSERVED_NIFTY_50_SESSION
360ONE,daily,2019-05-07,2019-05-07,ABSENT_ON_OBSERVED_NIFTY_50_SESSION
360ONE,daily,2019-05-08,2019-05-08,ABSENT_ON_OBSERVED_NIFTY_50_SESSION
360ONE,daily,2019-05-09,2019-05-09,ABSENT_ON_OBSERVED_NIFTY_50_SESSION
360ONE,daily,2019-05-10,2019-05-10,ABSENT_ON_OBSERVED_NIFTY_50_SESSION
360ONE,daily,2019-05-13,2019-05-13,ABSENT_ON_OBSERVED_NIFTY_50_SESSION
360ONE,daily,2019-05-14,2019-05-14,ABSENT_ON_OBSERVED_NIFTY_50_SESSION
360ONE,daily,2019-05-15,2019-05-15,ABSENT_ON_OBSERVED_NIFTY_50_SESSION
360ONE,daily,2019-05-16,2019-05-16,ABSENT_ON_OBSERVED_NIFTY_50_SESSION
360ONE,daily,2019-05-17,2019-05-17,ABSENT_ON_OBSERVED_NIFTY_50_SESSION
360ONE,daily,2019-05-20,2019-05-20,ABSENT_ON_OBSERVED_NIFTY_50_SESSION
360ONE,daily,2019-05-21,2019-05-21,ABSENT_ON_OBSERVED_NIFTY_50_SESSION
360ONE,daily,2019-05-22,2019-05-22,ABSENT_ON_OBSERVED_NIFTY_50_SESSION
360ONE,daily,2019-05-23,2019-05-23,ABSENT_ON_OBSERVED_NIFTY_50_SESSION
360ONE,daily,2019-05-24,2019-05-24,ABSENT_ON_OBSERVED_NIFTY_50_SESSION
360ONE,daily,2019-05-27,2019-05-27,ABSENT_ON_OBSERVED_NIFTY_50_SESSION
360ONE,daily,2019-05-28,2019-05-28,ABSENT_ON_OBSERVED_NIFTY_50_SESSION
360ONE,daily,2019-05-29,2019-05-29,ABSENT_ON_OBSERVED_NIFTY_50_SESSION
360ONE,daily,2019-05-30,2019-05-30,ABSENT_ON_OBSERVED_NIFTY_50_SESSION
360ONE,daily,2019-05-31,2019-05-31,ABSENT_ON_OBSERVED_NIFTY_50_SESSION
360ONE,daily,2019-06-03,2019-06-03,ABSENT_ON_OBSERVED_NIFTY_50_SESSION
360ONE,daily,2019-06-04,2019-06-04,ABSENT_ON_OBSERVED_NIFTY_50_SESSION
360ONE,daily,2019-06-06,2019-06-06,ABSENT_ON_OBSERVED_NIFTY_50_SESSION
360ONE,daily,2019-06-07,2019-06-07,ABSENT_ON_OBSERVED_NIFTY_50_SESSION
360ONE,daily,2019-06-10,2019-06-10,ABSENT_ON_OBSERVED_NIFTY_50_SESSION
360ONE,daily,2019-06-11,2019-06-11,ABSENT_ON_OBSERVED_NIFTY_50_SESSION
360ONE,daily,2019-06-12,2019-06-12,ABSENT_ON_OBSERVED_NIFTY_50_SESSION
360ONE,daily,2019-06-13,2019-06-13,ABSENT_ON_OBSERVED_NIFTY_50_SESSION
360ONE,daily,2019-06-14,2019-06-14,ABSENT_ON_OBSERVED_NIFTY_50_SESSION
360ONE,daily,2019-06-17,2019-06-17,ABSENT_ON_OBSERVED_NIFTY_50_SESSION
360ONE,daily,2019-06-18,2019-06-18,ABSENT_ON_OBSERVED_NIFTY_50_SESSION
360ONE,daily,2019-06-19,2019-06-19,ABSENT_ON_OBSERVED_NIFTY_50_SESSION
360ONE,daily,2019-06-20,2019-06-20,ABSENT_ON_OBSERVED_NIFTY_50_SESSION
360ONE,daily,2019-06-21,2019-06-21,ABSENT_ON_OBSERVED_NIFTY_50_SESSION
360ONE,daily,2019-06-24,2019-06-24,ABSENT_ON_OBSERVED_NIFTY_50_SESSION
360ONE,daily,2019-06-25,2019-06-25,ABSENT_ON_OBSERVED_NIFTY_50_SESSION
360ONE,daily,2019-06-26,2019-06-26,ABSENT_ON_OBSERVED_NIFTY_50_SESSION
360ONE,daily,2019-06-27,2019-06-27,ABSENT_ON_OBSERVED_NIFTY_50_SESSION
360ONE,daily,2019-06-28,2019-06-28,ABSENT_ON_OBSERVED_NIFTY_50_SESSION
360ONE,daily,2019-07-01,2019-07-01,ABSENT_ON_OBSERVED_NIFTY_50_SESSION
360ONE,daily,2019-07-02,2019-07-02,ABSENT_ON_OBSERVED_NIFTY_50_SESSION
360ONE,daily,2019-07-03,2019-07-03,ABSENT_ON_OBSERVED_NIFTY_50_SESSION
360ONE,daily,2019-07-04,2019-07-04,ABSENT_ON_OBSERVED_NIFTY_50_SESSION
360ONE,daily,2019-07-05,2019-07-05,ABSENT_ON_OBSERVED_NIFTY_50_SESSION
360ONE,daily,2019-07-08,2019-07-08,ABSENT_ON_OBSERVED_NIFTY_50_SESSION
360ONE,daily,2019-07-09,2019-07-09,ABSENT_ON_OBSERVED_NIFTY_50_SESSION
360ONE,daily,2019-07-10,2019-07-10,ABSENT_ON_OBSERVED_NIFTY_50_SESSION
360ONE,daily,2019-07-11,2019-07-11,ABSENT_ON_OBSERVED_NIFTY_50_SESSION
360ONE,daily,2019-07-12,2019-07-12,ABSENT_ON_OBSERVED_NIFTY_50_SESSION
360ONE,daily,2019-07-15,2019-07-15,ABSENT_ON_OBSERVED_NIFTY_50_SESSION
360ONE,daily,2019-07-16,2019-07-16,ABSENT_ON_OBSERVED_NIFTY_50_SESSION
360ONE,daily,2019-07-17,2019-07-17,ABSENT_ON_OBSERVED_NIFTY_50_SESSION
360ONE,daily,2019-07-18,2019-07-18,ABSENT_ON_OBSERVED_NIFTY_50_SESSION
360ONE,daily,2019-07-19,2019-07-19,ABSENT_ON_OBSERVED_NIFTY_50_SESSION
360ONE,daily,2019-07-22,2019-07-22,ABSENT_ON_OBSERVED_NIFTY_50_SESSION
360ONE,daily,2019-07-23,2019-07-23,ABSENT_ON_OBSERVED_NIFTY_50_SESSION
360ONE,daily,2019-07-24,2019-07-24,ABSENT_ON_OBSERVED_NIFTY_50_SESSION
360ONE,daily,2019-07-25,2019-07-25,ABSENT_ON_OBSERVED_NIFTY_50_SESSION
360ONE,daily,2019-07-26,2019-07-26,ABSENT_ON_OBSERVED_NIFTY_50_SESSION
360ONE,daily,2019-07-29,2019-07-29,ABSENT_ON_OBSERVED_NIFTY_50_SESSION
360ONE,daily,2019-07-30,2019-07-30,ABSENT_ON_OBSERVED_NIFTY_50_SESSION
360ONE,daily,2019-07-31,2019-07-31,ABSENT_ON_OBSERVED_NIFTY_50_SESSION
360ONE,daily,2019-08-01,2019-08-01,ABSENT_ON_OBSERVED_NIFTY_50_SESSION
360ONE,daily,2019-08-02,2019-08-02,ABSENT_ON_OBSERVED_NIFTY_50_SESSION
360ONE,daily,2019-08-05,2019-08-05,ABSENT_ON_OBSERVED_NIFTY_50_SESSION
360ONE,daily,2019-08-06,2019-08-06,ABSENT_ON_OBSERVED_NIFTY_50_SESSION
360ONE,daily,2019-08-07,2019-08-07,ABSENT_ON_OBSERVED_NIFTY_50_SESSION
360ONE,daily,2019-08-08,2019-08-08,ABSENT_ON_OBSERVED_NIFTY_50_SESSION
360ONE,daily,2019-08-09,2019-08-09,ABSENT_ON_OBSERVED_NIFTY_50_SESSION
360ONE,daily,2019-08-13,2019-08-13,ABSENT_ON_OBSERVED_NIFTY_50_SESSION
360ONE,daily,2019-08-14,2019-08-14,ABSENT_ON_OBSERVED_NIFTY_50_SESSION
360ONE,daily,2019-08-16,2019-08-16,ABSENT_ON_OBSERVED_NIFTY_50_SESSION
360ONE,daily,2019-08-19,2019-08-19,ABSENT_ON_OBSERVED_NIFTY_50_SESSION
360ONE,daily,2019-08-20,2019-08-20,ABSENT_ON_OBSERVED_NIFTY_50_SESSION
360ONE,daily,2019-08-21,2019-08-21,ABSENT_ON_OBSERVED_NIFTY_50_SESSION
360ONE,daily,2019-08-22,2019-08-22,ABSENT_ON_OBSERVED_NIFTY_50_SESSION
360ONE,daily,2019-08-23,2019-08-23,ABSENT_ON_OBSERVED_NIFTY_50_SESSION
360ONE,daily,2019-08-26,2019-08-26,ABSENT_ON_OBSERVED_NIFTY_50_SESSION
360ONE,daily,2019-08-27,2019-08-27,ABSENT_ON_OBSERVED_NIFTY_50_SESSION
360ONE,daily,2019-08-28,2019-08-28,ABSENT_ON_OBSERVED_NIFTY_50_SESSION
360ONE,daily,2019-08-29,2019-08-29,ABSENT_ON_OBSERVED_NIFTY_50_SESSION
360ONE,daily,2019-08-30,2019-08-30,ABSENT_ON_OBSERVED_NIFTY_50_SESSION
360ONE,daily,2019-09-03,2019-09-03,ABSENT_ON_OBSERVED_NIFTY_50_SESSION
360ONE,daily,2019-09-04,2019-09-04,ABSENT_ON_OBSERVED_NIFTY_50_SESSION
360ONE,daily,2019-09-05,2019-09-05,ABSENT_ON_OBSERVED_NIFTY_50_SESSION
360ONE,daily,2019-09-06,2019-09-06,ABSENT_ON_OBSERVED_NIFTY_50_SESSION
360ONE,daily,2019-09-09,2019-09-09,ABSENT_ON_OBSERVED_NIFTY_50_SESSION
360ONE,daily,2019-09-11,2019-09-11,ABSENT_ON_OBSERVED_NIFTY_50_SESSION
360ONE,daily,2019-09-12,2019-09-12,ABSENT_ON_OBSERVED_NIFTY_50_SESSION
360ONE,daily,2019-09-13,2019-09-13,ABSENT_ON_OBSERVED_NIFTY_50_SESSION
360ONE,daily,2019-09-16,2019-09-16,ABSENT_ON_OBSERVED_NIFTY_50_SESSION
360ONE,daily,2019-09-17,2019-09-17,ABSENT_ON_OBSERVED_NIFTY_50_SESSION
360ONE,daily,2019-09-18,2019-09-18,ABSENT_ON_OBSERVED_NIFTY_50_SESSION
360ONE,daily,2019-10-04,2019-10-04,ABSENT_ON_OBSERVED_NIFTY_50_SESSION
ABB,daily,2003-03-22,2003-03-22,ABSENT_ON_OBSERVED_NIFTY_50_SESSION
ABB,daily,2003-10-25,2003-10-25,ABSENT_ON_OBSERVED_NIFTY_50_SESSION
ABB,daily,2003-11-15,2003-11-15,ABSENT_ON_OBSERVED_NIFTY_50_SESSION
ABB,daily,2004-04-17,2004-04-17,ABSENT_ON_OBSERVED_NIFTY_50_SESSION
ABB,daily,2004-05-24,2004-05-24,ABSENT_ON_OBSERVED_NIFTY_50_SESSION
ABB,daily,2004-05-25,2004-05-25,ABSENT_ON_OBSERVED_NIFTY_50_SESSION
ABB,daily,2004-05-26,2004-05-26,ABSENT_ON_OBSERVED_NIFTY_50_SESSION
ABB,daily,2004-05-27,2004-05-27,ABSENT_ON_OBSERVED_NIFTY_50_SESSION
ABB,daily,2004-05-28,2004-05-28,ABSENT_ON_OBSERVED_NIFTY_50_SESSION
ABB,daily,2004-05-31,2004-05-31,ABSENT_ON_OBSERVED_NIFTY_50_SESSION
ABB,daily,2004-06-01,2004-06-01,ABSENT_ON_OBSERVED_NIFTY_50_SESSION
ABB,daily,2004-06-02,2004-06-02,ABSENT_ON_OBSERVED_NIFTY_50_SESSION
ABB,daily,2004-06-03,2004-06-03,ABSENT_ON_OBSERVED_NIFTY_50_SESSION
ABB,daily,2004-06-04,2004-06-04,ABSENT_ON_OBSERVED_NIFTY_50_SESSION
ABB,daily,2004-06-07,2004-06-07,ABSENT_ON_OBSERVED_NIFTY_50_SESSION
ABB,daily,2004-06-08,2004-06-08,ABSENT_ON_OBSERVED_NIFTY_50_SESSION
ABB,daily,2004-06-09,2004-06-09,ABSENT_ON_OBSERVED_NIFTY_50_SESSION
ABB,daily,2004-06-10,2004-06-10,ABSENT_ON_OBSERVED_NIFTY_50_SESSION
ABB,daily,2004-06-11,2004-06-11,ABSENT_ON_OBSERVED_NIFTY_50_SESSION
ABB,daily,2004-06-14,2004-06-14,ABSENT_ON_OBSERVED_NIFTY_50_SESSION
ABB,daily,2004-06-15,2004-06-15,ABSENT_ON_OBSERVED_NIFTY_50_SESSION
ABB,daily,2004-06-16,2004-06-16,ABSENT_ON_OBSERVED_NIFTY_50_SESSION
ABB,daily,2004-06-17,2004-06-17,ABSENT_ON_OBSERVED_NIFTY_50_SESSION
ABB,daily,2004-06-18,2004-06-18,ABSENT_ON_OBSERVED_NIFTY_50_SESSION
ABB,daily,2004-06-21,2004-06-21,ABSENT_ON_OBSERVED_NIFTY_50_SESSION
ABB,daily,2004-06-22,2004-06-22,ABSENT_ON_OBSERVED_NIFTY_50_SESSION
ABB,daily,2004-10-09,2004-10-09,ABSENT_ON_OBSERVED_NIFTY_50_SESSION
ABB,daily,2005-06-04,2005-06-04,ABSENT_ON_OBSERVED_NIFTY_50_SESSION
ABB,daily,2005-11-26,2005-11-26,ABSENT_ON_OBSERVED_NIFTY_50_SESSION
ABB,daily,2006-04-29,2006-04-29,ABSENT_ON_OBSERVED_NIFTY_50_SESSION
ABB,daily,2006-06-25,2006-06-25,ABSENT_ON_OBSERVED_NIFTY_50_SESSION
ABB,daily,2006-10-21,2006-10-21,ABSENT_ON_OBSERVED_NIFTY_50_SESSION
ABB,daily,2009-10-17,2009-10-17,ABSENT_ON_OBSERVED_NIFTY_50_SESSION
ABB,daily,2010-02-06,2010-02-06,ABSENT_ON_OBSERVED_NIFTY_50_SESSION
ABB,daily,2011-10-26,2011-10-26,ABSENT_ON_OBSERVED_NIFTY_50_SESSION
ABB,daily,2012-01-07,2012-01-07,ABSENT_ON_OBSERVED_NIFTY_50_SESSION
ABB,daily,2012-03-03,2012-03-03,ABSENT_ON_OBSERVED_NIFTY_50_SESSION
ABB,daily,2012-04-28,2012-04-28,ABSENT_ON_OBSERVED_NIFTY_50_SESSION
ABB,daily,2012-09-08,2012-09-08,ABSENT_ON_OBSERVED_NIFTY_50_SESSION
ABB,daily,2013-05-11,2013-05-11,ABSENT_ON_OBSERVED_NIFTY_50_SESSION
ABB,daily,2013-11-03,2013-11-03,ABSENT_ON_OBSERVED_NIFTY_50_SESSION
ABB,daily,2014-03-22,2014-03-22,ABSENT_ON_OBSERVED_NIFTY_50_SESSION
ABB,daily,2015-02-28,2015-02-28,ABSENT_ON_OBSERVED_NIFTY_50_SESSION
ABB,daily,2016-10-30,2016-10-30,ABSENT_ON_OBSERVED_NIFTY_50_SESSION
ABB,daily,2017-10-19,2017-10-19,ABSENT_ON_OBSERVED_NIFTY_50_SESSION
ABB,daily,2018-11-07,2018-11-07,ABSENT_ON_OBSERVED_NIFTY_50_SESSION
ABCAPITAL,daily,2017-10-19,2017-10-19,ABSENT_ON_OBSERVED_NIFTY_50_SESSION
ABCAPITAL,daily,2018-11-07,2018-11-07,ABSENT_ON_OBSERVED_NIFTY_50_SESSION
ADANIENSOL,daily,2016-10-30,2016-10-30,ABSENT_ON_OBSERVED_NIFTY_50_SESSION
ADANIENSOL,daily,2017-10-19,2017-10-19,ABSENT_ON_OBSERVED_NIFTY_50_SESSION
ADANIENSOL,daily,2018-11-07,2018-11-07,ABSENT_ON_OBSERVED_NIFTY_50_SESSION
ADANIENT,daily,2015-02-28,2015-02-28,ABSENT_ON_OBSERVED_NIFTY_50_SESSION
ADANIENT,daily,2016-10-30,2016-10-30,ABSENT_ON_OBSERVED_NIFTY_50_SESSION
ADANIENT,daily,2017-10-19,2017-10-19,ABSENT_ON_OBSERVED_NIFTY_50_SESSION
ADANIENT,daily,2018-11-07,2018-11-07,ABSENT_ON_OBSERVED_NIFTY_50_SESSION
ADANIGREEN,daily,2018-11-07,2018-11-07,ABSENT_ON_OBSERVED_NIFTY_50_SESSION
ADANIPORTS,daily,2009-10-17,2009-10-17,ABSENT_ON_OBSERVED_NIFTY_50_SESSION
ADANIPORTS,daily,2010-02-06,2010-02-06,ABSENT_ON_OBSERVED_NIFTY_50_SESSION
ADANIPORTS,daily,2011-10-26,2011-10-26,ABSENT_ON_OBSERVED_NIFTY_50_SESSION
ADANIPORTS,daily,2012-01-07,2012-01-07,ABSENT_ON_OBSERVED_NIFTY_50_SESSION
ADANIPORTS,daily,2012-03-03,2012-03-03,ABSENT_ON_OBSERVED_NIFTY_50_SESSION
ADANIPORTS,daily,2012-04-28,2012-04-28,ABSENT_ON_OBSERVED_NIFTY_50_SESSION
ADANIPORTS,daily,2012-09-08,2012-09-08,ABSENT_ON_OBSERVED_NIFTY_50_SESSION
ADANIPORTS,daily,2013-05-11,2013-05-11,ABSENT_ON_OBSERVED_NIFTY_50_SESSION
ADANIPORTS,daily,2013-11-03,2013-11-03,ABSENT_ON_OBSERVED_NIFTY_50_SESSION
ADANIPORTS,daily,2014-03-22,2014-03-22,ABSENT_ON_OBSERVED_NIFTY_50_SESSION
ADANIPORTS,daily,2015-02-28,2015-02-28,ABSENT_ON_OBSERVED_NIFTY_50_SESSION
ADANIPORTS,daily,2016-10-30,2016-10-30,ABSENT_ON_OBSERVED_NIFTY_50_SESSION
ADANIPORTS,daily,2017-10-19,2017-10-19,ABSENT_ON_OBSERVED_NIFTY_50_SESSION
ADANIPORTS,daily,2018-11-07,2018-11-07,ABSENT_ON_OBSERVED_NIFTY_50_SESSION
ADANIPOWER,daily,2009-10-17,2009-10-17,ABSENT_ON_OBSERVED_NIFTY_50_SESSION
ADANIPOWER,daily,2010-02-06,2010-02-06,ABSENT_ON_OBSERVED_NIFTY_50_SESSION
ADANIPOWER,daily,2011-10-26,2011-10-26,ABSENT_ON_OBSERVED_NIFTY_50_SESSION
ADANIPOWER,daily,2012-01-07,2012-01-07,ABSENT_ON_OBSERVED_NIFTY_50_SESSION
ADANIPOWER,daily,2012-03-03,2012-03-03,ABSENT_ON_OBSERVED_NIFTY_50_SESSION
ADANIPOWER,daily,2012-04-28,2012-04-28,ABSENT_ON_OBSERVED_NIFTY_50_SESSION
ADANIPOWER,daily,2012-09-08,2012-09-08,ABSENT_ON_OBSERVED_NIFTY_50_SESSION
ADANIPOWER,daily,2013-05-11,2013-05-11,ABSENT_ON_OBSERVED_NIFTY_50_SESSION
ADANIPOWER,daily,2013-11-03,2013-11-03,ABSENT_ON_OBSERVED_NIFTY_50_SESSION
ADANIPOWER,daily,2014-03-22,2014-03-22,ABSENT_ON_OBSERVED_NIFTY_50_SESSION
ADANIPOWER,daily,2015-02-28,2015-02-28,ABSENT_ON_OBSERVED_NIFTY_50_SESSION
ADANIPOWER,daily,2016-10-30,2016-10-30,ABSENT_ON_OBSERVED_NIFTY_50_SESSION
ADANIPOWER,daily,2017-10-19,2017-10-19,ABSENT_ON_OBSERVED_NIFTY_50_SESSION
ADANIPOWER,daily,2018-11-07,2018-11-07,ABSENT_ON_OBSERVED_NIFTY_50_SESSION
AMBUJACEM,daily,2003-03-22,2003-03-22,ABSENT_ON_OBSERVED_NIFTY_50_SESSION
AMBUJACEM,daily,2003-10-25,2003-10-25,ABSENT_ON_OBSERVED_NIFTY_50_SESSION
AMBUJACEM,daily,2003-11-15,2003-11-15,ABSENT_ON_OBSERVED_NIFTY_50_SESSION
AMBUJACEM,daily,2004-04-17,2004-04-17,ABSENT_ON_OBSERVED_NIFTY_50_SESSION
AMBUJACEM,daily,2004-05-24,2004-05-24,ABSENT_ON_OBSERVED_NIFTY_50_SESSION
AMBUJACEM,daily,2004-05-25,2004-05-25,ABSENT_ON_OBSERVED_NIFTY_50_SESSION
AMBUJACEM,daily,2004-05-26,2004-05-26,ABSENT_ON_OBSERVED_NIFTY_50_SESSION
AMBUJACEM,daily,2004-05-27,2004-05-27,ABSENT_ON_OBSERVED_NIFTY_50_SESSION
AMBUJACEM,daily,2004-05-28,2004-05-28,ABSENT_ON_OBSERVED_NIFTY_50_SESSION
AMBUJACEM,daily,2004-05-31,2004-05-31,ABSENT_ON_OBSERVED_NIFTY_50_SESSION
AMBUJACEM,daily,2004-06-01,2004-06-01,ABSENT_ON_OBSERVED_NIFTY_50_SESSION
AMBUJACEM,daily,2004-06-02,2004-06-02,ABSENT_ON_OBSERVED_NIFTY_50_SESSION
AMBUJACEM,daily,2004-06-03,2004-06-03,ABSENT_ON_OBSERVED_NIFTY_50_SESSION
AMBUJACEM,daily,2004-06-04,2004-06-04,ABSENT_ON_OBSERVED_NIFTY_50_SESSION
AMBUJACEM,daily,2004-06-07,2004-06-07,ABSENT_ON_OBSERVED_NIFTY_50_SESSION
AMBUJACEM,daily,2004-06-08,2004-06-08,ABSENT_ON_OBSERVED_NIFTY_50_SESSION
AMBUJACEM,daily,2004-06-09,2004-06-09,ABSENT_ON_OBSERVED_NIFTY_50_SESSION
AMBUJACEM,daily,2004-06-10,2004-06-10,ABSENT_ON_OBSERVED_NIFTY_50_SESSION
AMBUJACEM,daily,2004-06-11,2004-06-11,ABSENT_ON_OBSERVED_NIFTY_50_SESSION
AMBUJACEM,daily,2004-06-14,2004-06-14,ABSENT_ON_OBSERVED_NIFTY_50_SESSION
AMBUJACEM,daily,2004-06-15,2004-06-15,ABSENT_ON_OBSERVED_NIFTY_50_SESSION
AMBUJACEM,daily,2004-06-16,2004-06-16,ABSENT_ON_OBSERVED_NIFTY_50_SESSION
AMBUJACEM,daily,2004-06-17,2004-06-17,ABSENT_ON_OBSERVED_NIFTY_50_SESSION
AMBUJACEM,daily,2004-06-18,2004-06-18,ABSENT_ON_OBSERVED_NIFTY_50_SESSION
AMBUJACEM,daily,2004-06-21,2004-06-21,ABSENT_ON_OBSERVED_NIFTY_50_SESSION
AMBUJACEM,daily,2004-06-22,2004-06-22,ABSENT_ON_OBSERVED_NIFTY_50_SESSION
AMBUJACEM,daily,2004-10-09,2004-10-09,ABSENT_ON_OBSERVED_NIFTY_50_SESSION
AMBUJACEM,daily,2005-06-04,2005-06-04,ABSENT_ON_OBSERVED_NIFTY_50_SESSION
AMBUJACEM,daily,2005-11-26,2005-11-26,ABSENT_ON_OBSERVED_NIFTY_50_SESSION
AMBUJACEM,daily,2006-04-29,2006-04-29,ABSENT_ON_OBSERVED_NIFTY_50_SESSION
AMBUJACEM,daily,2006-06-25,2006-06-25,ABSENT_ON_OBSERVED_NIFTY_50_SESSION
AMBUJACEM,daily,2006-10-21,2006-10-21,ABSENT_ON_OBSERVED_NIFTY_50_SESSION
AMBUJACEM,daily,2009-10-17,2009-10-17,ABSENT_ON_OBSERVED_NIFTY_50_SESSION
AMBUJACEM,daily,2010-02-06,2010-02-06,ABSENT_ON_OBSERVED_NIFTY_50_SESSION
AMBUJACEM,daily,2011-10-26,2011-10-26,ABSENT_ON_OBSERVED_NIFTY_50_SESSION
AMBUJACEM,daily,2012-01-07,2012-01-07,ABSENT_ON_OBSERVED_NIFTY_50_SESSION
AMBUJACEM,daily,2012-03-03,2012-03-03,ABSENT_ON_OBSERVED_NIFTY_50_SESSION
AMBUJACEM,daily,2012-04-28,2012-04-28,ABSENT_ON_OBSERVED_NIFTY_50_SESSION
AMBUJACEM,daily,2012-09-08,2012-09-08,ABSENT_ON_OBSERVED_NIFTY_50_SESSION
AMBUJACEM,daily,2013-05-11,2013-05-11,ABSENT_ON_OBSERVED_NIFTY_50_SESSION
AMBUJACEM,daily,2013-11-03,2013-11-03,ABSENT_ON_OBSERVED_NIFTY_50_SESSION
AMBUJACEM,daily,2014-03-22,2014-03-22,ABSENT_ON_OBSERVED_NIFTY_50_SESSION
AMBUJACEM,daily,2015-02-28,2015-02-28,ABSENT_ON_OBSERVED_NIFTY_50_SESSION
AMBUJACEM,daily,2016-10-30,2016-10-30,ABSENT_ON_OBSERVED_NIFTY_50_SESSION
AMBUJACEM,daily,2017-10-19,2017-10-19,ABSENT_ON_OBSERVED_NIFTY_50_SESSION
AMBUJACEM,daily,2018-11-07,2018-11-07,ABSENT_ON_OBSERVED_NIFTY_50_SESSION
APARINDS,daily,2004-10-09,2004-10-09,ABSENT_ON_OBSERVED_NIFTY_50_SESSION
APARINDS,daily,2005-06-04,2005-06-04,ABSENT_ON_OBSERVED_NIFTY_50_SESSION
APARINDS,daily,2005-11-26,2005-11-26,ABSENT_ON_OBSERVED_NIFTY_50_SESSION
APARINDS,daily,2006-04-29,2006-04-29,ABSENT_ON_OBSERVED_NIFTY_50_SESSION
APARINDS,daily,2006-06-25,2006-06-25,ABSENT_ON_OBSERVED_NIFTY_50_SESSION
APARINDS,daily,2006-10-21,2006-10-21,ABSENT_ON_OBSERVED_NIFTY_50_SESSION
APARINDS,daily,2009-10-17,2009-10-17,ABSENT_ON_OBSERVED_NIFTY_50_SESSION
APARINDS,daily,2010-02-06,2010-02-06,ABSENT_ON_OBSERVED_NIFTY_50_SESSION
APARINDS,daily,2011-10-26,2011-10-26,ABSENT_ON_OBSERVED_NIFTY_50_SESSION
APARINDS,daily,2012-01-07,2012-01-07,ABSENT_ON_OBSERVED_NIFTY_50_SESSION
APARINDS,daily,2012-03-03,2012-03-03,ABSENT_ON_OBSERVED_NIFTY_50_SESSION
APARINDS,daily,2012-04-28,2012-04-28,ABSENT_ON_OBSERVED_NIFTY_50_SESSION
APARINDS,daily,2012-09-08,2012-09-08,ABSENT_ON_OBSERVED_NIFTY_50_SESSION
APARINDS,daily,2012-10-16,2012-10-16,ABSENT_ON_OBSERVED_NIFTY_50_SESSION
APARINDS,daily,2013-05-11,2013-05-11,ABSENT_ON_OBSERVED_NIFTY_50_SESSION
APARINDS,daily,2013-11-03,2013-11-03,ABSENT_ON_OBSERVED_NIFTY_50_SESSION
APARINDS,daily,2014-03-22,2014-03-22,ABSENT_ON_OBSERVED_NIFTY_50_SESSION
APARINDS,daily,2015-02-28,2015-02-28,ABSENT_ON_OBSERVED_NIFTY_50_SESSION
APARINDS,daily,2016-10-30,2016-10-30,ABSENT_ON_OBSERVED_NIFTY_50_SESSION
APARINDS,daily,2017-10-19,2017-10-19,ABSENT_ON_OBSERVED_NIFTY_50_SESSION
APARINDS,daily,2018-11-07,2018-11-07,ABSENT_ON_OBSERVED_NIFTY_50_SESSION
APLAPOLLO,daily,2012-01-07,2012-01-07,ABSENT_ON_OBSERVED_NIFTY_50_SESSION
APLAPOLLO,daily,2012-03-03,2012-03-03,ABSENT_ON_OBSERVED_NIFTY_50_SESSION
APLAPOLLO,daily,2012-04-28,2012-04-28,ABSENT_ON_OBSERVED_NIFTY_50_SESSION
APLAPOLLO,daily,2012-09-08,2012-09-08,ABSENT_ON_OBSERVED_NIFTY_50_SESSION
APLAPOLLO,daily,2013-05-11,2013-05-11,ABSENT_ON_OBSERVED_NIFTY_50_SESSION
APLAPOLLO,daily,2013-11-03,2013-11-03,ABSENT_ON_OBSERVED_NIFTY_50_SESSION
APLAPOLLO,daily,2014-03-22,2014-03-22,ABSENT_ON_OBSERVED_NIFTY_50_SESSION
APLAPOLLO,daily,2015-02-28,2015-02-28,ABSENT_ON_OBSERVED_NIFTY_50_SESSION
APLAPOLLO,daily,2016-10-30,2016-10-30,ABSENT_ON_OBSERVED_NIFTY_50_SESSION
APLAPOLLO,daily,2017-10-19,2017-10-19,ABSENT_ON_OBSERVED_NIFTY_50_SESSION
APLAPOLLO,daily,2018-11-07,2018-11-07,ABSENT_ON_OBSERVED_NIFTY_50_SESSION
APOLLOHOSP,daily,2003-03-22,2003-03-22,ABSENT_ON_OBSERVED_NIFTY_50_SESSION
APOLLOHOSP,daily,2003-10-25,2003-10-25,ABSENT_ON_OBSERVED_NIFTY_50_SESSION
APOLLOHOSP,daily,2003-11-15,2003-11-15,ABSENT_ON_OBSERVED_NIFTY_50_SESSION
APOLLOHOSP,daily,2004-04-17,2004-04-17,ABSENT_ON_OBSERVED_NIFTY_50_SESSION
APOLLOHOSP,daily,2004-05-24,2004-05-24,ABSENT_ON_OBSERVED_NIFTY_50_SESSION
APOLLOHOSP,daily,2004-05-25,2004-05-25,ABSENT_ON_OBSERVED_NIFTY_50_SESSION
APOLLOHOSP,daily,2004-05-26,2004-05-26,ABSENT_ON_OBSERVED_NIFTY_50_SESSION
APOLLOHOSP,daily,2004-05-27,2004-05-27,ABSENT_ON_OBSERVED_NIFTY_50_SESSION
APOLLOHOSP,daily,2004-05-28,2004-05-28,ABSENT_ON_OBSERVED_NIFTY_50_SESSION
APOLLOHOSP,daily,2004-05-31,2004-05-31,ABSENT_ON_OBSERVED_NIFTY_50_SESSION
APOLLOHOSP,daily,2004-06-01,2004-06-01,ABSENT_ON_OBSERVED_NIFTY_50_SESSION
APOLLOHOSP,daily,2004-06-02,2004-06-02,ABSENT_ON_OBSERVED_NIFTY_50_SESSION
APOLLOHOSP,daily,2004-06-03,2004-06-03,ABSENT_ON_OBSERVED_NIFTY_50_SESSION
APOLLOHOSP,daily,2004-06-04,2004-06-04,ABSENT_ON_OBSERVED_NIFTY_50_SESSION
APOLLOHOSP,daily,2004-06-07,2004-06-07,ABSENT_ON_OBSERVED_NIFTY_50_SESSION
APOLLOHOSP,daily,2004-06-08,2004-06-08,ABSENT_ON_OBSERVED_NIFTY_50_SESSION
APOLLOHOSP,daily,2004-06-09,2004-06-09,ABSENT_ON_OBSERVED_NIFTY_50_SESSION
APOLLOHOSP,daily,2004-06-10,2004-06-10,ABSENT_ON_OBSERVED_NIFTY_50_SESSION
APOLLOHOSP,daily,2004-06-11,2004-06-11,ABSENT_ON_OBSERVED_NIFTY_50_SESSION
APOLLOHOSP,daily,2004-06-14,2004-06-14,ABSENT_ON_OBSERVED_NIFTY_50_SESSION
APOLLOHOSP,daily,2004-06-15,2004-06-15,ABSENT_ON_OBSERVED_NIFTY_50_SESSION
APOLLOHOSP,daily,2004-06-16,2004-06-16,ABSENT_ON_OBSERVED_NIFTY_50_SESSION
APOLLOHOSP,daily,2004-06-17,2004-06-17,ABSENT_ON_OBSERVED_NIFTY_50_SESSION
APOLLOHOSP,daily,2004-06-18,2004-06-18,ABSENT_ON_OBSERVED_NIFTY_50_SESSION
APOLLOHOSP,daily,2004-06-21,2004-06-21,ABSENT_ON_OBSERVED_NIFTY_50_SESSION
APOLLOHOSP,daily,2004-06-22,2004-06-22,ABSENT_ON_OBSERVED_NIFTY_50_SESSION
APOLLOHOSP,daily,2004-10-09,2004-10-09,ABSENT_ON_OBSERVED_NIFTY_50_SESSION
APOLLOHOSP,daily,2005-06-04,2005-06-04,ABSENT_ON_OBSERVED_NIFTY_50_SESSION
APOLLOHOSP,daily,2005-11-26,2005-11-26,ABSENT_ON_OBSERVED_NIFTY_50_SESSION
APOLLOHOSP,daily,2006-04-29,2006-04-29,ABSENT_ON_OBSERVED_NIFTY_50_SESSION
APOLLOHOSP,daily,2006-06-25,2006-06-25,ABSENT_ON_OBSERVED_NIFTY_50_SESSION
APOLLOHOSP,daily,2006-10-21,2006-10-21,ABSENT_ON_OBSERVED_NIFTY_50_SESSION
APOLLOHOSP,daily,2009-10-17,2009-10-17,ABSENT_ON_OBSERVED_NIFTY_50_SESSION
APOLLOHOSP,daily,2010-02-06,2010-02-06,ABSENT_ON_OBSERVED_NIFTY_50_SESSION
APOLLOHOSP,daily,2011-10-26,2011-10-26,ABSENT_ON_OBSERVED_NIFTY_50_SESSION
APOLLOHOSP,daily,2012-01-07,2012-01-07,ABSENT_ON_OBSERVED_NIFTY_50_SESSION
APOLLOHOSP,daily,2012-03-03,2012-03-03,ABSENT_ON_OBSERVED_NIFTY_50_SESSION
APOLLOHOSP,daily,2012-04-28,2012-04-28,ABSENT_ON_OBSERVED_NIFTY_50_SESSION
APOLLOHOSP,daily,2012-09-08,2012-09-08,ABSENT_ON_OBSERVED_NIFTY_50_SESSION
APOLLOHOSP,daily,2013-05-11,2013-05-11,ABSENT_ON_OBSERVED_NIFTY_50_SESSION
APOLLOHOSP,daily,2013-11-03,2013-11-03,ABSENT_ON_OBSERVED_NIFTY_50_SESSION
APOLLOHOSP,daily,2014-03-22,2014-03-22,ABSENT_ON_OBSERVED_NIFTY_50_SESSION
APOLLOHOSP,daily,2015-02-28,2015-02-28,ABSENT_ON_OBSERVED_NIFTY_50_SESSION
APOLLOHOSP,daily,2016-10-30,2016-10-30,ABSENT_ON_OBSERVED_NIFTY_50_SESSION
APOLLOHOSP,daily,2017-10-19,2017-10-19,ABSENT_ON_OBSERVED_NIFTY_50_SESSION
APOLLOHOSP,daily,2018-11-07,2018-11-07,ABSENT_ON_OBSERVED_NIFTY_50_SESSION
ASHOKLEY,daily,2003-02-14,2003-02-14,ABSENT_ON_OBSERVED_NIFTY_50_SESSION
ASHOKLEY,daily,2003-02-27,2003-02-27,ABSENT_ON_OBSERVED_NIFTY_50_SESSION
ASHOKLEY,daily,2003-02-28,2003-02-28,ABSENT_ON_OBSERVED_NIFTY_50_SESSION
ASHOKLEY,daily,2003-03-03,2003-03-03,ABSENT_ON_OBSERVED_NIFTY_50_SESSION
ASHOKLEY,daily,2003-03-04,2003-03-04,ABSENT_ON_OBSERVED_NIFTY_50_SESSION
ASHOKLEY,daily,2003-03-05,2003-03-05,ABSENT_ON_OBSERVED_NIFTY_50_SESSION
ASHOKLEY,daily,2003-03-06,2003-03-06,ABSENT_ON_OBSERVED_NIFTY_50_SESSION
ASHOKLEY,daily,2003-03-07,2003-03-07,ABSENT_ON_OBSERVED_NIFTY_50_SESSION
ASHOKLEY,daily,2003-03-10,2003-03-10,ABSENT_ON_OBSERVED_NIFTY_50_SESSION
ASHOKLEY,daily,2003-03-11,2003-03-11,ABSENT_ON_OBSERVED_NIFTY_50_SESSION
ASHOKLEY,daily,2003-03-12,2003-03-12,ABSENT_ON_OBSERVED_NIFTY_50_SESSION
ASHOKLEY,daily,2003-03-13,2003-03-13,ABSENT_ON_OBSERVED_NIFTY_50_SESSION
ASHOKLEY,daily,2003-03-17,2003-03-17,ABSENT_ON_OBSERVED_NIFTY_50_SESSION
ASHOKLEY,daily,2003-03-19,2003-03-19,ABSENT_ON_OBSERVED_NIFTY_50_SESSION
ASHOKLEY,daily,2003-03-20,2003-03-20,ABSENT_ON_OBSERVED_NIFTY_50_SESSION
ASHOKLEY,daily,2003-03-22,2003-03-22,ABSENT_ON_OBSERVED_NIFTY_50_SESSION
ASHOKLEY,daily,2003-03-24,2003-03-24,ABSENT_ON_OBSERVED_NIFTY_50_SESSION
ASHOKLEY,daily,2003-03-25,2003-03-25,ABSENT_ON_OBSERVED_NIFTY_50_SESSION
ASHOKLEY,daily,2003-03-26,2003-03-26,ABSENT_ON_OBSERVED_NIFTY_50_SESSION
ASHOKLEY,daily,2003-03-27,2003-03-27,ABSENT_ON_OBSERVED_NIFTY_50_SESSION
ASHOKLEY,daily,2003-03-28,2003-03-28,ABSENT_ON_OBSERVED_NIFTY_50_SESSION
ASHOKLEY,daily,2003-03-31,2003-03-31,ABSENT_ON_OBSERVED_NIFTY_50_SESSION
ASHOKLEY,daily,2003-04-01,2003-04-01,ABSENT_ON_OBSERVED_NIFTY_50_SESSION
ASHOKLEY,daily,2003-04-02,2003-04-02,ABSENT_ON_OBSERVED_NIFTY_50_SESSION
ASHOKLEY,daily,2003-04-03,2003-04-03,ABSENT_ON_OBSERVED_NIFTY_50_SESSION
ASHOKLEY,daily,2003-04-04,2003-04-04,ABSENT_ON_OBSERVED_NIFTY_50_SESSION
ASHOKLEY,daily,2003-04-11,2003-04-11,ABSENT_ON_OBSERVED_NIFTY_50_SESSION
ASHOKLEY,daily,2003-04-15,2003-04-15,ABSENT_ON_OBSERVED_NIFTY_50_SESSION
ASHOKLEY,daily,2003-04-16,2003-04-16,ABSENT_ON_OBSERVED_NIFTY_50_SESSION
ASHOKLEY,daily,2003-04-17,2003-04-17,ABSENT_ON_OBSERVED_NIFTY_50_SESSION
ASHOKLEY,daily,2003-04-21,2003-04-21,ABSENT_ON_OBSERVED_NIFTY_50_SESSION
ASHOKLEY,daily,2003-04-22,2003-04-22,ABSENT_ON_OBSERVED_NIFTY_50_SESSION
ASHOKLEY,daily,2003-04-23,2003-04-23,ABSENT_ON_OBSERVED_NIFTY_50_SESSION
ASHOKLEY,daily,2003-04-25,2003-04-25,ABSENT_ON_OBSERVED_NIFTY_50_SESSION
ASHOKLEY,daily,2003-04-28,2003-04-28,ABSENT_ON_OBSERVED_NIFTY_50_SESSION
ASHOKLEY,daily,2003-04-29,2003-04-29,ABSENT_ON_OBSERVED_NIFTY_50_SESSION
ASHOKLEY,daily,2003-04-30,2003-04-30,ABSENT_ON_OBSERVED_NIFTY_50_SESSION
ASHOKLEY,daily,2003-05-02,2003-05-02,ABSENT_ON_OBSERVED_NIFTY_50_SESSION
ASHOKLEY,daily,2003-05-13,2003-05-13,ABSENT_ON_OBSERVED_NIFTY_50_SESSION
ASHOKLEY,daily,2003-10-25,2003-10-25,ABSENT_ON_OBSERVED_NIFTY_50_SESSION
ASHOKLEY,daily,2003-11-15,2003-11-15,ABSENT_ON_OBSERVED_NIFTY_50_SESSION
ASHOKLEY,daily,2004-04-17,2004-04-17,ABSENT_ON_OBSERVED_NIFTY_50_SESSION
ASHOKLEY,daily,2004-05-24,2004-05-24,ABSENT_ON_OBSERVED_NIFTY_50_SESSION
ASHOKLEY,daily,2004-05-25,2004-05-25,ABSENT_ON_OBSERVED_NIFTY_50_SESSION
ASHOKLEY,daily,2004-05-26,2004-05-26,ABSENT_ON_OBSERVED_NIFTY_50_SESSION
ASHOKLEY,daily,2004-05-27,2004-05-27,ABSENT_ON_OBSERVED_NIFTY_50_SESSION
ASHOKLEY,daily,2004-05-28,2004-05-28,ABSENT_ON_OBSERVED_NIFTY_50_SESSION
ASHOKLEY,daily,2004-05-31,2004-05-31,ABSENT_ON_OBSERVED_NIFTY_50_SESSION
ASHOKLEY,daily,2004-06-01,2004-06-01,ABSENT_ON_OBSERVED_NIFTY_50_SESSION
ASHOKLEY,daily,2004-06-02,2004-06-02,ABSENT_ON_OBSERVED_NIFTY_50_SESSION
ASHOKLEY,daily,2004-06-03,2004-06-03,ABSENT_ON_OBSERVED_NIFTY_50_SESSION
ASHOKLEY,daily,2004-06-04,2004-06-04,ABSENT_ON_OBSERVED_NIFTY_50_SESSION
ASHOKLEY,daily,2004-06-07,2004-06-07,ABSENT_ON_OBSERVED_NIFTY_50_SESSION
ASHOKLEY,daily,2004-06-08,2004-06-08,ABSENT_ON_OBSERVED_NIFTY_50_SESSION
ASHOKLEY,daily,2004-06-09,2004-06-09,ABSENT_ON_OBSERVED_NIFTY_50_SESSION
ASHOKLEY,daily,2004-06-10,2004-06-10,ABSENT_ON_OBSERVED_NIFTY_50_SESSION
ASHOKLEY,daily,2004-06-11,2004-06-11,ABSENT_ON_OBSERVED_NIFTY_50_SESSION
ASHOKLEY,daily,2004-06-14,2004-06-14,ABSENT_ON_OBSERVED_NIFTY_50_SESSION
ASHOKLEY,daily,2004-06-15,2004-06-15,ABSENT_ON_OBSERVED_NIFTY_50_SESSION
ASHOKLEY,daily,2004-06-16,2004-06-16,ABSENT_ON_OBSERVED_NIFTY_50_SESSION
ASHOKLEY,daily,2004-06-17,2004-06-17,ABSENT_ON_OBSERVED_NIFTY_50_SESSION
ASHOKLEY,daily,2004-06-18,2004-06-18,ABSENT_ON_OBSERVED_NIFTY_50_SESSION
ASHOKLEY,daily,2004-06-21,2004-06-21,ABSENT_ON_OBSERVED_NIFTY_50_SESSION
ASHOKLEY,daily,2004-06-22,2004-06-22,ABSENT_ON_OBSERVED_NIFTY_50_SESSION
ASHOKLEY,daily,2004-10-09,2004-10-09,ABSENT_ON_OBSERVED_NIFTY_50_SESSION
ASHOKLEY,daily,2005-06-04,2005-06-04,ABSENT_ON_OBSERVED_NIFTY_50_SESSION
ASHOKLEY,daily,2005-11-26,2005-11-26,ABSENT_ON_OBSERVED_NIFTY_50_SESSION
ASHOKLEY,daily,2006-04-29,2006-04-29,ABSENT_ON_OBSERVED_NIFTY_50_SESSION
ASHOKLEY,daily,2006-06-25,2006-06-25,ABSENT_ON_OBSERVED_NIFTY_50_SESSION
ASHOKLEY,daily,2006-10-21,2006-10-21,ABSENT_ON_OBSERVED_NIFTY_50_SESSION
ASHOKLEY,daily,2009-10-17,2009-10-17,ABSENT_ON_OBSERVED_NIFTY_50_SESSION
ASHOKLEY,daily,2010-02-06,2010-02-06,ABSENT_ON_OBSERVED_NIFTY_50_SESSION
ASHOKLEY,daily,2011-10-26,2011-10-26,ABSENT_ON_OBSERVED_NIFTY_50_SESSION
ASHOKLEY,daily,2012-01-07,2012-01-07,ABSENT_ON_OBSERVED_NIFTY_50_SESSION
ASHOKLEY,daily,2012-03-03,2012-03-03,ABSENT_ON_OBSERVED_NIFTY_50_SESSION
ASHOKLEY,daily,2012-04-28,2012-04-28,ABSENT_ON_OBSERVED_NIFTY_50_SESSION
ASHOKLEY,daily,2012-09-08,2012-09-08,ABSENT_ON_OBSERVED_NIFTY_50_SESSION
ASHOKLEY,daily,2013-05-11,2013-05-11,ABSENT_ON_OBSERVED_NIFTY_50_SESSION
ASHOKLEY,daily,2013-11-03,2013-11-03,ABSENT_ON_OBSERVED_NIFTY_50_SESSION
ASHOKLEY,daily,2014-03-22,2014-03-22,ABSENT_ON_OBSERVED_NIFTY_50_SESSION
ASHOKLEY,daily,2015-02-28,2015-02-28,ABSENT_ON_OBSERVED_NIFTY_50_SESSION
ASHOKLEY,daily,2016-10-30,2016-10-30,ABSENT_ON_OBSERVED_NIFTY_50_SESSION
ASHOKLEY,daily,2017-10-19,2017-10-19,ABSENT_ON_OBSERVED_NIFTY_50_SESSION
ASHOKLEY,daily,2018-11-07,2018-11-07,ABSENT_ON_OBSERVED_NIFTY_50_SESSION
ASIANPAINT,daily,2003-03-22,2003-03-22,ABSENT_ON_OBSERVED_NIFTY_50_SESSION
ASIANPAINT,daily,2003-10-25,2003-10-25,ABSENT_ON_OBSERVED_NIFTY_50_SESSION
ASIANPAINT,daily,2003-11-15,2003-11-15,ABSENT_ON_OBSERVED_NIFTY_50_SESSION
ASIANPAINT,daily,2004-04-17,2004-04-17,ABSENT_ON_OBSERVED_NIFTY_50_SESSION
ASIANPAINT,daily,2004-05-24,2004-05-24,ABSENT_ON_OBSERVED_NIFTY_50_SESSION
ASIANPAINT,daily,2004-05-25,2004-05-25,ABSENT_ON_OBSERVED_NIFTY_50_SESSION
ASIANPAINT,daily,2004-05-26,2004-05-26,ABSENT_ON_OBSERVED_NIFTY_50_SESSION
ASIANPAINT,daily,2004-05-27,2004-05-27,ABSENT_ON_OBSERVED_NIFTY_50_SESSION
ASIANPAINT,daily,2004-05-28,2004-05-28,ABSENT_ON_OBSERVED_NIFTY_50_SESSION
ASIANPAINT,daily,2004-05-31,2004-05-31,ABSENT_ON_OBSERVED_NIFTY_50_SESSION
ASIANPAINT,daily,2004-06-01,2004-06-01,ABSENT_ON_OBSERVED_NIFTY_50_SESSION
ASIANPAINT,daily,2004-06-02,2004-06-02,ABSENT_ON_OBSERVED_NIFTY_50_SESSION
ASIANPAINT,daily,2004-06-03,2004-06-03,ABSENT_ON_OBSERVED_NIFTY_50_SESSION
ASIANPAINT,daily,2004-06-04,2004-06-04,ABSENT_ON_OBSERVED_NIFTY_50_SESSION
ASIANPAINT,daily,2004-06-07,2004-06-07,ABSENT_ON_OBSERVED_NIFTY_50_SESSION
ASIANPAINT,daily,2004-06-08,2004-06-08,ABSENT_ON_OBSERVED_NIFTY_50_SESSION
ASIANPAINT,daily,2004-06-09,2004-06-09,ABSENT_ON_OBSERVED_NIFTY_50_SESSION
ASIANPAINT,daily,2004-06-10,2004-06-10,ABSENT_ON_OBSERVED_NIFTY_50_SESSION
ASIANPAINT,daily,2004-06-11,2004-06-11,ABSENT_ON_OBSERVED_NIFTY_50_SESSION
ASIANPAINT,daily,2004-06-14,2004-06-14,ABSENT_ON_OBSERVED_NIFTY_50_SESSION
ASIANPAINT,daily,2004-06-15,2004-06-15,ABSENT_ON_OBSERVED_NIFTY_50_SESSION
ASIANPAINT,daily,2004-06-16,2004-06-16,ABSENT_ON_OBSERVED_NIFTY_50_SESSION
ASIANPAINT,daily,2004-06-17,2004-06-17,ABSENT_ON_OBSERVED_NIFTY_50_SESSION
ASIANPAINT,daily,2004-06-18,2004-06-18,ABSENT_ON_OBSERVED_NIFTY_50_SESSION
ASIANPAINT,daily,2004-06-21,2004-06-21,ABSENT_ON_OBSERVED_NIFTY_50_SESSION
ASIANPAINT,daily,2004-06-22,2004-06-22,ABSENT_ON_OBSERVED_NIFTY_50_SESSION
ASIANPAINT,daily,2004-10-09,2004-10-09,ABSENT_ON_OBSERVED_NIFTY_50_SESSION
ASIANPAINT,daily,2005-06-04,2005-06-04,ABSENT_ON_OBSERVED_NIFTY_50_SESSION
ASIANPAINT,daily,2005-11-26,2005-11-26,ABSENT_ON_OBSERVED_NIFTY_50_SESSION
ASIANPAINT,daily,2006-04-29,2006-04-29,ABSENT_ON_OBSERVED_NIFTY_50_SESSION
ASIANPAINT,daily,2006-06-25,2006-06-25,ABSENT_ON_OBSERVED_NIFTY_50_SESSION
ASIANPAINT,daily,2006-10-21,2006-10-21,ABSENT_ON_OBSERVED_NIFTY_50_SESSION
ASIANPAINT,daily,2009-10-17,2009-10-17,ABSENT_ON_OBSERVED_NIFTY_50_SESSION
ASIANPAINT,daily,2010-02-06,2010-02-06,ABSENT_ON_OBSERVED_NIFTY_50_SESSION
ASIANPAINT,daily,2011-10-26,2011-10-26,ABSENT_ON_OBSERVED_NIFTY_50_SESSION
ASIANPAINT,daily,2012-01-07,2012-01-07,ABSENT_ON_OBSERVED_NIFTY_50_SESSION
ASIANPAINT,daily,2012-03-03,2012-03-03,ABSENT_ON_OBSERVED_NIFTY_50_SESSION
ASIANPAINT,daily,2012-04-28,2012-04-28,ABSENT_ON_OBSERVED_NIFTY_50_SESSION
ASIANPAINT,daily,2012-09-08,2012-09-08,ABSENT_ON_OBSERVED_NIFTY_50_SESSION
ASIANPAINT,daily,2013-05-11,2013-05-11,ABSENT_ON_OBSERVED_NIFTY_50_SESSION
ASIANPAINT,daily,2013-11-03,2013-11-03,ABSENT_ON_OBSERVED_NIFTY_50_SESSION
ASIANPAINT,daily,2014-03-22,2014-03-22,ABSENT_ON_OBSERVED_NIFTY_50_SESSION
ASIANPAINT,daily,2015-02-28,2015-02-28,ABSENT_ON_OBSERVED_NIFTY_50_SESSION
ASIANPAINT,daily,2016-10-30,2016-10-30,ABSENT_ON_OBSERVED_NIFTY_50_SESSION
ASIANPAINT,daily,2017-10-19,2017-10-19,ABSENT_ON_OBSERVED_NIFTY_50_SESSION
ASIANPAINT,daily,2018-11-07,2018-11-07,ABSENT_ON_OBSERVED_NIFTY_50_SESSION
ASTRAL,daily,2009-10-17,2009-10-17,ABSENT_ON_OBSERVED_NIFTY_50_SESSION
ASTRAL,daily,2010-02-06,2010-02-06,ABSENT_ON_OBSERVED_NIFTY_50_SESSION
ASTRAL,daily,2011-10-26,2011-10-26,ABSENT_ON_OBSERVED_NIFTY_50_SESSION
ASTRAL,daily,2012-01-07,2012-01-07,ABSENT_ON_OBSERVED_NIFTY_50_SESSION
ASTRAL,daily,2012-03-03,2012-03-03,ABSENT_ON_OBSERVED_NIFTY_50_SESSION
ASTRAL,daily,2012-04-28,2012-04-28,ABSENT_ON_OBSERVED_NIFTY_50_SESSION
ASTRAL,daily,2012-09-08,2012-09-08,ABSENT_ON_OBSERVED_NIFTY_50_SESSION
ASTRAL,daily,2013-05-11,2013-05-11,ABSENT_ON_OBSERVED_NIFTY_50_SESSION
ASTRAL,daily,2013-11-03,2013-11-03,ABSENT_ON_OBSERVED_NIFTY_50_SESSION
ASTRAL,daily,2014-03-22,2014-03-22,ABSENT_ON_OBSERVED_NIFTY_50_SESSION
ASTRAL,daily,2015-02-28,2015-02-28,ABSENT_ON_OBSERVED_NIFTY_50_SESSION
ASTRAL,daily,2016-10-30,2016-10-30,ABSENT_ON_OBSERVED_NIFTY_50_SESSION
ASTRAL,daily,2017-10-19,2017-10-19,ABSENT_ON_OBSERVED_NIFTY_50_SESSION
ASTRAL,daily,2018-11-07,2018-11-07,ABSENT_ON_OBSERVED_NIFTY_50_SESSION
ATGL,daily,2018-11-07,2018-11-07,ABSENT_ON_OBSERVED_NIFTY_50_SESSION
AUBANK,daily,2017-10-19,2017-10-19,ABSENT_ON_OBSERVED_NIFTY_50_SESSION
AUBANK,daily,2018-11-07,2018-11-07,ABSENT_ON_OBSERVED_NIFTY_50_SESSION
AUROPHARMA,daily,2003-03-22,2003-03-22,ABSENT_ON_OBSERVED_NIFTY_50_SESSION
AUROPHARMA,daily,2003-10-25,2003-10-25,ABSENT_ON_OBSERVED_NIFTY_50_SESSION
AUROPHARMA,daily,2003-11-15,2003-11-15,ABSENT_ON_OBSERVED_NIFTY_50_SESSION
AUROPHARMA,daily,2004-04-17,2004-04-17,ABSENT_ON_OBSERVED_NIFTY_50_SESSION
AUROPHARMA,daily,2004-05-24,2004-05-24,ABSENT_ON_OBSERVED_NIFTY_50_SESSION
AUROPHARMA,daily,2004-05-25,2004-05-25,ABSENT_ON_OBSERVED_NIFTY_50_SESSION
AUROPHARMA,daily,2004-05-26,2004-05-26,ABSENT_ON_OBSERVED_NIFTY_50_SESSION
AUROPHARMA,daily,2004-05-27,2004-05-27,ABSENT_ON_OBSERVED_NIFTY_50_SESSION
AUROPHARMA,daily,2004-05-28,2004-05-28,ABSENT_ON_OBSERVED_NIFTY_50_SESSION
AUROPHARMA,daily,2004-05-31,2004-05-31,ABSENT_ON_OBSERVED_NIFTY_50_SESSION
AUROPHARMA,daily,2004-06-01,2004-06-01,ABSENT_ON_OBSERVED_NIFTY_50_SESSION
AUROPHARMA,daily,2004-06-02,2004-06-02,ABSENT_ON_OBSERVED_NIFTY_50_SESSION
AUROPHARMA,daily,2004-06-03,2004-06-03,ABSENT_ON_OBSERVED_NIFTY_50_SESSION
AUROPHARMA,daily,2004-06-04,2004-06-04,ABSENT_ON_OBSERVED_NIFTY_50_SESSION
AUROPHARMA,daily,2004-06-07,2004-06-07,ABSENT_ON_OBSERVED_NIFTY_50_SESSION
AUROPHARMA,daily,2004-06-08,2004-06-08,ABSENT_ON_OBSERVED_NIFTY_50_SESSION
AUROPHARMA,daily,2004-06-09,2004-06-09,ABSENT_ON_OBSERVED_NIFTY_50_SESSION
AUROPHARMA,daily,2004-06-10,2004-06-10,ABSENT_ON_OBSERVED_NIFTY_50_SESSION
AUROPHARMA,daily,2004-06-11,2004-06-11,ABSENT_ON_OBSERVED_NIFTY_50_SESSION
AUROPHARMA,daily,2004-06-14,2004-06-14,ABSENT_ON_OBSERVED_NIFTY_50_SESSION
AUROPHARMA,daily,2004-06-15,2004-06-15,ABSENT_ON_OBSERVED_NIFTY_50_SESSION
AUROPHARMA,daily,2004-06-16,2004-06-16,ABSENT_ON_OBSERVED_NIFTY_50_SESSION
AUROPHARMA,daily,2004-06-17,2004-06-17,ABSENT_ON_OBSERVED_NIFTY_50_SESSION
AUROPHARMA,daily,2004-06-18,2004-06-18,ABSENT_ON_OBSERVED_NIFTY_50_SESSION
AUROPHARMA,daily,2004-06-21,2004-06-21,ABSENT_ON_OBSERVED_NIFTY_50_SESSION
AUROPHARMA,daily,2004-06-22,2004-06-22,ABSENT_ON_OBSERVED_NIFTY_50_SESSION
AUROPHARMA,daily,2004-10-09,2004-10-09,ABSENT_ON_OBSERVED_NIFTY_50_SESSION
AUROPHARMA,daily,2005-06-04,2005-06-04,ABSENT_ON_OBSERVED_NIFTY_50_SESSION
AUROPHARMA,daily,2005-11-26,2005-11-26,ABSENT_ON_OBSERVED_NIFTY_50_SESSION
AUROPHARMA,daily,2006-04-29,2006-04-29,ABSENT_ON_OBSERVED_NIFTY_50_SESSION
AUROPHARMA,daily,2006-06-25,2006-06-25,ABSENT_ON_OBSERVED_NIFTY_50_SESSION
AUROPHARMA,daily,2006-10-21,2006-10-21,ABSENT_ON_OBSERVED_NIFTY_50_SESSION
AUROPHARMA,daily,2009-10-17,2009-10-17,ABSENT_ON_OBSERVED_NIFTY_50_SESSION
AUROPHARMA,daily,2010-02-06,2010-02-06,ABSENT_ON_OBSERVED_NIFTY_50_SESSION
AUROPHARMA,daily,2011-10-26,2011-10-26,ABSENT_ON_OBSERVED_NIFTY_50_SESSION
AUROPHARMA,daily,2012-01-07,2012-01-07,ABSENT_ON_OBSERVED_NIFTY_50_SESSION
AUROPHARMA,daily,2012-03-03,2012-03-03,ABSENT_ON_OBSERVED_NIFTY_50_SESSION
AUROPHARMA,daily,2012-04-28,2012-04-28,ABSENT_ON_OBSERVED_NIFTY_50_SESSION
AUROPHARMA,daily,2012-09-08,2012-09-08,ABSENT_ON_OBSERVED_NIFTY_50_SESSION
AUROPHARMA,daily,2013-05-11,2013-05-11,ABSENT_ON_OBSERVED_NIFTY_50_SESSION
AUROPHARMA,daily,2013-11-03,2013-11-03,ABSENT_ON_OBSERVED_NIFTY_50_SESSION
AUROPHARMA,daily,2014-03-22,2014-03-22,ABSENT_ON_OBSERVED_NIFTY_50_SESSION
AUROPHARMA,daily,2015-02-28,2015-02-28,ABSENT_ON_OBSERVED_NIFTY_50_SESSION
AUROPHARMA,daily,2016-10-30,2016-10-30,ABSENT_ON_OBSERVED_NIFTY_50_SESSION
AUROPHARMA,daily,2017-10-19,2017-10-19,ABSENT_ON_OBSERVED_NIFTY_50_SESSION
AUROPHARMA,daily,2018-11-07,2018-11-07,ABSENT_ON_OBSERVED_NIFTY_50_SESSION
AXISBANK,daily,2003-03-22,2003-03-22,ABSENT_ON_OBSERVED_NIFTY_50_SESSION
AXISBANK,daily,2003-10-25,2003-10-25,ABSENT_ON_OBSERVED_NIFTY_50_SESSION
AXISBANK,daily,2003-11-15,2003-11-15,ABSENT_ON_OBSERVED_NIFTY_50_SESSION
AXISBANK,daily,2004-04-17,2004-04-17,ABSENT_ON_OBSERVED_NIFTY_50_SESSION
AXISBANK,daily,2004-05-24,2004-05-24,ABSENT_ON_OBSERVED_NIFTY_50_SESSION
AXISBANK,daily,2004-05-25,2004-05-25,ABSENT_ON_OBSERVED_NIFTY_50_SESSION
AXISBANK,daily,2004-05-26,2004-05-26,ABSENT_ON_OBSERVED_NIFTY_50_SESSION
AXISBANK,daily,2004-05-27,2004-05-27,ABSENT_ON_OBSERVED_NIFTY_50_SESSION
AXISBANK,daily,2004-05-28,2004-05-28,ABSENT_ON_OBSERVED_NIFTY_50_SESSION
AXISBANK,daily,2004-05-31,2004-05-31,ABSENT_ON_OBSERVED_NIFTY_50_SESSION
AXISBANK,daily,2004-06-01,2004-06-01,ABSENT_ON_OBSERVED_NIFTY_50_SESSION
AXISBANK,daily,2004-06-02,2004-06-02,ABSENT_ON_OBSERVED_NIFTY_50_SESSION
AXISBANK,daily,2004-06-03,2004-06-03,ABSENT_ON_OBSERVED_NIFTY_50_SESSION
AXISBANK,daily,2004-06-04,2004-06-04,ABSENT_ON_OBSERVED_NIFTY_50_SESSION
AXISBANK,daily,2004-06-07,2004-06-07,ABSENT_ON_OBSERVED_NIFTY_50_SESSION
AXISBANK,daily,2004-06-08,2004-06-08,ABSENT_ON_OBSERVED_NIFTY_50_SESSION
AXISBANK,daily,2004-06-09,2004-06-09,ABSENT_ON_OBSERVED_NIFTY_50_SESSION
AXISBANK,daily,2004-06-10,2004-06-10,ABSENT_ON_OBSERVED_NIFTY_50_SESSION
AXISBANK,daily,2004-06-11,2004-06-11,ABSENT_ON_OBSERVED_NIFTY_50_SESSION
AXISBANK,daily,2004-06-14,2004-06-14,ABSENT_ON_OBSERVED_NIFTY_50_SESSION
AXISBANK,daily,2004-06-15,2004-06-15,ABSENT_ON_OBSERVED_NIFTY_50_SESSION
AXISBANK,daily,2004-06-16,2004-06-16,ABSENT_ON_OBSERVED_NIFTY_50_SESSION
AXISBANK,daily,2004-06-17,2004-06-17,ABSENT_ON_OBSERVED_NIFTY_50_SESSION
AXISBANK,daily,2004-06-18,2004-06-18,ABSENT_ON_OBSERVED_NIFTY_50_SESSION
AXISBANK,daily,2004-06-21,2004-06-21,ABSENT_ON_OBSERVED_NIFTY_50_SESSION
AXISBANK,daily,2004-06-22,2004-06-22,ABSENT_ON_OBSERVED_NIFTY_50_SESSION
AXISBANK,daily,2004-10-09,2004-10-09,ABSENT_ON_OBSERVED_NIFTY_50_SESSION
AXISBANK,daily,2005-06-04,2005-06-04,ABSENT_ON_OBSERVED_NIFTY_50_SESSION
AXISBANK,daily,2005-11-26,2005-11-26,ABSENT_ON_OBSERVED_NIFTY_50_SESSION
AXISBANK,daily,2006-04-29,2006-04-29,ABSENT_ON_OBSERVED_NIFTY_50_SESSION
AXISBANK,daily,2006-06-25,2006-06-25,ABSENT_ON_OBSERVED_NIFTY_50_SESSION
AXISBANK,daily,2006-10-21,2006-10-21,ABSENT_ON_OBSERVED_NIFTY_50_SESSION
AXISBANK,daily,2009-10-17,2009-10-17,ABSENT_ON_OBSERVED_NIFTY_50_SESSION
AXISBANK,daily,2010-02-06,2010-02-06,ABSENT_ON_OBSERVED_NIFTY_50_SESSION
AXISBANK,daily,2011-10-26,2011-10-26,ABSENT_ON_OBSERVED_NIFTY_50_SESSION
AXISBANK,daily,2012-01-07,2012-01-07,ABSENT_ON_OBSERVED_NIFTY_50_SESSION
AXISBANK,daily,2012-03-03,2012-03-03,ABSENT_ON_OBSERVED_NIFTY_50_SESSION
AXISBANK,daily,2012-04-28,2012-04-28,ABSENT_ON_OBSERVED_NIFTY_50_SESSION
AXISBANK,daily,2012-09-08,2012-09-08,ABSENT_ON_OBSERVED_NIFTY_50_SESSION
AXISBANK,daily,2013-05-11,2013-05-11,ABSENT_ON_OBSERVED_NIFTY_50_SESSION
AXISBANK,daily,2013-11-03,2013-11-03,ABSENT_ON_OBSERVED_NIFTY_50_SESSION
AXISBANK,daily,2014-03-22,2014-03-22,ABSENT_ON_OBSERVED_NIFTY_50_SESSION
AXISBANK,daily,2015-02-28,2015-02-28,ABSENT_ON_OBSERVED_NIFTY_50_SESSION
AXISBANK,daily,2016-10-30,2016-10-30,ABSENT_ON_OBSERVED_NIFTY_50_SESSION
AXISBANK,daily,2017-10-19,2017-10-19,ABSENT_ON_OBSERVED_NIFTY_50_SESSION
AXISBANK,daily,2018-11-07,2018-11-07,ABSENT_ON_OBSERVED_NIFTY_50_SESSION
BAJAJ-AUTO,daily,2009-10-17,2009-10-17,ABSENT_ON_OBSERVED_NIFTY_50_SESSION
BAJAJ-AUTO,daily,2010-02-06,2010-02-06,ABSENT_ON_OBSERVED_NIFTY_50_SESSION
BAJAJ-AUTO,daily,2011-10-26,2011-10-26,ABSENT_ON_OBSERVED_NIFTY_50_SESSION
BAJAJ-AUTO,daily,2012-01-07,2012-01-07,ABSENT_ON_OBSERVED_NIFTY_50_SESSION
BAJAJ-AUTO,daily,2012-03-03,2012-03-03,ABSENT_ON_OBSERVED_NIFTY_50_SESSION
BAJAJ-AUTO,daily,2012-04-28,2012-04-28,ABSENT_ON_OBSERVED_NIFTY_50_SESSION
BAJAJ-AUTO,daily,2012-09-08,2012-09-08,ABSENT_ON_OBSERVED_NIFTY_50_SESSION
BAJAJ-AUTO,daily,2013-05-11,2013-05-11,ABSENT_ON_OBSERVED_NIFTY_50_SESSION
BAJAJ-AUTO,daily,2013-11-03,2013-11-03,ABSENT_ON_OBSERVED_NIFTY_50_SESSION
BAJAJ-AUTO,daily,2014-03-22,2014-03-22,ABSENT_ON_OBSERVED_NIFTY_50_SESSION
BAJAJ-AUTO,daily,2015-02-28,2015-02-28,ABSENT_ON_OBSERVED_NIFTY_50_SESSION
BAJAJ-AUTO,daily,2016-10-30,2016-10-30,ABSENT_ON_OBSERVED_NIFTY_50_SESSION
BAJAJ-AUTO,daily,2017-10-19,2017-10-19,ABSENT_ON_OBSERVED_NIFTY_50_SESSION
BAJAJ-AUTO,daily,2018-11-07,2018-11-07,ABSENT_ON_OBSERVED_NIFTY_50_SESSION
BAJAJFINSV,daily,2009-10-17,2009-10-17,ABSENT_ON_OBSERVED_NIFTY_50_SESSION
BAJAJFINSV,daily,2010-02-06,2010-02-06,ABSENT_ON_OBSERVED_NIFTY_50_SESSION
BAJAJFINSV,daily,2011-10-26,2011-10-26,ABSENT_ON_OBSERVED_NIFTY_50_SESSION
BAJAJFINSV,daily,2012-01-07,2012-01-07,ABSENT_ON_OBSERVED_NIFTY_50_SESSION
BAJAJFINSV,daily,2012-03-03,2012-03-03,ABSENT_ON_OBSERVED_NIFTY_50_SESSION
BAJAJFINSV,daily,2012-04-28,2012-04-28,ABSENT_ON_OBSERVED_NIFTY_50_SESSION
BAJAJFINSV,daily,2012-09-08,2012-09-08,ABSENT_ON_OBSERVED_NIFTY_50_SESSION
BAJAJFINSV,daily,2013-05-11,2013-05-11,ABSENT_ON_OBSERVED_NIFTY_50_SESSION
BAJAJFINSV,daily,2013-11-03,2013-11-03,ABSENT_ON_OBSERVED_NIFTY_50_SESSION
BAJAJFINSV,daily,2014-03-22,2014-03-22,ABSENT_ON_OBSERVED_NIFTY_50_SESSION
BAJAJFINSV,daily,2015-02-28,2015-02-28,ABSENT_ON_OBSERVED_NIFTY_50_SESSION
BAJAJFINSV,daily,2016-10-30,2016-10-30,ABSENT_ON_OBSERVED_NIFTY_50_SESSION
BAJAJFINSV,daily,2017-10-19,2017-10-19,ABSENT_ON_OBSERVED_NIFTY_50_SESSION
BAJAJFINSV,daily,2018-11-07,2018-11-07,ABSENT_ON_OBSERVED_NIFTY_50_SESSION
BAJAJHLDNG,daily,2003-03-22,2003-03-22,ABSENT_ON_OBSERVED_NIFTY_50_SESSION
BAJAJHLDNG,daily,2003-10-25,2003-10-25,ABSENT_ON_OBSERVED_NIFTY_50_SESSION
BAJAJHLDNG,daily,2003-11-15,2003-11-15,ABSENT_ON_OBSERVED_NIFTY_50_SESSION
BAJAJHLDNG,daily,2004-04-17,2004-04-17,ABSENT_ON_OBSERVED_NIFTY_50_SESSION
BAJAJHLDNG,daily,2004-05-24,2004-05-24,ABSENT_ON_OBSERVED_NIFTY_50_SESSION
BAJAJHLDNG,daily,2004-05-25,2004-05-25,ABSENT_ON_OBSERVED_NIFTY_50_SESSION
BAJAJHLDNG,daily,2004-05-26,2004-05-26,ABSENT_ON_OBSERVED_NIFTY_50_SESSION
BAJAJHLDNG,daily,2004-05-27,2004-05-27,ABSENT_ON_OBSERVED_NIFTY_50_SESSION
BAJAJHLDNG,daily,2004-05-28,2004-05-28,ABSENT_ON_OBSERVED_NIFTY_50_SESSION
BAJAJHLDNG,daily,2004-05-31,2004-05-31,ABSENT_ON_OBSERVED_NIFTY_50_SESSION
BAJAJHLDNG,daily,2004-06-01,2004-06-01,ABSENT_ON_OBSERVED_NIFTY_50_SESSION
BAJAJHLDNG,daily,2004-06-02,2004-06-02,ABSENT_ON_OBSERVED_NIFTY_50_SESSION
BAJAJHLDNG,daily,2004-06-03,2004-06-03,ABSENT_ON_OBSERVED_NIFTY_50_SESSION
BAJAJHLDNG,daily,2004-06-04,2004-06-04,ABSENT_ON_OBSERVED_NIFTY_50_SESSION
BAJAJHLDNG,daily,2004-06-07,2004-06-07,ABSENT_ON_OBSERVED_NIFTY_50_SESSION
BAJAJHLDNG,daily,2004-06-08,2004-06-08,ABSENT_ON_OBSERVED_NIFTY_50_SESSION
BAJAJHLDNG,daily,2004-06-09,2004-06-09,ABSENT_ON_OBSERVED_NIFTY_50_SESSION
BAJAJHLDNG,daily,2004-06-10,2004-06-10,ABSENT_ON_OBSERVED_NIFTY_50_SESSION
BAJAJHLDNG,daily,2004-06-11,2004-06-11,ABSENT_ON_OBSERVED_NIFTY_50_SESSION
BAJAJHLDNG,daily,2004-06-14,2004-06-14,ABSENT_ON_OBSERVED_NIFTY_50_SESSION
BAJAJHLDNG,daily,2004-06-15,2004-06-15,ABSENT_ON_OBSERVED_NIFTY_50_SESSION
BAJAJHLDNG,daily,2004-06-16,2004-06-16,ABSENT_ON_OBSERVED_NIFTY_50_SESSION
BAJAJHLDNG,daily,2004-06-17,2004-06-17,ABSENT_ON_OBSERVED_NIFTY_50_SESSION
BAJAJHLDNG,daily,2004-06-18,2004-06-18,ABSENT_ON_OBSERVED_NIFTY_50_SESSION
BAJAJHLDNG,daily,2004-06-21,2004-06-21,ABSENT_ON_OBSERVED_NIFTY_50_SESSION
BAJAJHLDNG,daily,2004-06-22,2004-06-22,ABSENT_ON_OBSERVED_NIFTY_50_SESSION
BAJAJHLDNG,daily,2004-10-09,2004-10-09,ABSENT_ON_OBSERVED_NIFTY_50_SESSION
BAJAJHLDNG,daily,2005-06-04,2005-06-04,ABSENT_ON_OBSERVED_NIFTY_50_SESSION
BAJAJHLDNG,daily,2005-11-26,2005-11-26,ABSENT_ON_OBSERVED_NIFTY_50_SESSION
BAJAJHLDNG,daily,2006-04-29,2006-04-29,ABSENT_ON_OBSERVED_NIFTY_50_SESSION
BAJAJHLDNG,daily,2006-06-25,2006-06-25,ABSENT_ON_OBSERVED_NIFTY_50_SESSION
BAJAJHLDNG,daily,2006-10-21,2006-10-21,ABSENT_ON_OBSERVED_NIFTY_50_SESSION
BAJAJHLDNG,daily,2009-10-17,2009-10-17,ABSENT_ON_OBSERVED_NIFTY_50_SESSION
BAJAJHLDNG,daily,2010-02-06,2010-02-06,ABSENT_ON_OBSERVED_NIFTY_50_SESSION
BAJAJHLDNG,daily,2011-10-26,2011-10-26,ABSENT_ON_OBSERVED_NIFTY_50_SESSION
BAJAJHLDNG,daily,2012-01-07,2012-01-07,ABSENT_ON_OBSERVED_NIFTY_50_SESSION
BAJAJHLDNG,daily,2012-03-03,2012-03-03,ABSENT_ON_OBSERVED_NIFTY_50_SESSION
BAJAJHLDNG,daily,2012-04-28,2012-04-28,ABSENT_ON_OBSERVED_NIFTY_50_SESSION
BAJAJHLDNG,daily,2012-09-08,2012-09-08,ABSENT_ON_OBSERVED_NIFTY_50_SESSION
BAJAJHLDNG,daily,2013-05-11,2013-05-11,ABSENT_ON_OBSERVED_NIFTY_50_SESSION
BAJAJHLDNG,daily,2013-11-03,2013-11-03,ABSENT_ON_OBSERVED_NIFTY_50_SESSION
BAJAJHLDNG,daily,2014-03-22,2014-03-22,ABSENT_ON_OBSERVED_NIFTY_50_SESSION
BAJAJHLDNG,daily,2015-02-28,2015-02-28,ABSENT_ON_OBSERVED_NIFTY_50_SESSION
BAJAJHLDNG,daily,2016-10-30,2016-10-30,ABSENT_ON_OBSERVED_NIFTY_50_SESSION
BAJAJHLDNG,daily,2017-10-19,2017-10-19,ABSENT_ON_OBSERVED_NIFTY_50_SESSION
BAJAJHLDNG,daily,2018-11-07,2018-11-07,ABSENT_ON_OBSERVED_NIFTY_50_SESSION
BAJFINANCE,daily,2003-03-22,2003-03-22,ABSENT_ON_OBSERVED_NIFTY_50_SESSION
BAJFINANCE,daily,2003-10-25,2003-10-25,ABSENT_ON_OBSERVED_NIFTY_50_SESSION
BAJFINANCE,daily,2003-11-15,2003-11-15,ABSENT_ON_OBSERVED_NIFTY_50_SESSION
BAJFINANCE,daily,2004-04-17,2004-04-17,ABSENT_ON_OBSERVED_NIFTY_50_SESSION
BAJFINANCE,daily,2004-05-24,2004-05-24,ABSENT_ON_OBSERVED_NIFTY_50_SESSION
BAJFINANCE,daily,2004-05-25,2004-05-25,ABSENT_ON_OBSERVED_NIFTY_50_SESSION
BAJFINANCE,daily,2004-05-26,2004-05-26,ABSENT_ON_OBSERVED_NIFTY_50_SESSION
BAJFINANCE,daily,2004-05-27,2004-05-27,ABSENT_ON_OBSERVED_NIFTY_50_SESSION
BAJFINANCE,daily,2004-05-28,2004-05-28,ABSENT_ON_OBSERVED_NIFTY_50_SESSION
BAJFINANCE,daily,2004-05-31,2004-05-31,ABSENT_ON_OBSERVED_NIFTY_50_SESSION
BAJFINANCE,daily,2004-06-01,2004-06-01,ABSENT_ON_OBSERVED_NIFTY_50_SESSION
BAJFINANCE,daily,2004-06-02,2004-06-02,ABSENT_ON_OBSERVED_NIFTY_50_SESSION
BAJFINANCE,daily,2004-06-03,2004-06-03,ABSENT_ON_OBSERVED_NIFTY_50_SESSION
BAJFINANCE,daily,2004-06-04,2004-06-04,ABSENT_ON_OBSERVED_NIFTY_50_SESSION
BAJFINANCE,daily,2004-06-07,2004-06-07,ABSENT_ON_OBSERVED_NIFTY_50_SESSION
BAJFINANCE,daily,2004-06-08,2004-06-08,ABSENT_ON_OBSERVED_NIFTY_50_SESSION
BAJFINANCE,daily,2004-06-09,2004-06-09,ABSENT_ON_OBSERVED_NIFTY_50_SESSION
BAJFINANCE,daily,2004-06-10,2004-06-10,ABSENT_ON_OBSERVED_NIFTY_50_SESSION
BAJFINANCE,daily,2004-06-11,2004-06-11,ABSENT_ON_OBSERVED_NIFTY_50_SESSION
BAJFINANCE,daily,2004-06-14,2004-06-14,ABSENT_ON_OBSERVED_NIFTY_50_SESSION
BAJFINANCE,daily,2004-06-15,2004-06-15,ABSENT_ON_OBSERVED_NIFTY_50_SESSION
BAJFINANCE,daily,2004-06-16,2004-06-16,ABSENT_ON_OBSERVED_NIFTY_50_SESSION
BAJFINANCE,daily,2004-06-17,2004-06-17,ABSENT_ON_OBSERVED_NIFTY_50_SESSION
BAJFINANCE,daily,2004-06-18,2004-06-18,ABSENT_ON_OBSERVED_NIFTY_50_SESSION
BAJFINANCE,daily,2004-06-21,2004-06-21,ABSENT_ON_OBSERVED_NIFTY_50_SESSION
BAJFINANCE,daily,2004-06-22,2004-06-22,ABSENT_ON_OBSERVED_NIFTY_50_SESSION
BAJFINANCE,daily,2004-10-09,2004-10-09,ABSENT_ON_OBSERVED_NIFTY_50_SESSION
BAJFINANCE,daily,2005-06-04,2005-06-04,ABSENT_ON_OBSERVED_NIFTY_50_SESSION
BAJFINANCE,daily,2005-11-26,2005-11-26,ABSENT_ON_OBSERVED_NIFTY_50_SESSION
BAJFINANCE,daily,2006-04-29,2006-04-29,ABSENT_ON_OBSERVED_NIFTY_50_SESSION
BAJFINANCE,daily,2006-06-25,2006-06-25,ABSENT_ON_OBSERVED_NIFTY_50_SESSION
BAJFINANCE,daily,2006-10-21,2006-10-21,ABSENT_ON_OBSERVED_NIFTY_50_SESSION
BAJFINANCE,daily,2009-10-17,2009-10-17,ABSENT_ON_OBSERVED_NIFTY_50_SESSION
BAJFINANCE,daily,2010-02-06,2010-02-06,ABSENT_ON_OBSERVED_NIFTY_50_SESSION
BAJFINANCE,daily,2011-10-26,2011-10-26,ABSENT_ON_OBSERVED_NIFTY_50_SESSION
BAJFINANCE,daily,2012-01-07,2012-01-07,ABSENT_ON_OBSERVED_NIFTY_50_SESSION
BAJFINANCE,daily,2012-03-03,2012-03-03,ABSENT_ON_OBSERVED_NIFTY_50_SESSION
BAJFINANCE,daily,2012-04-28,2012-04-28,ABSENT_ON_OBSERVED_NIFTY_50_SESSION
BAJFINANCE,daily,2012-09-08,2012-09-08,ABSENT_ON_OBSERVED_NIFTY_50_SESSION
BAJFINANCE,daily,2013-05-11,2013-05-11,ABSENT_ON_OBSERVED_NIFTY_50_SESSION
BAJFINANCE,daily,2013-11-03,2013-11-03,ABSENT_ON_OBSERVED_NIFTY_50_SESSION
BAJFINANCE,daily,2014-03-22,2014-03-22,ABSENT_ON_OBSERVED_NIFTY_50_SESSION
BAJFINANCE,daily,2015-02-28,2015-02-28,ABSENT_ON_OBSERVED_NIFTY_50_SESSION
BAJFINANCE,daily,2016-10-30,2016-10-30,ABSENT_ON_OBSERVED_NIFTY_50_SESSION
BAJFINANCE,daily,2017-10-19,2017-10-19,ABSENT_ON_OBSERVED_NIFTY_50_SESSION
BAJFINANCE,daily,2018-11-07,2018-11-07,ABSENT_ON_OBSERVED_NIFTY_50_SESSION
BANKBARODA,daily,2003-03-22,2003-03-22,ABSENT_ON_OBSERVED_NIFTY_50_SESSION
BANKBARODA,daily,2003-10-25,2003-10-25,ABSENT_ON_OBSERVED_NIFTY_50_SESSION
BANKBARODA,daily,2003-11-15,2003-11-15,ABSENT_ON_OBSERVED_NIFTY_50_SESSION
BANKBARODA,daily,2004-04-17,2004-04-17,ABSENT_ON_OBSERVED_NIFTY_50_SESSION
BANKBARODA,daily,2004-05-24,2004-05-24,ABSENT_ON_OBSERVED_NIFTY_50_SESSION
BANKBARODA,daily,2004-05-25,2004-05-25,ABSENT_ON_OBSERVED_NIFTY_50_SESSION
BANKBARODA,daily,2004-05-26,2004-05-26,ABSENT_ON_OBSERVED_NIFTY_50_SESSION
BANKBARODA,daily,2004-05-27,2004-05-27,ABSENT_ON_OBSERVED_NIFTY_50_SESSION
BANKBARODA,daily,2004-05-28,2004-05-28,ABSENT_ON_OBSERVED_NIFTY_50_SESSION
BANKBARODA,daily,2004-05-31,2004-05-31,ABSENT_ON_OBSERVED_NIFTY_50_SESSION
BANKBARODA,daily,2004-06-01,2004-06-01,ABSENT_ON_OBSERVED_NIFTY_50_SESSION
BANKBARODA,daily,2004-06-02,2004-06-02,ABSENT_ON_OBSERVED_NIFTY_50_SESSION
BANKBARODA,daily,2004-06-03,2004-06-03,ABSENT_ON_OBSERVED_NIFTY_50_SESSION
BANKBARODA,daily,2004-06-04,2004-06-04,ABSENT_ON_OBSERVED_NIFTY_50_SESSION
BANKBARODA,daily,2004-06-07,2004-06-07,ABSENT_ON_OBSERVED_NIFTY_50_SESSION
BANKBARODA,daily,2004-06-08,2004-06-08,ABSENT_ON_OBSERVED_NIFTY_50_SESSION
BANKBARODA,daily,2004-06-09,2004-06-09,ABSENT_ON_OBSERVED_NIFTY_50_SESSION
BANKBARODA,daily,2004-06-10,2004-06-10,ABSENT_ON_OBSERVED_NIFTY_50_SESSION
BANKBARODA,daily,2004-06-11,2004-06-11,ABSENT_ON_OBSERVED_NIFTY_50_SESSION
BANKBARODA,daily,2004-06-14,2004-06-14,ABSENT_ON_OBSERVED_NIFTY_50_SESSION
BANKBARODA,daily,2004-06-15,2004-06-15,ABSENT_ON_OBSERVED_NIFTY_50_SESSION
BANKBARODA,daily,2004-06-16,2004-06-16,ABSENT_ON_OBSERVED_NIFTY_50_SESSION
BANKBARODA,daily,2004-06-17,2004-06-17,ABSENT_ON_OBSERVED_NIFTY_50_SESSION
BANKBARODA,daily,2004-06-18,2004-06-18,ABSENT_ON_OBSERVED_NIFTY_50_SESSION
BANKBARODA,daily,2004-06-21,2004-06-21,ABSENT_ON_OBSERVED_NIFTY_50_SESSION
BANKBARODA,daily,2004-06-22,2004-06-22,ABSENT_ON_OBSERVED_NIFTY_50_SESSION
BANKBARODA,daily,2004-10-09,2004-10-09,ABSENT_ON_OBSERVED_NIFTY_50_SESSION
BANKBARODA,daily,2005-06-04,2005-06-04,ABSENT_ON_OBSERVED_NIFTY_50_SESSION
BANKBARODA,daily,2005-11-26,2005-11-26,ABSENT_ON_OBSERVED_NIFTY_50_SESSION
BANKBARODA,daily,2006-04-29,2006-04-29,ABSENT_ON_OBSERVED_NIFTY_50_SESSION
BANKBARODA,daily,2006-06-25,2006-06-25,ABSENT_ON_OBSERVED_NIFTY_50_SESSION
BANKBARODA,daily,2006-10-21,2006-10-21,ABSENT_ON_OBSERVED_NIFTY_50_SESSION
BANKBARODA,daily,2009-10-17,2009-10-17,ABSENT_ON_OBSERVED_NIFTY_50_SESSION
BANKBARODA,daily,2010-02-06,2010-02-06,ABSENT_ON_OBSERVED_NIFTY_50_SESSION
BANKBARODA,daily,2011-10-26,2011-10-26,ABSENT_ON_OBSERVED_NIFTY_50_SESSION
BANKBARODA,daily,2012-01-07,2012-01-07,ABSENT_ON_OBSERVED_NIFTY_50_SESSION
BANKBARODA,daily,2012-03-03,2012-03-03,ABSENT_ON_OBSERVED_NIFTY_50_SESSION
BANKBARODA,daily,2012-04-28,2012-04-28,ABSENT_ON_OBSERVED_NIFTY_50_SESSION
BANKBARODA,daily,2012-09-08,2012-09-08,ABSENT_ON_OBSERVED_NIFTY_50_SESSION
BANKBARODA,daily,2013-05-11,2013-05-11,ABSENT_ON_OBSERVED_NIFTY_50_SESSION
BANKBARODA,daily,2013-11-03,2013-11-03,ABSENT_ON_OBSERVED_NIFTY_50_SESSION
BANKBARODA,daily,2014-03-22,2014-03-22,ABSENT_ON_OBSERVED_NIFTY_50_SESSION
BANKBARODA,daily,2015-02-28,2015-02-28,ABSENT_ON_OBSERVED_NIFTY_50_SESSION
BANKBARODA,daily,2016-10-30,2016-10-30,ABSENT_ON_OBSERVED_NIFTY_50_SESSION
BANKBARODA,daily,2017-10-19,2017-10-19,ABSENT_ON_OBSERVED_NIFTY_50_SESSION
BANKBARODA,daily,2018-11-07,2018-11-07,ABSENT_ON_OBSERVED_NIFTY_50_SESSION
BANKINDIA,daily,2003-03-22,2003-03-22,ABSENT_ON_OBSERVED_NIFTY_50_SESSION
BANKINDIA,daily,2003-10-25,2003-10-25,ABSENT_ON_OBSERVED_NIFTY_50_SESSION
BANKINDIA,daily,2003-11-15,2003-11-15,ABSENT_ON_OBSERVED_NIFTY_50_SESSION
BANKINDIA,daily,2004-04-17,2004-04-17,ABSENT_ON_OBSERVED_NIFTY_50_SESSION
BANKINDIA,daily,2004-05-24,2004-05-24,ABSENT_ON_OBSERVED_NIFTY_50_SESSION
BANKINDIA,daily,2004-05-25,2004-05-25,ABSENT_ON_OBSERVED_NIFTY_50_SESSION
BANKINDIA,daily,2004-05-26,2004-05-26,ABSENT_ON_OBSERVED_NIFTY_50_SESSION
BANKINDIA,daily,2004-05-27,2004-05-27,ABSENT_ON_OBSERVED_NIFTY_50_SESSION
BANKINDIA,daily,2004-05-28,2004-05-28,ABSENT_ON_OBSERVED_NIFTY_50_SESSION
BANKINDIA,daily,2004-05-31,2004-05-31,ABSENT_ON_OBSERVED_NIFTY_50_SESSION
BANKINDIA,daily,2004-06-01,2004-06-01,ABSENT_ON_OBSERVED_NIFTY_50_SESSION
BANKINDIA,daily,2004-06-02,2004-06-02,ABSENT_ON_OBSERVED_NIFTY_50_SESSION
BANKINDIA,daily,2004-06-03,2004-06-03,ABSENT_ON_OBSERVED_NIFTY_50_SESSION
BANKINDIA,daily,2004-06-04,2004-06-04,ABSENT_ON_OBSERVED_NIFTY_50_SESSION
BANKINDIA,daily,2004-06-07,2004-06-07,ABSENT_ON_OBSERVED_NIFTY_50_SESSION
BANKINDIA,daily,2004-06-08,2004-06-08,ABSENT_ON_OBSERVED_NIFTY_50_SESSION
BANKINDIA,daily,2004-06-09,2004-06-09,ABSENT_ON_OBSERVED_NIFTY_50_SESSION
BANKINDIA,daily,2004-06-10,2004-06-10,ABSENT_ON_OBSERVED_NIFTY_50_SESSION
BANKINDIA,daily,2004-06-11,2004-06-11,ABSENT_ON_OBSERVED_NIFTY_50_SESSION
BANKINDIA,daily,2004-06-14,2004-06-14,ABSENT_ON_OBSERVED_NIFTY_50_SESSION
BANKINDIA,daily,2004-06-15,2004-06-15,ABSENT_ON_OBSERVED_NIFTY_50_SESSION
BANKINDIA,daily,2004-06-16,2004-06-16,ABSENT_ON_OBSERVED_NIFTY_50_SESSION
BANKINDIA,daily,2004-06-17,2004-06-17,ABSENT_ON_OBSERVED_NIFTY_50_SESSION
BANKINDIA,daily,2004-06-18,2004-06-18,ABSENT_ON_OBSERVED_NIFTY_50_SESSION
BANKINDIA,daily,2004-06-21,2004-06-21,ABSENT_ON_OBSERVED_NIFTY_50_SESSION
BANKINDIA,daily,2004-06-22,2004-06-22,ABSENT_ON_OBSERVED_NIFTY_50_SESSION
BANKINDIA,daily,2004-10-09,2004-10-09,ABSENT_ON_OBSERVED_NIFTY_50_SESSION
BANKINDIA,daily,2005-06-04,2005-06-04,ABSENT_ON_OBSERVED_NIFTY_50_SESSION
BANKINDIA,daily,2005-11-26,2005-11-26,ABSENT_ON_OBSERVED_NIFTY_50_SESSION
BANKINDIA,daily,2006-04-29,2006-04-29,ABSENT_ON_OBSERVED_NIFTY_50_SESSION
BANKINDIA,daily,2006-06-25,2006-06-25,ABSENT_ON_OBSERVED_NIFTY_50_SESSION
BANKINDIA,daily,2006-10-21,2006-10-21,ABSENT_ON_OBSERVED_NIFTY_50_SESSION
BANKINDIA,daily,2009-10-17,2009-10-17,ABSENT_ON_OBSERVED_NIFTY_50_SESSION
BANKINDIA,daily,2010-02-06,2010-02-06,ABSENT_ON_OBSERVED_NIFTY_50_SESSION
BANKINDIA,daily,2011-10-26,2011-10-26,ABSENT_ON_OBSERVED_NIFTY_50_SESSION
BANKINDIA,daily,2012-01-07,2012-01-07,ABSENT_ON_OBSERVED_NIFTY_50_SESSION
BANKINDIA,daily,2012-03-03,2012-03-03,ABSENT_ON_OBSERVED_NIFTY_50_SESSION
BANKINDIA,daily,2012-04-28,2012-04-28,ABSENT_ON_OBSERVED_NIFTY_50_SESSION
BANKINDIA,daily,2012-09-08,2012-09-08,ABSENT_ON_OBSERVED_NIFTY_50_SESSION
BANKINDIA,daily,2013-05-11,2013-05-11,ABSENT_ON_OBSERVED_NIFTY_50_SESSION
BANKINDIA,daily,2013-11-03,2013-11-03,ABSENT_ON_OBSERVED_NIFTY_50_SESSION
BANKINDIA,daily,2014-03-22,2014-03-22,ABSENT_ON_OBSERVED_NIFTY_50_SESSION
BANKINDIA,daily,2015-02-28,2015-02-28,ABSENT_ON_OBSERVED_NIFTY_50_SESSION
BANKINDIA,daily,2016-10-30,2016-10-30,ABSENT_ON_OBSERVED_NIFTY_50_SESSION
BANKINDIA,daily,2017-10-19,2017-10-19,ABSENT_ON_OBSERVED_NIFTY_50_SESSION
BANKINDIA,daily,2018-11-07,2018-11-07,ABSENT_ON_OBSERVED_NIFTY_50_SESSION
BDL,daily,2018-11-07,2018-11-07,ABSENT_ON_OBSERVED_NIFTY_50_SESSION
BEL,daily,2003-03-22,2003-03-22,ABSENT_ON_OBSERVED_NIFTY_50_SESSION
BEL,daily,2003-10-25,2003-10-25,ABSENT_ON_OBSERVED_NIFTY_50_SESSION
BEL,daily,2003-11-15,2003-11-15,ABSENT_ON_OBSERVED_NIFTY_50_SESSION
BEL,daily,2004-04-17,2004-04-17,ABSENT_ON_OBSERVED_NIFTY_50_SESSION
BEL,daily,2004-05-24,2004-05-24,ABSENT_ON_OBSERVED_NIFTY_50_SESSION
BEL,daily,2004-05-25,2004-05-25,ABSENT_ON_OBSERVED_NIFTY_50_SESSION
BEL,daily,2004-05-26,2004-05-26,ABSENT_ON_OBSERVED_NIFTY_50_SESSION
BEL,daily,2004-05-27,2004-05-27,ABSENT_ON_OBSERVED_NIFTY_50_SESSION
BEL,daily,2004-05-28,2004-05-28,ABSENT_ON_OBSERVED_NIFTY_50_SESSION
BEL,daily,2004-05-31,2004-05-31,ABSENT_ON_OBSERVED_NIFTY_50_SESSION
BEL,daily,2004-06-01,2004-06-01,ABSENT_ON_OBSERVED_NIFTY_50_SESSION
BEL,daily,2004-06-02,2004-06-02,ABSENT_ON_OBSERVED_NIFTY_50_SESSION
BEL,daily,2004-06-03,2004-06-03,ABSENT_ON_OBSERVED_NIFTY_50_SESSION
BEL,daily,2004-06-04,2004-06-04,ABSENT_ON_OBSERVED_NIFTY_50_SESSION
BEL,daily,2004-06-07,2004-06-07,ABSENT_ON_OBSERVED_NIFTY_50_SESSION
BEL,daily,2004-06-08,2004-06-08,ABSENT_ON_OBSERVED_NIFTY_50_SESSION
BEL,daily,2004-06-09,2004-06-09,ABSENT_ON_OBSERVED_NIFTY_50_SESSION
BEL,daily,2004-06-10,2004-06-10,ABSENT_ON_OBSERVED_NIFTY_50_SESSION
BEL,daily,2004-06-11,2004-06-11,ABSENT_ON_OBSERVED_NIFTY_50_SESSION
BEL,daily,2004-06-14,2004-06-14,ABSENT_ON_OBSERVED_NIFTY_50_SESSION
BEL,daily,2004-06-15,2004-06-15,ABSENT_ON_OBSERVED_NIFTY_50_SESSION
BEL,daily,2004-06-16,2004-06-16,ABSENT_ON_OBSERVED_NIFTY_50_SESSION
BEL,daily,2004-06-17,2004-06-17,ABSENT_ON_OBSERVED_NIFTY_50_SESSION
BEL,daily,2004-06-18,2004-06-18,ABSENT_ON_OBSERVED_NIFTY_50_SESSION
BEL,daily,2004-06-21,2004-06-21,ABSENT_ON_OBSERVED_NIFTY_50_SESSION
BEL,daily,2004-06-22,2004-06-22,ABSENT_ON_OBSERVED_NIFTY_50_SESSION
BEL,daily,2004-10-09,2004-10-09,ABSENT_ON_OBSERVED_NIFTY_50_SESSION
BEL,daily,2005-06-04,2005-06-04,ABSENT_ON_OBSERVED_NIFTY_50_SESSION
BEL,daily,2005-11-26,2005-11-26,ABSENT_ON_OBSERVED_NIFTY_50_SESSION
BEL,daily,2006-04-29,2006-04-29,ABSENT_ON_OBSERVED_NIFTY_50_SESSION
BEL,daily,2006-06-25,2006-06-25,ABSENT_ON_OBSERVED_NIFTY_50_SESSION
BEL,daily,2006-10-21,2006-10-21,ABSENT_ON_OBSERVED_NIFTY_50_SESSION
BEL,daily,2009-10-17,2009-10-17,ABSENT_ON_OBSERVED_NIFTY_50_SESSION
BEL,daily,2010-02-06,2010-02-06,ABSENT_ON_OBSERVED_NIFTY_50_SESSION
BEL,daily,2011-10-26,2011-10-26,ABSENT_ON_OBSERVED_NIFTY_50_SESSION
BEL,daily,2012-01-07,2012-01-07,ABSENT_ON_OBSERVED_NIFTY_50_SESSION
BEL,daily,2012-03-03,2012-03-03,ABSENT_ON_OBSERVED_NIFTY_50_SESSION
BEL,daily,2012-04-28,2012-04-28,ABSENT_ON_OBSERVED_NIFTY_50_SESSION
BEL,daily,2012-09-08,2012-09-08,ABSENT_ON_OBSERVED_NIFTY_50_SESSION
BEL,daily,2013-05-11,2013-05-11,ABSENT_ON_OBSERVED_NIFTY_50_SESSION
BEL,daily,2013-11-03,2013-11-03,ABSENT_ON_OBSERVED_NIFTY_50_SESSION
BEL,daily,2014-03-22,2014-03-22,ABSENT_ON_OBSERVED_NIFTY_50_SESSION
BEL,daily,2015-02-28,2015-02-28,ABSENT_ON_OBSERVED_NIFTY_50_SESSION
BEL,daily,2016-10-30,2016-10-30,ABSENT_ON_OBSERVED_NIFTY_50_SESSION
BEL,daily,2017-10-19,2017-10-19,ABSENT_ON_OBSERVED_NIFTY_50_SESSION
BEL,daily,2018-11-07,2018-11-07,ABSENT_ON_OBSERVED_NIFTY_50_SESSION
BHARATFORG,daily,2003-03-22,2003-03-22,ABSENT_ON_OBSERVED_NIFTY_50_SESSION
BHARATFORG,daily,2003-10-25,2003-10-25,ABSENT_ON_OBSERVED_NIFTY_50_SESSION
BHARATFORG,daily,2003-11-15,2003-11-15,ABSENT_ON_OBSERVED_NIFTY_50_SESSION
BHARATFORG,daily,2004-04-17,2004-04-17,ABSENT_ON_OBSERVED_NIFTY_50_SESSION
BHARATFORG,daily,2004-05-24,2004-05-24,ABSENT_ON_OBSERVED_NIFTY_50_SESSION
BHARATFORG,daily,2004-05-25,2004-05-25,ABSENT_ON_OBSERVED_NIFTY_50_SESSION
BHARATFORG,daily,2004-05-26,2004-05-26,ABSENT_ON_OBSERVED_NIFTY_50_SESSION
BHARATFORG,daily,2004-05-27,2004-05-27,ABSENT_ON_OBSERVED_NIFTY_50_SESSION
BHARATFORG,daily,2004-05-28,2004-05-28,ABSENT_ON_OBSERVED_NIFTY_50_SESSION
BHARATFORG,daily,2004-05-31,2004-05-31,ABSENT_ON_OBSERVED_NIFTY_50_SESSION
BHARATFORG,daily,2004-06-01,2004-06-01,ABSENT_ON_OBSERVED_NIFTY_50_SESSION
BHARATFORG,daily,2004-06-02,2004-06-02,ABSENT_ON_OBSERVED_NIFTY_50_SESSION
BHARATFORG,daily,2004-06-03,2004-06-03,ABSENT_ON_OBSERVED_NIFTY_50_SESSION
BHARATFORG,daily,2004-06-04,2004-06-04,ABSENT_ON_OBSERVED_NIFTY_50_SESSION
BHARATFORG,daily,2004-06-07,2004-06-07,ABSENT_ON_OBSERVED_NIFTY_50_SESSION
BHARATFORG,daily,2004-06-08,2004-06-08,ABSENT_ON_OBSERVED_NIFTY_50_SESSION
BHARATFORG,daily,2004-06-09,2004-06-09,ABSENT_ON_OBSERVED_NIFTY_50_SESSION
BHARATFORG,daily,2004-06-10,2004-06-10,ABSENT_ON_OBSERVED_NIFTY_50_SESSION
BHARATFORG,daily,2004-06-11,2004-06-11,ABSENT_ON_OBSERVED_NIFTY_50_SESSION
BHARATFORG,daily,2004-06-14,2004-06-14,ABSENT_ON_OBSERVED_NIFTY_50_SESSION
BHARATFORG,daily,2004-06-15,2004-06-15,ABSENT_ON_OBSERVED_NIFTY_50_SESSION
BHARATFORG,daily,2004-06-16,2004-06-16,ABSENT_ON_OBSERVED_NIFTY_50_SESSION
BHARATFORG,daily,2004-06-17,2004-06-17,ABSENT_ON_OBSERVED_NIFTY_50_SESSION
BHARATFORG,daily,2004-06-18,2004-06-18,ABSENT_ON_OBSERVED_NIFTY_50_SESSION
BHARATFORG,daily,2004-06-21,2004-06-21,ABSENT_ON_OBSERVED_NIFTY_50_SESSION
BHARATFORG,daily,2004-06-22,2004-06-22,ABSENT_ON_OBSERVED_NIFTY_50_SESSION
BHARATFORG,daily,2004-10-09,2004-10-09,ABSENT_ON_OBSERVED_NIFTY_50_SESSION
BHARATFORG,daily,2005-06-04,2005-06-04,ABSENT_ON_OBSERVED_NIFTY_50_SESSION
BHARATFORG,daily,2005-11-26,2005-11-26,ABSENT_ON_OBSERVED_NIFTY_50_SESSION
BHARATFORG,daily,2006-04-29,2006-04-29,ABSENT_ON_OBSERVED_NIFTY_50_SESSION
BHARATFORG,daily,2006-06-25,2006-06-25,ABSENT_ON_OBSERVED_NIFTY_50_SESSION
BHARATFORG,daily,2006-10-21,2006-10-21,ABSENT_ON_OBSERVED_NIFTY_50_SESSION
BHARATFORG,daily,2009-10-17,2009-10-17,ABSENT_ON_OBSERVED_NIFTY_50_SESSION
BHARATFORG,daily,2010-02-06,2010-02-06,ABSENT_ON_OBSERVED_NIFTY_50_SESSION
BHARATFORG,daily,2011-10-26,2011-10-26,ABSENT_ON_OBSERVED_NIFTY_50_SESSION
BHARATFORG,daily,2012-01-07,2012-01-07,ABSENT_ON_OBSERVED_NIFTY_50_SESSION
BHARATFORG,daily,2012-03-03,2012-03-03,ABSENT_ON_OBSERVED_NIFTY_50_SESSION
BHARATFORG,daily,2012-04-28,2012-04-28,ABSENT_ON_OBSERVED_NIFTY_50_SESSION
BHARATFORG,daily,2012-09-08,2012-09-08,ABSENT_ON_OBSERVED_NIFTY_50_SESSION
BHARATFORG,daily,2013-05-11,2013-05-11,ABSENT_ON_OBSERVED_NIFTY_50_SESSION
BHARATFORG,daily,2013-11-03,2013-11-03,ABSENT_ON_OBSERVED_NIFTY_50_SESSION
BHARATFORG,daily,2014-03-22,2014-03-22,ABSENT_ON_OBSERVED_NIFTY_50_SESSION
BHARATFORG,daily,2015-02-28,2015-02-28,ABSENT_ON_OBSERVED_NIFTY_50_SESSION
BHARATFORG,daily,2016-10-30,2016-10-30,ABSENT_ON_OBSERVED_NIFTY_50_SESSION
BHARATFORG,daily,2017-10-19,2017-10-19,ABSENT_ON_OBSERVED_NIFTY_50_SESSION
BHARATFORG,daily,2018-11-07,2018-11-07,ABSENT_ON_OBSERVED_NIFTY_50_SESSION
BHARTIARTL,daily,2003-03-22,2003-03-22,ABSENT_ON_OBSERVED_NIFTY_50_SESSION
BHARTIARTL,daily,2003-10-25,2003-10-25,ABSENT_ON_OBSERVED_NIFTY_50_SESSION
BHARTIARTL,daily,2003-11-15,2003-11-15,ABSENT_ON_OBSERVED_NIFTY_50_SESSION
BHARTIARTL,daily,2004-04-17,2004-04-17,ABSENT_ON_OBSERVED_NIFTY_50_SESSION
BHARTIARTL,daily,2004-05-24,2004-05-24,ABSENT_ON_OBSERVED_NIFTY_50_SESSION
BHARTIARTL,daily,2004-05-25,2004-05-25,ABSENT_ON_OBSERVED_NIFTY_50_SESSION
BHARTIARTL,daily,2004-05-26,2004-05-26,ABSENT_ON_OBSERVED_NIFTY_50_SESSION
BHARTIARTL,daily,2004-05-27,2004-05-27,ABSENT_ON_OBSERVED_NIFTY_50_SESSION
BHARTIARTL,daily,2004-05-28,2004-05-28,ABSENT_ON_OBSERVED_NIFTY_50_SESSION
BHARTIARTL,daily,2004-05-31,2004-05-31,ABSENT_ON_OBSERVED_NIFTY_50_SESSION
BHARTIARTL,daily,2004-06-01,2004-06-01,ABSENT_ON_OBSERVED_NIFTY_50_SESSION
BHARTIARTL,daily,2004-06-02,2004-06-02,ABSENT_ON_OBSERVED_NIFTY_50_SESSION
BHARTIARTL,daily,2004-06-03,2004-06-03,ABSENT_ON_OBSERVED_NIFTY_50_SESSION
BHARTIARTL,daily,2004-06-04,2004-06-04,ABSENT_ON_OBSERVED_NIFTY_50_SESSION
BHARTIARTL,daily,2004-06-07,2004-06-07,ABSENT_ON_OBSERVED_NIFTY_50_SESSION
BHARTIARTL,daily,2004-06-08,2004-06-08,ABSENT_ON_OBSERVED_NIFTY_50_SESSION
BHARTIARTL,daily,2004-06-09,2004-06-09,ABSENT_ON_OBSERVED_NIFTY_50_SESSION
BHARTIARTL,daily,2004-06-10,2004-06-10,ABSENT_ON_OBSERVED_NIFTY_50_SESSION
BHARTIARTL,daily,2004-06-11,2004-06-11,ABSENT_ON_OBSERVED_NIFTY_50_SESSION
BHARTIARTL,daily,2004-06-14,2004-06-14,ABSENT_ON_OBSERVED_NIFTY_50_SESSION
BHARTIARTL,daily,2004-06-15,2004-06-15,ABSENT_ON_OBSERVED_NIFTY_50_SESSION
BHARTIARTL,daily,2004-06-16,2004-06-16,ABSENT_ON_OBSERVED_NIFTY_50_SESSION
BHARTIARTL,daily,2004-06-17,2004-06-17,ABSENT_ON_OBSERVED_NIFTY_50_SESSION
BHARTIARTL,daily,2004-06-18,2004-06-18,ABSENT_ON_OBSERVED_NIFTY_50_SESSION
BHARTIARTL,daily,2004-06-21,2004-06-21,ABSENT_ON_OBSERVED_NIFTY_50_SESSION
BHARTIARTL,daily,2004-06-22,2004-06-22,ABSENT_ON_OBSERVED_NIFTY_50_SESSION
BHARTIARTL,daily,2004-10-09,2004-10-09,ABSENT_ON_OBSERVED_NIFTY_50_SESSION
BHARTIARTL,daily,2005-06-04,2005-06-04,ABSENT_ON_OBSERVED_NIFTY_50_SESSION
BHARTIARTL,daily,2005-11-26,2005-11-26,ABSENT_ON_OBSERVED_NIFTY_50_SESSION
BHARTIARTL,daily,2006-04-29,2006-04-29,ABSENT_ON_OBSERVED_NIFTY_50_SESSION
BHARTIARTL,daily,2006-06-25,2006-06-25,ABSENT_ON_OBSERVED_NIFTY_50_SESSION
BHARTIARTL,daily,2006-10-21,2006-10-21,ABSENT_ON_OBSERVED_NIFTY_50_SESSION
BHARTIARTL,daily,2009-10-17,2009-10-17,ABSENT_ON_OBSERVED_NIFTY_50_SESSION
BHARTIARTL,daily,2010-02-06,2010-02-06,ABSENT_ON_OBSERVED_NIFTY_50_SESSION
BHARTIARTL,daily,2011-10-26,2011-10-26,ABSENT_ON_OBSERVED_NIFTY_50_SESSION
BHARTIARTL,daily,2012-01-07,2012-01-07,ABSENT_ON_OBSERVED_NIFTY_50_SESSION
BHARTIARTL,daily,2012-03-03,2012-03-03,ABSENT_ON_OBSERVED_NIFTY_50_SESSION
BHARTIARTL,daily,2012-04-28,2012-04-28,ABSENT_ON_OBSERVED_NIFTY_50_SESSION
BHARTIARTL,daily,2012-09-08,2012-09-08,ABSENT_ON_OBSERVED_NIFTY_50_SESSION
BHARTIARTL,daily,2013-05-11,2013-05-11,ABSENT_ON_OBSERVED_NIFTY_50_SESSION
BHARTIARTL,daily,2013-11-03,2013-11-03,ABSENT_ON_OBSERVED_NIFTY_50_SESSION
BHARTIARTL,daily,2014-03-22,2014-03-22,ABSENT_ON_OBSERVED_NIFTY_50_SESSION
BHARTIARTL,daily,2015-02-28,2015-02-28,ABSENT_ON_OBSERVED_NIFTY_50_SESSION
BHARTIARTL,daily,2016-10-30,2016-10-30,ABSENT_ON_OBSERVED_NIFTY_50_SESSION
BHARTIARTL,daily,2017-10-19,2017-10-19,ABSENT_ON_OBSERVED_NIFTY_50_SESSION
BHARTIARTL,daily,2018-11-07,2018-11-07,ABSENT_ON_OBSERVED_NIFTY_50_SESSION
BHEL,daily,2003-03-22,2003-03-22,ABSENT_ON_OBSERVED_NIFTY_50_SESSION
BHEL,daily,2003-10-25,2003-10-25,ABSENT_ON_OBSERVED_NIFTY_50_SESSION
BHEL,daily,2003-11-15,2003-11-15,ABSENT_ON_OBSERVED_NIFTY_50_SESSION
BHEL,daily,2004-04-17,2004-04-17,ABSENT_ON_OBSERVED_NIFTY_50_SESSION
BHEL,daily,2004-05-24,2004-05-24,ABSENT_ON_OBSERVED_NIFTY_50_SESSION
BHEL,daily,2004-05-25,2004-05-25,ABSENT_ON_OBSERVED_NIFTY_50_SESSION
BHEL,daily,2004-05-26,2004-05-26,ABSENT_ON_OBSERVED_NIFTY_50_SESSION
BHEL,daily,2004-05-27,2004-05-27,ABSENT_ON_OBSERVED_NIFTY_50_SESSION
BHEL,daily,2004-05-28,2004-05-28,ABSENT_ON_OBSERVED_NIFTY_50_SESSION
BHEL,daily,2004-05-31,2004-05-31,ABSENT_ON_OBSERVED_NIFTY_50_SESSION
BHEL,daily,2004-06-01,2004-06-01,ABSENT_ON_OBSERVED_NIFTY_50_SESSION
BHEL,daily,2004-06-02,2004-06-02,ABSENT_ON_OBSERVED_NIFTY_50_SESSION
BHEL,daily,2004-06-03,2004-06-03,ABSENT_ON_OBSERVED_NIFTY_50_SESSION
BHEL,daily,2004-06-04,2004-06-04,ABSENT_ON_OBSERVED_NIFTY_50_SESSION
BHEL,daily,2004-06-07,2004-06-07,ABSENT_ON_OBSERVED_NIFTY_50_SESSION
BHEL,daily,2004-06-08,2004-06-08,ABSENT_ON_OBSERVED_NIFTY_50_SESSION
BHEL,daily,2004-06-09,2004-06-09,ABSENT_ON_OBSERVED_NIFTY_50_SESSION
BHEL,daily,2004-06-10,2004-06-10,ABSENT_ON_OBSERVED_NIFTY_50_SESSION
BHEL,daily,2004-06-11,2004-06-11,ABSENT_ON_OBSERVED_NIFTY_50_SESSION
BHEL,daily,2004-06-14,2004-06-14,ABSENT_ON_OBSERVED_NIFTY_50_SESSION
BHEL,daily,2004-06-15,2004-06-15,ABSENT_ON_OBSERVED_NIFTY_50_SESSION
BHEL,daily,2004-06-16,2004-06-16,ABSENT_ON_OBSERVED_NIFTY_50_SESSION
BHEL,daily,2004-06-17,2004-06-17,ABSENT_ON_OBSERVED_NIFTY_50_SESSION
BHEL,daily,2004-06-18,2004-06-18,ABSENT_ON_OBSERVED_NIFTY_50_SESSION
BHEL,daily,2004-06-21,2004-06-21,ABSENT_ON_OBSERVED_NIFTY_50_SESSION
BHEL,daily,2004-06-22,2004-06-22,ABSENT_ON_OBSERVED_NIFTY_50_SESSION
BHEL,daily,2004-10-09,2004-10-09,ABSENT_ON_OBSERVED_NIFTY_50_SESSION
BHEL,daily,2005-06-04,2005-06-04,ABSENT_ON_OBSERVED_NIFTY_50_SESSION
BHEL,daily,2005-11-26,2005-11-26,ABSENT_ON_OBSERVED_NIFTY_50_SESSION
BHEL,daily,2006-04-29,2006-04-29,ABSENT_ON_OBSERVED_NIFTY_50_SESSION
BHEL,daily,2006-06-25,2006-06-25,ABSENT_ON_OBSERVED_NIFTY_50_SESSION
BHEL,daily,2006-10-21,2006-10-21,ABSENT_ON_OBSERVED_NIFTY_50_SESSION
BHEL,daily,2009-10-17,2009-10-17,ABSENT_ON_OBSERVED_NIFTY_50_SESSION
BHEL,daily,2010-02-06,2010-02-06,ABSENT_ON_OBSERVED_NIFTY_50_SESSION
BHEL,daily,2011-10-26,2011-10-26,ABSENT_ON_OBSERVED_NIFTY_50_SESSION
BHEL,daily,2012-01-07,2012-01-07,ABSENT_ON_OBSERVED_NIFTY_50_SESSION
BHEL,daily,2012-03-03,2012-03-03,ABSENT_ON_OBSERVED_NIFTY_50_SESSION
BHEL,daily,2012-04-28,2012-04-28,ABSENT_ON_OBSERVED_NIFTY_50_SESSION
BHEL,daily,2012-09-08,2012-09-08,ABSENT_ON_OBSERVED_NIFTY_50_SESSION
BHEL,daily,2013-05-11,2013-05-11,ABSENT_ON_OBSERVED_NIFTY_50_SESSION
BHEL,daily,2013-11-03,2013-11-03,ABSENT_ON_OBSERVED_NIFTY_50_SESSION
BHEL,daily,2014-03-22,2014-03-22,ABSENT_ON_OBSERVED_NIFTY_50_SESSION
BHEL,daily,2015-02-28,2015-02-28,ABSENT_ON_OBSERVED_NIFTY_50_SESSION
BHEL,daily,2016-10-30,2016-10-30,ABSENT_ON_OBSERVED_NIFTY_50_SESSION
BHEL,daily,2017-10-19,2017-10-19,ABSENT_ON_OBSERVED_NIFTY_50_SESSION
BHEL,daily,2018-11-07,2018-11-07,ABSENT_ON_OBSERVED_NIFTY_50_SESSION
BIOCON,daily,2004-04-17,2004-04-17,ABSENT_ON_OBSERVED_NIFTY_50_SESSION
BIOCON,daily,2004-05-24,2004-05-24,ABSENT_ON_OBSERVED_NIFTY_50_SESSION
BIOCON,daily,2004-05-25,2004-05-25,ABSENT_ON_OBSERVED_NIFTY_50_SESSION
BIOCON,daily,2004-05-26,2004-05-26,ABSENT_ON_OBSERVED_NIFTY_50_SESSION
BIOCON,daily,2004-05-27,2004-05-27,ABSENT_ON_OBSERVED_NIFTY_50_SESSION
BIOCON,daily,2004-05-28,2004-05-28,ABSENT_ON_OBSERVED_NIFTY_50_SESSION
BIOCON,daily,2004-05-31,2004-05-31,ABSENT_ON_OBSERVED_NIFTY_50_SESSION
BIOCON,daily,2004-06-01,2004-06-01,ABSENT_ON_OBSERVED_NIFTY_50_SESSION
BIOCON,daily,2004-06-02,2004-06-02,ABSENT_ON_OBSERVED_NIFTY_50_SESSION
BIOCON,daily,2004-06-03,2004-06-03,ABSENT_ON_OBSERVED_NIFTY_50_SESSION
BIOCON,daily,2004-06-04,2004-06-04,ABSENT_ON_OBSERVED_NIFTY_50_SESSION
BIOCON,daily,2004-06-07,2004-06-07,ABSENT_ON_OBSERVED_NIFTY_50_SESSION
BIOCON,daily,2004-06-08,2004-06-08,ABSENT_ON_OBSERVED_NIFTY_50_SESSION
BIOCON,daily,2004-06-09,2004-06-09,ABSENT_ON_OBSERVED_NIFTY_50_SESSION
BIOCON,daily,2004-06-10,2004-06-10,ABSENT_ON_OBSERVED_NIFTY_50_SESSION
BIOCON,daily,2004-06-11,2004-06-11,ABSENT_ON_OBSERVED_NIFTY_50_SESSION
BIOCON,daily,2004-06-14,2004-06-14,ABSENT_ON_OBSERVED_NIFTY_50_SESSION
BIOCON,daily,2004-06-15,2004-06-15,ABSENT_ON_OBSERVED_NIFTY_50_SESSION
BIOCON,daily,2004-06-16,2004-06-16,ABSENT_ON_OBSERVED_NIFTY_50_SESSION
BIOCON,daily,2004-06-17,2004-06-17,ABSENT_ON_OBSERVED_NIFTY_50_SESSION
BIOCON,daily,2004-06-18,2004-06-18,ABSENT_ON_OBSERVED_NIFTY_50_SESSION
BIOCON,daily,2004-06-21,2004-06-21,ABSENT_ON_OBSERVED_NIFTY_50_SESSION
BIOCON,daily,2004-06-22,2004-06-22,ABSENT_ON_OBSERVED_NIFTY_50_SESSION
BIOCON,daily,2004-10-09,2004-10-09,ABSENT_ON_OBSERVED_NIFTY_50_SESSION
BIOCON,daily,2005-06-04,2005-06-04,ABSENT_ON_OBSERVED_NIFTY_50_SESSION
BIOCON,daily,2005-11-26,2005-11-26,ABSENT_ON_OBSERVED_NIFTY_50_SESSION
BIOCON,daily,2006-04-29,2006-04-29,ABSENT_ON_OBSERVED_NIFTY_50_SESSION
BIOCON,daily,2006-06-25,2006-06-25,ABSENT_ON_OBSERVED_NIFTY_50_SESSION
BIOCON,daily,2006-10-21,2006-10-21,ABSENT_ON_OBSERVED_NIFTY_50_SESSION
BIOCON,daily,2009-10-17,2009-10-17,ABSENT_ON_OBSERVED_NIFTY_50_SESSION
BIOCON,daily,2010-02-06,2010-02-06,ABSENT_ON_OBSERVED_NIFTY_50_SESSION
BIOCON,daily,2011-10-26,2011-10-26,ABSENT_ON_OBSERVED_NIFTY_50_SESSION
BIOCON,daily,2012-01-07,2012-01-07,ABSENT_ON_OBSERVED_NIFTY_50_SESSION
BIOCON,daily,2012-03-03,2012-03-03,ABSENT_ON_OBSERVED_NIFTY_50_SESSION
BIOCON,daily,2012-04-28,2012-04-28,ABSENT_ON_OBSERVED_NIFTY_50_SESSION
BIOCON,daily,2012-09-08,2012-09-08,ABSENT_ON_OBSERVED_NIFTY_50_SESSION
BIOCON,daily,2013-05-11,2013-05-11,ABSENT_ON_OBSERVED_NIFTY_50_SESSION
BIOCON,daily,2013-11-03,2013-11-03,ABSENT_ON_OBSERVED_NIFTY_50_SESSION
BIOCON,daily,2014-03-22,2014-03-22,ABSENT_ON_OBSERVED_NIFTY_50_SESSION
BIOCON,daily,2015-02-28,2015-02-28,ABSENT_ON_OBSERVED_NIFTY_50_SESSION
BIOCON,daily,2016-10-30,2016-10-30,ABSENT_ON_OBSERVED_NIFTY_50_SESSION
BIOCON,daily,2017-10-19,2017-10-19,ABSENT_ON_OBSERVED_NIFTY_50_SESSION
BIOCON,daily,2018-11-07,2018-11-07,ABSENT_ON_OBSERVED_NIFTY_50_SESSION
BLUESTARCO,daily,2003-03-22,2003-03-22,ABSENT_ON_OBSERVED_NIFTY_50_SESSION
BLUESTARCO,daily,2003-10-25,2003-10-25,ABSENT_ON_OBSERVED_NIFTY_50_SESSION
BLUESTARCO,daily,2003-11-15,2003-11-15,ABSENT_ON_OBSERVED_NIFTY_50_SESSION
BLUESTARCO,daily,2004-04-17,2004-04-17,ABSENT_ON_OBSERVED_NIFTY_50_SESSION
BLUESTARCO,daily,2004-05-24,2004-05-24,ABSENT_ON_OBSERVED_NIFTY_50_SESSION
BLUESTARCO,daily,2004-05-25,2004-05-25,ABSENT_ON_OBSERVED_NIFTY_50_SESSION
BLUESTARCO,daily,2004-05-26,2004-05-26,ABSENT_ON_OBSERVED_NIFTY_50_SESSION
BLUESTARCO,daily,2004-05-27,2004-05-27,ABSENT_ON_OBSERVED_NIFTY_50_SESSION
BLUESTARCO,daily,2004-05-28,2004-05-28,ABSENT_ON_OBSERVED_NIFTY_50_SESSION
BLUESTARCO,daily,2004-05-31,2004-05-31,ABSENT_ON_OBSERVED_NIFTY_50_SESSION
BLUESTARCO,daily,2004-06-01,2004-06-01,ABSENT_ON_OBSERVED_NIFTY_50_SESSION
BLUESTARCO,daily,2004-06-02,2004-06-02,ABSENT_ON_OBSERVED_NIFTY_50_SESSION
BLUESTARCO,daily,2004-06-03,2004-06-03,ABSENT_ON_OBSERVED_NIFTY_50_SESSION
BLUESTARCO,daily,2004-06-04,2004-06-04,ABSENT_ON_OBSERVED_NIFTY_50_SESSION
BLUESTARCO,daily,2004-06-07,2004-06-07,ABSENT_ON_OBSERVED_NIFTY_50_SESSION
BLUESTARCO,daily,2004-06-08,2004-06-08,ABSENT_ON_OBSERVED_NIFTY_50_SESSION
BLUESTARCO,daily,2004-06-09,2004-06-09,ABSENT_ON_OBSERVED_NIFTY_50_SESSION
BLUESTARCO,daily,2004-06-10,2004-06-10,ABSENT_ON_OBSERVED_NIFTY_50_SESSION
BLUESTARCO,daily,2004-06-11,2004-06-11,ABSENT_ON_OBSERVED_NIFTY_50_SESSION
BLUESTARCO,daily,2004-06-14,2004-06-14,ABSENT_ON_OBSERVED_NIFTY_50_SESSION
BLUESTARCO,daily,2004-06-15,2004-06-15,ABSENT_ON_OBSERVED_NIFTY_50_SESSION
BLUESTARCO,daily,2004-06-16,2004-06-16,ABSENT_ON_OBSERVED_NIFTY_50_SESSION
BLUESTARCO,daily,2004-06-17,2004-06-17,ABSENT_ON_OBSERVED_NIFTY_50_SESSION
BLUESTARCO,daily,2004-06-18,2004-06-18,ABSENT_ON_OBSERVED_NIFTY_50_SESSION
BLUESTARCO,daily,2004-06-21,2004-06-21,ABSENT_ON_OBSERVED_NIFTY_50_SESSION
BLUESTARCO,daily,2004-06-22,2004-06-22,ABSENT_ON_OBSERVED_NIFTY_50_SESSION
BLUESTARCO,daily,2004-10-09,2004-10-09,ABSENT_ON_OBSERVED_NIFTY_50_SESSION
BLUESTARCO,daily,2005-06-04,2005-06-04,ABSENT_ON_OBSERVED_NIFTY_50_SESSION
BLUESTARCO,daily,2005-11-26,2005-11-26,ABSENT_ON_OBSERVED_NIFTY_50_SESSION
BLUESTARCO,daily,2006-04-29,2006-04-29,ABSENT_ON_OBSERVED_NIFTY_50_SESSION
BLUESTARCO,daily,2006-06-25,2006-06-25,ABSENT_ON_OBSERVED_NIFTY_50_SESSION
BLUESTARCO,daily,2006-10-21,2006-10-21,ABSENT_ON_OBSERVED_NIFTY_50_SESSION
BLUESTARCO,daily,2009-10-17,2009-10-17,ABSENT_ON_OBSERVED_NIFTY_50_SESSION
BLUESTARCO,daily,2010-02-06,2010-02-06,ABSENT_ON_OBSERVED_NIFTY_50_SESSION
BLUESTARCO,daily,2011-10-26,2011-10-26,ABSENT_ON_OBSERVED_NIFTY_50_SESSION
BLUESTARCO,daily,2012-01-07,2012-01-07,ABSENT_ON_OBSERVED_NIFTY_50_SESSION
BLUESTARCO,daily,2012-03-03,2012-03-03,ABSENT_ON_OBSERVED_NIFTY_50_SESSION
BLUESTARCO,daily,2012-04-28,2012-04-28,ABSENT_ON_OBSERVED_NIFTY_50_SESSION
BLUESTARCO,daily,2012-09-08,2012-09-08,ABSENT_ON_OBSERVED_NIFTY_50_SESSION
BLUESTARCO,daily,2013-05-11,2013-05-11,ABSENT_ON_OBSERVED_NIFTY_50_SESSION
BLUESTARCO,daily,2013-11-03,2013-11-03,ABSENT_ON_OBSERVED_NIFTY_50_SESSION
BLUESTARCO,daily,2014-03-22,2014-03-22,ABSENT_ON_OBSERVED_NIFTY_50_SESSION
BLUESTARCO,daily,2015-02-28,2015-02-28,ABSENT_ON_OBSERVED_NIFTY_50_SESSION
BLUESTARCO,daily,2016-10-30,2016-10-30,ABSENT_ON_OBSERVED_NIFTY_50_SESSION
BLUESTARCO,daily,2017-10-19,2017-10-19,ABSENT_ON_OBSERVED_NIFTY_50_SESSION
BLUESTARCO,daily,2018-11-07,2018-11-07,ABSENT_ON_OBSERVED_NIFTY_50_SESSION
BOSCHLTD,daily,2003-03-22,2003-03-22,ABSENT_ON_OBSERVED_NIFTY_50_SESSION
BOSCHLTD,daily,2003-10-25,2003-10-25,ABSENT_ON_OBSERVED_NIFTY_50_SESSION
BOSCHLTD,daily,2003-11-15,2003-11-15,ABSENT_ON_OBSERVED_NIFTY_50_SESSION
BOSCHLTD,daily,2004-04-17,2004-04-17,ABSENT_ON_OBSERVED_NIFTY_50_SESSION
BOSCHLTD,daily,2004-05-24,2004-05-24,ABSENT_ON_OBSERVED_NIFTY_50_SESSION
BOSCHLTD,daily,2004-05-25,2004-05-25,ABSENT_ON_OBSERVED_NIFTY_50_SESSION
BOSCHLTD,daily,2004-05-26,2004-05-26,ABSENT_ON_OBSERVED_NIFTY_50_SESSION
BOSCHLTD,daily,2004-05-27,2004-05-27,ABSENT_ON_OBSERVED_NIFTY_50_SESSION
BOSCHLTD,daily,2004-05-28,2004-05-28,ABSENT_ON_OBSERVED_NIFTY_50_SESSION
BOSCHLTD,daily,2004-05-31,2004-05-31,ABSENT_ON_OBSERVED_NIFTY_50_SESSION
BOSCHLTD,daily,2004-06-01,2004-06-01,ABSENT_ON_OBSERVED_NIFTY_50_SESSION
BOSCHLTD,daily,2004-06-02,2004-06-02,ABSENT_ON_OBSERVED_NIFTY_50_SESSION
BOSCHLTD,daily,2004-06-03,2004-06-03,ABSENT_ON_OBSERVED_NIFTY_50_SESSION
BOSCHLTD,daily,2004-06-04,2004-06-04,ABSENT_ON_OBSERVED_NIFTY_50_SESSION
BOSCHLTD,daily,2004-06-07,2004-06-07,ABSENT_ON_OBSERVED_NIFTY_50_SESSION
BOSCHLTD,daily,2004-06-08,2004-06-08,ABSENT_ON_OBSERVED_NIFTY_50_SESSION
BOSCHLTD,daily,2004-06-09,2004-06-09,ABSENT_ON_OBSERVED_NIFTY_50_SESSION
BOSCHLTD,daily,2004-06-10,2004-06-10,ABSENT_ON_OBSERVED_NIFTY_50_SESSION
BOSCHLTD,daily,2004-06-11,2004-06-11,ABSENT_ON_OBSERVED_NIFTY_50_SESSION
BOSCHLTD,daily,2004-06-14,2004-06-14,ABSENT_ON_OBSERVED_NIFTY_50_SESSION
BOSCHLTD,daily,2004-06-15,2004-06-15,ABSENT_ON_OBSERVED_NIFTY_50_SESSION
BOSCHLTD,daily,2004-06-16,2004-06-16,ABSENT_ON_OBSERVED_NIFTY_50_SESSION
BOSCHLTD,daily,2004-06-17,2004-06-17,ABSENT_ON_OBSERVED_NIFTY_50_SESSION
BOSCHLTD,daily,2004-06-18,2004-06-18,ABSENT_ON_OBSERVED_NIFTY_50_SESSION
BOSCHLTD,daily,2004-06-21,2004-06-21,ABSENT_ON_OBSERVED_NIFTY_50_SESSION
BOSCHLTD,daily,2004-06-22,2004-06-22,ABSENT_ON_OBSERVED_NIFTY_50_SESSION
BOSCHLTD,daily,2004-10-09,2004-10-09,ABSENT_ON_OBSERVED_NIFTY_50_SESSION
BOSCHLTD,daily,2005-06-04,2005-06-04,ABSENT_ON_OBSERVED_NIFTY_50_SESSION
BOSCHLTD,daily,2005-11-26,2005-11-26,ABSENT_ON_OBSERVED_NIFTY_50_SESSION
BOSCHLTD,daily,2006-04-29,2006-04-29,ABSENT_ON_OBSERVED_NIFTY_50_SESSION
BOSCHLTD,daily,2006-06-25,2006-06-25,ABSENT_ON_OBSERVED_NIFTY_50_SESSION
BOSCHLTD,daily,2006-10-21,2006-10-21,ABSENT_ON_OBSERVED_NIFTY_50_SESSION
BOSCHLTD,daily,2009-10-17,2009-10-17,ABSENT_ON_OBSERVED_NIFTY_50_SESSION
BOSCHLTD,daily,2010-02-06,2010-02-06,ABSENT_ON_OBSERVED_NIFTY_50_SESSION
BOSCHLTD,daily,2011-10-26,2011-10-26,ABSENT_ON_OBSERVED_NIFTY_50_SESSION
BOSCHLTD,daily,2012-01-07,2012-01-07,ABSENT_ON_OBSERVED_NIFTY_50_SESSION
BOSCHLTD,daily,2012-03-03,2012-03-03,ABSENT_ON_OBSERVED_NIFTY_50_SESSION
BOSCHLTD,daily,2012-04-28,2012-04-28,ABSENT_ON_OBSERVED_NIFTY_50_SESSION
BOSCHLTD,daily,2012-09-08,2012-09-08,ABSENT_ON_OBSERVED_NIFTY_50_SESSION
BOSCHLTD,daily,2013-05-11,2013-05-11,ABSENT_ON_OBSERVED_NIFTY_50_SESSION
BOSCHLTD,daily,2013-11-03,2013-11-03,ABSENT_ON_OBSERVED_NIFTY_50_SESSION
BOSCHLTD,daily,2014-03-22,2014-03-22,ABSENT_ON_OBSERVED_NIFTY_50_SESSION
BOSCHLTD,daily,2015-02-28,2015-02-28,ABSENT_ON_OBSERVED_NIFTY_50_SESSION
BOSCHLTD,daily,2016-10-30,2016-10-30,ABSENT_ON_OBSERVED_NIFTY_50_SESSION
BOSCHLTD,daily,2017-10-19,2017-10-19,ABSENT_ON_OBSERVED_NIFTY_50_SESSION
BOSCHLTD,daily,2018-11-07,2018-11-07,ABSENT_ON_OBSERVED_NIFTY_50_SESSION
BPCL,daily,2003-03-22,2003-03-22,ABSENT_ON_OBSERVED_NIFTY_50_SESSION
BPCL,daily,2003-10-25,2003-10-25,ABSENT_ON_OBSERVED_NIFTY_50_SESSION
BPCL,daily,2003-11-15,2003-11-15,ABSENT_ON_OBSERVED_NIFTY_50_SESSION
BPCL,daily,2004-04-17,2004-04-17,ABSENT_ON_OBSERVED_NIFTY_50_SESSION
BPCL,daily,2004-05-24,2004-05-24,ABSENT_ON_OBSERVED_NIFTY_50_SESSION
BPCL,daily,2004-05-25,2004-05-25,ABSENT_ON_OBSERVED_NIFTY_50_SESSION
BPCL,daily,2004-05-26,2004-05-26,ABSENT_ON_OBSERVED_NIFTY_50_SESSION
BPCL,daily,2004-05-27,2004-05-27,ABSENT_ON_OBSERVED_NIFTY_50_SESSION
BPCL,daily,2004-05-28,2004-05-28,ABSENT_ON_OBSERVED_NIFTY_50_SESSION
BPCL,daily,2004-05-31,2004-05-31,ABSENT_ON_OBSERVED_NIFTY_50_SESSION
BPCL,daily,2004-06-01,2004-06-01,ABSENT_ON_OBSERVED_NIFTY_50_SESSION
BPCL,daily,2004-06-02,2004-06-02,ABSENT_ON_OBSERVED_NIFTY_50_SESSION
BPCL,daily,2004-06-03,2004-06-03,ABSENT_ON_OBSERVED_NIFTY_50_SESSION
BPCL,daily,2004-06-04,2004-06-04,ABSENT_ON_OBSERVED_NIFTY_50_SESSION
BPCL,daily,2004-06-07,2004-06-07,ABSENT_ON_OBSERVED_NIFTY_50_SESSION
BPCL,daily,2004-06-08,2004-06-08,ABSENT_ON_OBSERVED_NIFTY_50_SESSION
BPCL,daily,2004-06-09,2004-06-09,ABSENT_ON_OBSERVED_NIFTY_50_SESSION
BPCL,daily,2004-06-10,2004-06-10,ABSENT_ON_OBSERVED_NIFTY_50_SESSION
BPCL,daily,2004-06-11,2004-06-11,ABSENT_ON_OBSERVED_NIFTY_50_SESSION
BPCL,daily,2004-06-14,2004-06-14,ABSENT_ON_OBSERVED_NIFTY_50_SESSION
BPCL,daily,2004-06-15,2004-06-15,ABSENT_ON_OBSERVED_NIFTY_50_SESSION
BPCL,daily,2004-06-16,2004-06-16,ABSENT_ON_OBSERVED_NIFTY_50_SESSION
BPCL,daily,2004-06-17,2004-06-17,ABSENT_ON_OBSERVED_NIFTY_50_SESSION
BPCL,daily,2004-06-18,2004-06-18,ABSENT_ON_OBSERVED_NIFTY_50_SESSION
BPCL,daily,2004-06-21,2004-06-21,ABSENT_ON_OBSERVED_NIFTY_50_SESSION
BPCL,daily,2004-06-22,2004-06-22,ABSENT_ON_OBSERVED_NIFTY_50_SESSION
BPCL,daily,2004-10-09,2004-10-09,ABSENT_ON_OBSERVED_NIFTY_50_SESSION
BPCL,daily,2005-06-04,2005-06-04,ABSENT_ON_OBSERVED_NIFTY_50_SESSION
BPCL,daily,2005-11-26,2005-11-26,ABSENT_ON_OBSERVED_NIFTY_50_SESSION
BPCL,daily,2006-04-29,2006-04-29,ABSENT_ON_OBSERVED_NIFTY_50_SESSION
BPCL,daily,2006-06-25,2006-06-25,ABSENT_ON_OBSERVED_NIFTY_50_SESSION
BPCL,daily,2006-10-21,2006-10-21,ABSENT_ON_OBSERVED_NIFTY_50_SESSION
BPCL,daily,2009-10-17,2009-10-17,ABSENT_ON_OBSERVED_NIFTY_50_SESSION
BPCL,daily,2010-02-06,2010-02-06,ABSENT_ON_OBSERVED_NIFTY_50_SESSION
BPCL,daily,2011-10-26,2011-10-26,ABSENT_ON_OBSERVED_NIFTY_50_SESSION
BPCL,daily,2012-01-07,2012-01-07,ABSENT_ON_OBSERVED_NIFTY_50_SESSION
BPCL,daily,2012-03-03,2012-03-03,ABSENT_ON_OBSERVED_NIFTY_50_SESSION
BPCL,daily,2012-04-28,2012-04-28,ABSENT_ON_OBSERVED_NIFTY_50_SESSION
BPCL,daily,2012-09-08,2012-09-08,ABSENT_ON_OBSERVED_NIFTY_50_SESSION
BPCL,daily,2013-05-11,2013-05-11,ABSENT_ON_OBSERVED_NIFTY_50_SESSION
BPCL,daily,2013-11-03,2013-11-03,ABSENT_ON_OBSERVED_NIFTY_50_SESSION
BPCL,daily,2014-03-22,2014-03-22,ABSENT_ON_OBSERVED_NIFTY_50_SESSION
BPCL,daily,2015-02-28,2015-02-28,ABSENT_ON_OBSERVED_NIFTY_50_SESSION
BPCL,daily,2016-10-30,2016-10-30,ABSENT_ON_OBSERVED_NIFTY_50_SESSION
BPCL,daily,2017-10-19,2017-10-19,ABSENT_ON_OBSERVED_NIFTY_50_SESSION
BPCL,daily,2018-11-07,2018-11-07,ABSENT_ON_OBSERVED_NIFTY_50_SESSION
BRITANNIA,daily,2003-03-22,2003-03-22,ABSENT_ON_OBSERVED_NIFTY_50_SESSION
BRITANNIA,daily,2003-10-25,2003-10-25,ABSENT_ON_OBSERVED_NIFTY_50_SESSION
BRITANNIA,daily,2003-11-15,2003-11-15,ABSENT_ON_OBSERVED_NIFTY_50_SESSION
BRITANNIA,daily,2004-04-17,2004-04-17,ABSENT_ON_OBSERVED_NIFTY_50_SESSION
BRITANNIA,daily,2004-05-24,2004-05-24,ABSENT_ON_OBSERVED_NIFTY_50_SESSION
BRITANNIA,daily,2004-05-25,2004-05-25,ABSENT_ON_OBSERVED_NIFTY_50_SESSION
BRITANNIA,daily,2004-05-26,2004-05-26,ABSENT_ON_OBSERVED_NIFTY_50_SESSION
BRITANNIA,daily,2004-05-27,2004-05-27,ABSENT_ON_OBSERVED_NIFTY_50_SESSION
BRITANNIA,daily,2004-05-28,2004-05-28,ABSENT_ON_OBSERVED_NIFTY_50_SESSION
BRITANNIA,daily,2004-05-31,2004-05-31,ABSENT_ON_OBSERVED_NIFTY_50_SESSION
BRITANNIA,daily,2004-06-01,2004-06-01,ABSENT_ON_OBSERVED_NIFTY_50_SESSION
BRITANNIA,daily,2004-06-02,2004-06-02,ABSENT_ON_OBSERVED_NIFTY_50_SESSION
BRITANNIA,daily,2004-06-03,2004-06-03,ABSENT_ON_OBSERVED_NIFTY_50_SESSION
BRITANNIA,daily,2004-06-04,2004-06-04,ABSENT_ON_OBSERVED_NIFTY_50_SESSION
BRITANNIA,daily,2004-06-07,2004-06-07,ABSENT_ON_OBSERVED_NIFTY_50_SESSION
BRITANNIA,daily,2004-06-08,2004-06-08,ABSENT_ON_OBSERVED_NIFTY_50_SESSION
BRITANNIA,daily,2004-06-09,2004-06-09,ABSENT_ON_OBSERVED_NIFTY_50_SESSION
BRITANNIA,daily,2004-06-10,2004-06-10,ABSENT_ON_OBSERVED_NIFTY_50_SESSION
BRITANNIA,daily,2004-06-11,2004-06-11,ABSENT_ON_OBSERVED_NIFTY_50_SESSION
BRITANNIA,daily,2004-06-14,2004-06-14,ABSENT_ON_OBSERVED_NIFTY_50_SESSION
BRITANNIA,daily,2004-06-15,2004-06-15,ABSENT_ON_OBSERVED_NIFTY_50_SESSION
BRITANNIA,daily,2004-06-16,2004-06-16,ABSENT_ON_OBSERVED_NIFTY_50_SESSION
BRITANNIA,daily,2004-06-17,2004-06-17,ABSENT_ON_OBSERVED_NIFTY_50_SESSION
BRITANNIA,daily,2004-06-18,2004-06-18,ABSENT_ON_OBSERVED_NIFTY_50_SESSION
BRITANNIA,daily,2004-06-21,2004-06-21,ABSENT_ON_OBSERVED_NIFTY_50_SESSION
BRITANNIA,daily,2004-06-22,2004-06-22,ABSENT_ON_OBSERVED_NIFTY_50_SESSION
BRITANNIA,daily,2004-10-09,2004-10-09,ABSENT_ON_OBSERVED_NIFTY_50_SESSION
BRITANNIA,daily,2005-06-04,2005-06-04,ABSENT_ON_OBSERVED_NIFTY_50_SESSION
BRITANNIA,daily,2005-11-26,2005-11-26,ABSENT_ON_OBSERVED_NIFTY_50_SESSION
BRITANNIA,daily,2006-04-29,2006-04-29,ABSENT_ON_OBSERVED_NIFTY_50_SESSION
BRITANNIA,daily,2006-06-25,2006-06-25,ABSENT_ON_OBSERVED_NIFTY_50_SESSION
BRITANNIA,daily,2006-10-21,2006-10-21,ABSENT_ON_OBSERVED_NIFTY_50_SESSION
BRITANNIA,daily,2009-10-17,2009-10-17,ABSENT_ON_OBSERVED_NIFTY_50_SESSION
BRITANNIA,daily,2010-02-06,2010-02-06,ABSENT_ON_OBSERVED_NIFTY_50_SESSION
BRITANNIA,daily,2011-10-26,2011-10-26,ABSENT_ON_OBSERVED_NIFTY_50_SESSION
BRITANNIA,daily,2012-01-07,2012-01-07,ABSENT_ON_OBSERVED_NIFTY_50_SESSION
BRITANNIA,daily,2012-03-03,2012-03-03,ABSENT_ON_OBSERVED_NIFTY_50_SESSION
BRITANNIA,daily,2012-04-28,2012-04-28,ABSENT_ON_OBSERVED_NIFTY_50_SESSION
BRITANNIA,daily,2012-09-08,2012-09-08,ABSENT_ON_OBSERVED_NIFTY_50_SESSION
BRITANNIA,daily,2013-05-11,2013-05-11,ABSENT_ON_OBSERVED_NIFTY_50_SESSION
BRITANNIA,daily,2013-11-03,2013-11-03,ABSENT_ON_OBSERVED_NIFTY_50_SESSION
BRITANNIA,daily,2014-03-22,2014-03-22,ABSENT_ON_OBSERVED_NIFTY_50_SESSION
BRITANNIA,daily,2015-02-28,2015-02-28,ABSENT_ON_OBSERVED_NIFTY_50_SESSION
BRITANNIA,daily,2016-10-30,2016-10-30,ABSENT_ON_OBSERVED_NIFTY_50_SESSION
BRITANNIA,daily,2017-10-19,2017-10-19,ABSENT_ON_OBSERVED_NIFTY_50_SESSION
BRITANNIA,daily,2018-11-07,2018-11-07,ABSENT_ON_OBSERVED_NIFTY_50_SESSION
BSE,daily,2017-10-19,2017-10-19,ABSENT_ON_OBSERVED_NIFTY_50_SESSION
BSE,daily,2018-11-07,2018-11-07,ABSENT_ON_OBSERVED_NIFTY_50_SESSION
CANBK,daily,2003-03-22,2003-03-22,ABSENT_ON_OBSERVED_NIFTY_50_SESSION
CANBK,daily,2003-10-25,2003-10-25,ABSENT_ON_OBSERVED_NIFTY_50_SESSION
CANBK,daily,2003-11-15,2003-11-15,ABSENT_ON_OBSERVED_NIFTY_50_SESSION
CANBK,daily,2004-04-17,2004-04-17,ABSENT_ON_OBSERVED_NIFTY_50_SESSION
CANBK,daily,2004-05-24,2004-05-24,ABSENT_ON_OBSERVED_NIFTY_50_SESSION
CANBK,daily,2004-05-25,2004-05-25,ABSENT_ON_OBSERVED_NIFTY_50_SESSION
CANBK,daily,2004-05-26,2004-05-26,ABSENT_ON_OBSERVED_NIFTY_50_SESSION
CANBK,daily,2004-05-27,2004-05-27,ABSENT_ON_OBSERVED_NIFTY_50_SESSION
CANBK,daily,2004-05-28,2004-05-28,ABSENT_ON_OBSERVED_NIFTY_50_SESSION
CANBK,daily,2004-05-31,2004-05-31,ABSENT_ON_OBSERVED_NIFTY_50_SESSION
CANBK,daily,2004-06-01,2004-06-01,ABSENT_ON_OBSERVED_NIFTY_50_SESSION
CANBK,daily,2004-06-02,2004-06-02,ABSENT_ON_OBSERVED_NIFTY_50_SESSION
CANBK,daily,2004-06-03,2004-06-03,ABSENT_ON_OBSERVED_NIFTY_50_SESSION
CANBK,daily,2004-06-04,2004-06-04,ABSENT_ON_OBSERVED_NIFTY_50_SESSION
CANBK,daily,2004-06-07,2004-06-07,ABSENT_ON_OBSERVED_NIFTY_50_SESSION
CANBK,daily,2004-06-08,2004-06-08,ABSENT_ON_OBSERVED_NIFTY_50_SESSION
CANBK,daily,2004-06-09,2004-06-09,ABSENT_ON_OBSERVED_NIFTY_50_SESSION
CANBK,daily,2004-06-10,2004-06-10,ABSENT_ON_OBSERVED_NIFTY_50_SESSION
CANBK,daily,2004-06-11,2004-06-11,ABSENT_ON_OBSERVED_NIFTY_50_SESSION
CANBK,daily,2004-06-14,2004-06-14,ABSENT_ON_OBSERVED_NIFTY_50_SESSION
CANBK,daily,2004-06-15,2004-06-15,ABSENT_ON_OBSERVED_NIFTY_50_SESSION
CANBK,daily,2004-06-16,2004-06-16,ABSENT_ON_OBSERVED_NIFTY_50_SESSION
CANBK,daily,2004-06-17,2004-06-17,ABSENT_ON_OBSERVED_NIFTY_50_SESSION
CANBK,daily,2004-06-18,2004-06-18,ABSENT_ON_OBSERVED_NIFTY_50_SESSION
CANBK,daily,2004-06-21,2004-06-21,ABSENT_ON_OBSERVED_NIFTY_50_SESSION
CANBK,daily,2004-06-22,2004-06-22,ABSENT_ON_OBSERVED_NIFTY_50_SESSION
CANBK,daily,2004-10-09,2004-10-09,ABSENT_ON_OBSERVED_NIFTY_50_SESSION
CANBK,daily,2005-06-04,2005-06-04,ABSENT_ON_OBSERVED_NIFTY_50_SESSION
CANBK,daily,2005-11-26,2005-11-26,ABSENT_ON_OBSERVED_NIFTY_50_SESSION
CANBK,daily,2006-04-29,2006-04-29,ABSENT_ON_OBSERVED_NIFTY_50_SESSION
CANBK,daily,2006-06-25,2006-06-25,ABSENT_ON_OBSERVED_NIFTY_50_SESSION
CANBK,daily,2006-10-21,2006-10-21,ABSENT_ON_OBSERVED_NIFTY_50_SESSION
CANBK,daily,2009-10-17,2009-10-17,ABSENT_ON_OBSERVED_NIFTY_50_SESSION
CANBK,daily,2010-02-06,2010-02-06,ABSENT_ON_OBSERVED_NIFTY_50_SESSION
CANBK,daily,2011-10-26,2011-10-26,ABSENT_ON_OBSERVED_NIFTY_50_SESSION
CANBK,daily,2012-01-07,2012-01-07,ABSENT_ON_OBSERVED_NIFTY_50_SESSION
CANBK,daily,2012-03-03,2012-03-03,ABSENT_ON_OBSERVED_NIFTY_50_SESSION
CANBK,daily,2012-04-28,2012-04-28,ABSENT_ON_OBSERVED_NIFTY_50_SESSION
CANBK,daily,2012-09-08,2012-09-08,ABSENT_ON_OBSERVED_NIFTY_50_SESSION
CANBK,daily,2013-05-11,2013-05-11,ABSENT_ON_OBSERVED_NIFTY_50_SESSION
CANBK,daily,2013-11-03,2013-11-03,ABSENT_ON_OBSERVED_NIFTY_50_SESSION
CANBK,daily,2014-03-22,2014-03-22,ABSENT_ON_OBSERVED_NIFTY_50_SESSION
CANBK,daily,2015-02-28,2015-02-28,ABSENT_ON_OBSERVED_NIFTY_50_SESSION
CANBK,daily,2016-10-30,2016-10-30,ABSENT_ON_OBSERVED_NIFTY_50_SESSION
CANBK,daily,2017-10-19,2017-10-19,ABSENT_ON_OBSERVED_NIFTY_50_SESSION
CANBK,daily,2018-11-07,2018-11-07,ABSENT_ON_OBSERVED_NIFTY_50_SESSION
CGPOWER,daily,2003-03-22,2003-03-22,ABSENT_ON_OBSERVED_NIFTY_50_SESSION
CGPOWER,daily,2003-10-25,2003-10-25,ABSENT_ON_OBSERVED_NIFTY_50_SESSION
CGPOWER,daily,2003-11-15,2003-11-15,ABSENT_ON_OBSERVED_NIFTY_50_SESSION
CGPOWER,daily,2004-04-17,2004-04-17,ABSENT_ON_OBSERVED_NIFTY_50_SESSION
CGPOWER,daily,2004-05-24,2004-05-24,ABSENT_ON_OBSERVED_NIFTY_50_SESSION
CGPOWER,daily,2004-05-25,2004-05-25,ABSENT_ON_OBSERVED_NIFTY_50_SESSION
CGPOWER,daily,2004-05-26,2004-05-26,ABSENT_ON_OBSERVED_NIFTY_50_SESSION
CGPOWER,daily,2004-05-27,2004-05-27,ABSENT_ON_OBSERVED_NIFTY_50_SESSION
CGPOWER,daily,2004-05-28,2004-05-28,ABSENT_ON_OBSERVED_NIFTY_50_SESSION
CGPOWER,daily,2004-05-31,2004-05-31,ABSENT_ON_OBSERVED_NIFTY_50_SESSION
CGPOWER,daily,2004-06-01,2004-06-01,ABSENT_ON_OBSERVED_NIFTY_50_SESSION
CGPOWER,daily,2004-06-02,2004-06-02,ABSENT_ON_OBSERVED_NIFTY_50_SESSION
CGPOWER,daily,2004-06-03,2004-06-03,ABSENT_ON_OBSERVED_NIFTY_50_SESSION
CGPOWER,daily,2004-06-04,2004-06-04,ABSENT_ON_OBSERVED_NIFTY_50_SESSION
CGPOWER,daily,2004-06-07,2004-06-07,ABSENT_ON_OBSERVED_NIFTY_50_SESSION
CGPOWER,daily,2004-06-08,2004-06-08,ABSENT_ON_OBSERVED_NIFTY_50_SESSION
CGPOWER,daily,2004-06-09,2004-06-09,ABSENT_ON_OBSERVED_NIFTY_50_SESSION
CGPOWER,daily,2004-06-10,2004-06-10,ABSENT_ON_OBSERVED_NIFTY_50_SESSION
CGPOWER,daily,2004-06-11,2004-06-11,ABSENT_ON_OBSERVED_NIFTY_50_SESSION
CGPOWER,daily,2004-06-14,2004-06-14,ABSENT_ON_OBSERVED_NIFTY_50_SESSION
CGPOWER,daily,2004-06-15,2004-06-15,ABSENT_ON_OBSERVED_NIFTY_50_SESSION
CGPOWER,daily,2004-06-16,2004-06-16,ABSENT_ON_OBSERVED_NIFTY_50_SESSION
CGPOWER,daily,2004-06-17,2004-06-17,ABSENT_ON_OBSERVED_NIFTY_50_SESSION
CGPOWER,daily,2004-06-18,2004-06-18,ABSENT_ON_OBSERVED_NIFTY_50_SESSION
CGPOWER,daily,2004-06-21,2004-06-21,ABSENT_ON_OBSERVED_NIFTY_50_SESSION
CGPOWER,daily,2004-06-22,2004-06-22,ABSENT_ON_OBSERVED_NIFTY_50_SESSION
CGPOWER,daily,2004-10-09,2004-10-09,ABSENT_ON_OBSERVED_NIFTY_50_SESSION
CGPOWER,daily,2005-06-04,2005-06-04,ABSENT_ON_OBSERVED_NIFTY_50_SESSION
CGPOWER,daily,2005-11-26,2005-11-26,ABSENT_ON_OBSERVED_NIFTY_50_SESSION
CGPOWER,daily,2006-04-29,2006-04-29,ABSENT_ON_OBSERVED_NIFTY_50_SESSION
CGPOWER,daily,2006-06-25,2006-06-25,ABSENT_ON_OBSERVED_NIFTY_50_SESSION
CGPOWER,daily,2006-10-21,2006-10-21,ABSENT_ON_OBSERVED_NIFTY_50_SESSION
CGPOWER,daily,2009-10-17,2009-10-17,ABSENT_ON_OBSERVED_NIFTY_50_SESSION
CGPOWER,daily,2010-02-06,2010-02-06,ABSENT_ON_OBSERVED_NIFTY_50_SESSION
CGPOWER,daily,2011-10-26,2011-10-26,ABSENT_ON_OBSERVED_NIFTY_50_SESSION
CGPOWER,daily,2012-01-07,2012-01-07,ABSENT_ON_OBSERVED_NIFTY_50_SESSION
CGPOWER,daily,2012-03-03,2012-03-03,ABSENT_ON_OBSERVED_NIFTY_50_SESSION
CGPOWER,daily,2012-04-28,2012-04-28,ABSENT_ON_OBSERVED_NIFTY_50_SESSION
CGPOWER,daily,2012-09-08,2012-09-08,ABSENT_ON_OBSERVED_NIFTY_50_SESSION
CGPOWER,daily,2013-05-11,2013-05-11,ABSENT_ON_OBSERVED_NIFTY_50_SESSION
CGPOWER,daily,2013-11-03,2013-11-03,ABSENT_ON_OBSERVED_NIFTY_50_SESSION
CGPOWER,daily,2014-03-22,2014-03-22,ABSENT_ON_OBSERVED_NIFTY_50_SESSION
CGPOWER,daily,2015-02-28,2015-02-28,ABSENT_ON_OBSERVED_NIFTY_50_SESSION
CGPOWER,daily,2016-10-30,2016-10-30,ABSENT_ON_OBSERVED_NIFTY_50_SESSION
CGPOWER,daily,2017-10-19,2017-10-19,ABSENT_ON_OBSERVED_NIFTY_50_SESSION
CGPOWER,daily,2018-11-07,2018-11-07,ABSENT_ON_OBSERVED_NIFTY_50_SESSION
CHOLAFIN,daily,2003-03-22,2003-03-22,ABSENT_ON_OBSERVED_NIFTY_50_SESSION
CHOLAFIN,daily,2003-10-25,2003-10-25,ABSENT_ON_OBSERVED_NIFTY_50_SESSION
CHOLAFIN,daily,2003-11-15,2003-11-15,ABSENT_ON_OBSERVED_NIFTY_50_SESSION
CHOLAFIN,daily,2004-04-17,2004-04-17,ABSENT_ON_OBSERVED_NIFTY_50_SESSION
CHOLAFIN,daily,2004-05-24,2004-05-24,ABSENT_ON_OBSERVED_NIFTY_50_SESSION
CHOLAFIN,daily,2004-05-25,2004-05-25,ABSENT_ON_OBSERVED_NIFTY_50_SESSION
CHOLAFIN,daily,2004-05-26,2004-05-26,ABSENT_ON_OBSERVED_NIFTY_50_SESSION
CHOLAFIN,daily,2004-05-27,2004-05-27,ABSENT_ON_OBSERVED_NIFTY_50_SESSION
CHOLAFIN,daily,2004-05-28,2004-05-28,ABSENT_ON_OBSERVED_NIFTY_50_SESSION
CHOLAFIN,daily,2004-05-31,2004-05-31,ABSENT_ON_OBSERVED_NIFTY_50_SESSION
CHOLAFIN,daily,2004-06-01,2004-06-01,ABSENT_ON_OBSERVED_NIFTY_50_SESSION
CHOLAFIN,daily,2004-06-02,2004-06-02,ABSENT_ON_OBSERVED_NIFTY_50_SESSION
CHOLAFIN,daily,2004-06-03,2004-06-03,ABSENT_ON_OBSERVED_NIFTY_50_SESSION
CHOLAFIN,daily,2004-06-04,2004-06-04,ABSENT_ON_OBSERVED_NIFTY_50_SESSION
CHOLAFIN,daily,2004-06-07,2004-06-07,ABSENT_ON_OBSERVED_NIFTY_50_SESSION
CHOLAFIN,daily,2004-06-08,2004-06-08,ABSENT_ON_OBSERVED_NIFTY_50_SESSION
CHOLAFIN,daily,2004-06-09,2004-06-09,ABSENT_ON_OBSERVED_NIFTY_50_SESSION
CHOLAFIN,daily,2004-06-10,2004-06-10,ABSENT_ON_OBSERVED_NIFTY_50_SESSION
CHOLAFIN,daily,2004-06-11,2004-06-11,ABSENT_ON_OBSERVED_NIFTY_50_SESSION
CHOLAFIN,daily,2004-06-14,2004-06-14,ABSENT_ON_OBSERVED_NIFTY_50_SESSION
CHOLAFIN,daily,2004-06-15,2004-06-15,ABSENT_ON_OBSERVED_NIFTY_50_SESSION
CHOLAFIN,daily,2004-06-16,2004-06-16,ABSENT_ON_OBSERVED_NIFTY_50_SESSION
CHOLAFIN,daily,2004-06-17,2004-06-17,ABSENT_ON_OBSERVED_NIFTY_50_SESSION
CHOLAFIN,daily,2004-06-18,2004-06-18,ABSENT_ON_OBSERVED_NIFTY_50_SESSION
CHOLAFIN,daily,2004-06-21,2004-06-21,ABSENT_ON_OBSERVED_NIFTY_50_SESSION
CHOLAFIN,daily,2004-06-22,2004-06-22,ABSENT_ON_OBSERVED_NIFTY_50_SESSION
CHOLAFIN,daily,2004-10-09,2004-10-09,ABSENT_ON_OBSERVED_NIFTY_50_SESSION
CHOLAFIN,daily,2005-06-04,2005-06-04,ABSENT_ON_OBSERVED_NIFTY_50_SESSION
CHOLAFIN,daily,2005-11-26,2005-11-26,ABSENT_ON_OBSERVED_NIFTY_50_SESSION
CHOLAFIN,daily,2006-04-29,2006-04-29,ABSENT_ON_OBSERVED_NIFTY_50_SESSION
CHOLAFIN,daily,2006-06-25,2006-06-25,ABSENT_ON_OBSERVED_NIFTY_50_SESSION
CHOLAFIN,daily,2006-10-21,2006-10-21,ABSENT_ON_OBSERVED_NIFTY_50_SESSION
CHOLAFIN,daily,2009-10-17,2009-10-17,ABSENT_ON_OBSERVED_NIFTY_50_SESSION
CHOLAFIN,daily,2010-02-06,2010-02-06,ABSENT_ON_OBSERVED_NIFTY_50_SESSION
CHOLAFIN,daily,2011-10-26,2011-10-26,ABSENT_ON_OBSERVED_NIFTY_50_SESSION
CHOLAFIN,daily,2012-01-07,2012-01-07,ABSENT_ON_OBSERVED_NIFTY_50_SESSION
CHOLAFIN,daily,2012-03-03,2012-03-03,ABSENT_ON_OBSERVED_NIFTY_50_SESSION
CHOLAFIN,daily,2012-04-28,2012-04-28,ABSENT_ON_OBSERVED_NIFTY_50_SESSION
CHOLAFIN,daily,2012-09-08,2012-09-08,ABSENT_ON_OBSERVED_NIFTY_50_SESSION
CHOLAFIN,daily,2013-05-11,2013-05-11,ABSENT_ON_OBSERVED_NIFTY_50_SESSION
CHOLAFIN,daily,2013-11-03,2013-11-03,ABSENT_ON_OBSERVED_NIFTY_50_SESSION
CHOLAFIN,daily,2014-03-22,2014-03-22,ABSENT_ON_OBSERVED_NIFTY_50_SESSION
CHOLAFIN,daily,2015-02-28,2015-02-28,ABSENT_ON_OBSERVED_NIFTY_50_SESSION
CHOLAFIN,daily,2016-10-30,2016-10-30,ABSENT_ON_OBSERVED_NIFTY_50_SESSION
CHOLAFIN,daily,2017-10-19,2017-10-19,ABSENT_ON_OBSERVED_NIFTY_50_SESSION
CHOLAFIN,daily,2018-11-07,2018-11-07,ABSENT_ON_OBSERVED_NIFTY_50_SESSION
CIPLA,daily,2003-03-22,2003-03-22,ABSENT_ON_OBSERVED_NIFTY_50_SESSION
CIPLA,daily,2003-10-25,2003-10-25,ABSENT_ON_OBSERVED_NIFTY_50_SESSION
CIPLA,daily,2003-11-15,2003-11-15,ABSENT_ON_OBSERVED_NIFTY_50_SESSION
CIPLA,daily,2004-04-17,2004-04-17,ABSENT_ON_OBSERVED_NIFTY_50_SESSION
CIPLA,daily,2004-05-24,2004-05-24,ABSENT_ON_OBSERVED_NIFTY_50_SESSION
CIPLA,daily,2004-05-25,2004-05-25,ABSENT_ON_OBSERVED_NIFTY_50_SESSION
CIPLA,daily,2004-05-26,2004-05-26,ABSENT_ON_OBSERVED_NIFTY_50_SESSION
CIPLA,daily,2004-05-27,2004-05-27,ABSENT_ON_OBSERVED_NIFTY_50_SESSION
CIPLA,daily,2004-05-28,2004-05-28,ABSENT_ON_OBSERVED_NIFTY_50_SESSION
CIPLA,daily,2004-05-31,2004-05-31,ABSENT_ON_OBSERVED_NIFTY_50_SESSION
CIPLA,daily,2004-06-01,2004-06-01,ABSENT_ON_OBSERVED_NIFTY_50_SESSION
CIPLA,daily,2004-06-02,2004-06-02,ABSENT_ON_OBSERVED_NIFTY_50_SESSION
CIPLA,daily,2004-06-03,2004-06-03,ABSENT_ON_OBSERVED_NIFTY_50_SESSION
CIPLA,daily,2004-06-04,2004-06-04,ABSENT_ON_OBSERVED_NIFTY_50_SESSION
CIPLA,daily,2004-06-07,2004-06-07,ABSENT_ON_OBSERVED_NIFTY_50_SESSION
CIPLA,daily,2004-06-08,2004-06-08,ABSENT_ON_OBSERVED_NIFTY_50_SESSION
CIPLA,daily,2004-06-09,2004-06-09,ABSENT_ON_OBSERVED_NIFTY_50_SESSION
CIPLA,daily,2004-06-10,2004-06-10,ABSENT_ON_OBSERVED_NIFTY_50_SESSION
CIPLA,daily,2004-06-11,2004-06-11,ABSENT_ON_OBSERVED_NIFTY_50_SESSION
CIPLA,daily,2004-06-14,2004-06-14,ABSENT_ON_OBSERVED_NIFTY_50_SESSION
CIPLA,daily,2004-06-15,2004-06-15,ABSENT_ON_OBSERVED_NIFTY_50_SESSION
CIPLA,daily,2004-06-16,2004-06-16,ABSENT_ON_OBSERVED_NIFTY_50_SESSION
CIPLA,daily,2004-06-17,2004-06-17,ABSENT_ON_OBSERVED_NIFTY_50_SESSION
CIPLA,daily,2004-06-18,2004-06-18,ABSENT_ON_OBSERVED_NIFTY_50_SESSION
CIPLA,daily,2004-06-21,2004-06-21,ABSENT_ON_OBSERVED_NIFTY_50_SESSION
CIPLA,daily,2004-06-22,2004-06-22,ABSENT_ON_OBSERVED_NIFTY_50_SESSION
CIPLA,daily,2004-10-09,2004-10-09,ABSENT_ON_OBSERVED_NIFTY_50_SESSION
CIPLA,daily,2005-06-04,2005-06-04,ABSENT_ON_OBSERVED_NIFTY_50_SESSION
CIPLA,daily,2005-11-26,2005-11-26,ABSENT_ON_OBSERVED_NIFTY_50_SESSION
CIPLA,daily,2006-04-29,2006-04-29,ABSENT_ON_OBSERVED_NIFTY_50_SESSION
CIPLA,daily,2006-06-25,2006-06-25,ABSENT_ON_OBSERVED_NIFTY_50_SESSION
CIPLA,daily,2006-10-21,2006-10-21,ABSENT_ON_OBSERVED_NIFTY_50_SESSION
CIPLA,daily,2009-10-17,2009-10-17,ABSENT_ON_OBSERVED_NIFTY_50_SESSION
CIPLA,daily,2010-02-06,2010-02-06,ABSENT_ON_OBSERVED_NIFTY_50_SESSION
CIPLA,daily,2011-10-26,2011-10-26,ABSENT_ON_OBSERVED_NIFTY_50_SESSION
CIPLA,daily,2012-01-07,2012-01-07,ABSENT_ON_OBSERVED_NIFTY_50_SESSION
CIPLA,daily,2012-03-03,2012-03-03,ABSENT_ON_OBSERVED_NIFTY_50_SESSION
CIPLA,daily,2012-04-28,2012-04-28,ABSENT_ON_OBSERVED_NIFTY_50_SESSION
CIPLA,daily,2012-09-08,2012-09-08,ABSENT_ON_OBSERVED_NIFTY_50_SESSION
CIPLA,daily,2013-05-11,2013-05-11,ABSENT_ON_OBSERVED_NIFTY_50_SESSION
CIPLA,daily,2013-11-03,2013-11-03,ABSENT_ON_OBSERVED_NIFTY_50_SESSION
CIPLA,daily,2014-03-22,2014-03-22,ABSENT_ON_OBSERVED_NIFTY_50_SESSION
CIPLA,daily,2015-02-28,2015-02-28,ABSENT_ON_OBSERVED_NIFTY_50_SESSION
CIPLA,daily,2016-10-30,2016-10-30,ABSENT_ON_OBSERVED_NIFTY_50_SESSION
CIPLA,daily,2017-10-19,2017-10-19,ABSENT_ON_OBSERVED_NIFTY_50_SESSION
CIPLA,daily,2018-11-07,2018-11-07,ABSENT_ON_OBSERVED_NIFTY_50_SESSION
COALINDIA,daily,2011-10-26,2011-10-26,ABSENT_ON_OBSERVED_NIFTY_50_SESSION
COALINDIA,daily,2012-01-07,2012-01-07,ABSENT_ON_OBSERVED_NIFTY_50_SESSION
COALINDIA,daily,2012-03-03,2012-03-03,ABSENT_ON_OBSERVED_NIFTY_50_SESSION
COALINDIA,daily,2012-04-28,2012-04-28,ABSENT_ON_OBSERVED_NIFTY_50_SESSION
COALINDIA,daily,2012-09-08,2012-09-08,ABSENT_ON_OBSERVED_NIFTY_50_SESSION
COALINDIA,daily,2013-05-11,2013-05-11,ABSENT_ON_OBSERVED_NIFTY_50_SESSION
COALINDIA,daily,2013-11-03,2013-11-03,ABSENT_ON_OBSERVED_NIFTY_50_SESSION
COALINDIA,daily,2014-03-22,2014-03-22,ABSENT_ON_OBSERVED_NIFTY_50_SESSION
COALINDIA,daily,2015-02-28,2015-02-28,ABSENT_ON_OBSERVED_NIFTY_50_SESSION
COALINDIA,daily,2016-10-30,2016-10-30,ABSENT_ON_OBSERVED_NIFTY_50_SESSION
COALINDIA,daily,2017-10-19,2017-10-19,ABSENT_ON_OBSERVED_NIFTY_50_SESSION
COALINDIA,daily,2018-11-07,2018-11-07,ABSENT_ON_OBSERVED_NIFTY_50_SESSION
COCHINSHIP,daily,2017-10-19,2017-10-19,ABSENT_ON_OBSERVED_NIFTY_50_SESSION
COCHINSHIP,daily,2018-11-07,2018-11-07,ABSENT_ON_OBSERVED_NIFTY_50_SESSION
COFORGE,daily,2004-10-09,2004-10-09,ABSENT_ON_OBSERVED_NIFTY_50_SESSION
COFORGE,daily,2005-06-04,2005-06-04,ABSENT_ON_OBSERVED_NIFTY_50_SESSION
COFORGE,daily,2005-11-26,2005-11-26,ABSENT_ON_OBSERVED_NIFTY_50_SESSION
COFORGE,daily,2006-04-29,2006-04-29,ABSENT_ON_OBSERVED_NIFTY_50_SESSION
COFORGE,daily,2006-06-25,2006-06-25,ABSENT_ON_OBSERVED_NIFTY_50_SESSION
COFORGE,daily,2006-10-21,2006-10-21,ABSENT_ON_OBSERVED_NIFTY_50_SESSION
COFORGE,daily,2009-10-17,2009-10-17,ABSENT_ON_OBSERVED_NIFTY_50_SESSION
COFORGE,daily,2010-02-06,2010-02-06,ABSENT_ON_OBSERVED_NIFTY_50_SESSION
COFORGE,daily,2011-10-26,2011-10-26,ABSENT_ON_OBSERVED_NIFTY_50_SESSION
COFORGE,daily,2012-01-07,2012-01-07,ABSENT_ON_OBSERVED_NIFTY_50_SESSION
COFORGE,daily,2012-03-03,2012-03-03,ABSENT_ON_OBSERVED_NIFTY_50_SESSION
COFORGE,daily,2012-04-28,2012-04-28,ABSENT_ON_OBSERVED_NIFTY_50_SESSION
COFORGE,daily,2012-09-08,2012-09-08,ABSENT_ON_OBSERVED_NIFTY_50_SESSION
COFORGE,daily,2013-05-11,2013-05-11,ABSENT_ON_OBSERVED_NIFTY_50_SESSION
COFORGE,daily,2013-11-03,2013-11-03,ABSENT_ON_OBSERVED_NIFTY_50_SESSION
COFORGE,daily,2014-03-22,2014-03-22,ABSENT_ON_OBSERVED_NIFTY_50_SESSION
COFORGE,daily,2015-02-28,2015-02-28,ABSENT_ON_OBSERVED_NIFTY_50_SESSION
COFORGE,daily,2016-10-30,2016-10-30,ABSENT_ON_OBSERVED_NIFTY_50_SESSION
COFORGE,daily,2017-10-19,2017-10-19,ABSENT_ON_OBSERVED_NIFTY_50_SESSION
COFORGE,daily,2018-11-07,2018-11-07,ABSENT_ON_OBSERVED_NIFTY_50_SESSION
COLPAL,daily,2003-03-22,2003-03-22,ABSENT_ON_OBSERVED_NIFTY_50_SESSION
COLPAL,daily,2003-10-25,2003-10-25,ABSENT_ON_OBSERVED_NIFTY_50_SESSION
COLPAL,daily,2003-11-15,2003-11-15,ABSENT_ON_OBSERVED_NIFTY_50_SESSION
COLPAL,daily,2004-04-17,2004-04-17,ABSENT_ON_OBSERVED_NIFTY_50_SESSION
COLPAL,daily,2004-05-24,2004-05-24,ABSENT_ON_OBSERVED_NIFTY_50_SESSION
COLPAL,daily,2004-05-25,2004-05-25,ABSENT_ON_OBSERVED_NIFTY_50_SESSION
COLPAL,daily,2004-05-26,2004-05-26,ABSENT_ON_OBSERVED_NIFTY_50_SESSION
COLPAL,daily,2004-05-27,2004-05-27,ABSENT_ON_OBSERVED_NIFTY_50_SESSION
COLPAL,daily,2004-05-28,2004-05-28,ABSENT_ON_OBSERVED_NIFTY_50_SESSION
COLPAL,daily,2004-05-31,2004-05-31,ABSENT_ON_OBSERVED_NIFTY_50_SESSION
COLPAL,daily,2004-06-01,2004-06-01,ABSENT_ON_OBSERVED_NIFTY_50_SESSION
COLPAL,daily,2004-06-02,2004-06-02,ABSENT_ON_OBSERVED_NIFTY_50_SESSION
COLPAL,daily,2004-06-03,2004-06-03,ABSENT_ON_OBSERVED_NIFTY_50_SESSION
COLPAL,daily,2004-06-04,2004-06-04,ABSENT_ON_OBSERVED_NIFTY_50_SESSION
COLPAL,daily,2004-06-07,2004-06-07,ABSENT_ON_OBSERVED_NIFTY_50_SESSION
COLPAL,daily,2004-06-08,2004-06-08,ABSENT_ON_OBSERVED_NIFTY_50_SESSION
COLPAL,daily,2004-06-09,2004-06-09,ABSENT_ON_OBSERVED_NIFTY_50_SESSION
COLPAL,daily,2004-06-10,2004-06-10,ABSENT_ON_OBSERVED_NIFTY_50_SESSION
COLPAL,daily,2004-06-11,2004-06-11,ABSENT_ON_OBSERVED_NIFTY_50_SESSION
COLPAL,daily,2004-06-14,2004-06-14,ABSENT_ON_OBSERVED_NIFTY_50_SESSION
COLPAL,daily,2004-06-15,2004-06-15,ABSENT_ON_OBSERVED_NIFTY_50_SESSION
COLPAL,daily,2004-06-16,2004-06-16,ABSENT_ON_OBSERVED_NIFTY_50_SESSION
COLPAL,daily,2004-06-17,2004-06-17,ABSENT_ON_OBSERVED_NIFTY_50_SESSION
COLPAL,daily,2004-06-18,2004-06-18,ABSENT_ON_OBSERVED_NIFTY_50_SESSION
COLPAL,daily,2004-06-21,2004-06-21,ABSENT_ON_OBSERVED_NIFTY_50_SESSION
COLPAL,daily,2004-06-22,2004-06-22,ABSENT_ON_OBSERVED_NIFTY_50_SESSION
COLPAL,daily,2004-10-09,2004-10-09,ABSENT_ON_OBSERVED_NIFTY_50_SESSION
COLPAL,daily,2005-06-04,2005-06-04,ABSENT_ON_OBSERVED_NIFTY_50_SESSION
COLPAL,daily,2005-11-26,2005-11-26,ABSENT_ON_OBSERVED_NIFTY_50_SESSION
COLPAL,daily,2006-04-29,2006-04-29,ABSENT_ON_OBSERVED_NIFTY_50_SESSION
COLPAL,daily,2006-06-25,2006-06-25,ABSENT_ON_OBSERVED_NIFTY_50_SESSION
COLPAL,daily,2006-10-21,2006-10-21,ABSENT_ON_OBSERVED_NIFTY_50_SESSION
COLPAL,daily,2009-10-17,2009-10-17,ABSENT_ON_OBSERVED_NIFTY_50_SESSION
COLPAL,daily,2010-02-06,2010-02-06,ABSENT_ON_OBSERVED_NIFTY_50_SESSION
COLPAL,daily,2011-10-26,2011-10-26,ABSENT_ON_OBSERVED_NIFTY_50_SESSION
COLPAL,daily,2012-01-07,2012-01-07,ABSENT_ON_OBSERVED_NIFTY_50_SESSION
COLPAL,daily,2012-03-03,2012-03-03,ABSENT_ON_OBSERVED_NIFTY_50_SESSION
COLPAL,daily,2012-04-28,2012-04-28,ABSENT_ON_OBSERVED_NIFTY_50_SESSION
COLPAL,daily,2012-09-08,2012-09-08,ABSENT_ON_OBSERVED_NIFTY_50_SESSION
COLPAL,daily,2013-05-11,2013-05-11,ABSENT_ON_OBSERVED_NIFTY_50_SESSION
COLPAL,daily,2013-11-03,2013-11-03,ABSENT_ON_OBSERVED_NIFTY_50_SESSION
COLPAL,daily,2014-03-22,2014-03-22,ABSENT_ON_OBSERVED_NIFTY_50_SESSION
COLPAL,daily,2015-02-28,2015-02-28,ABSENT_ON_OBSERVED_NIFTY_50_SESSION
COLPAL,daily,2016-10-30,2016-10-30,ABSENT_ON_OBSERVED_NIFTY_50_SESSION
COLPAL,daily,2017-10-19,2017-10-19,ABSENT_ON_OBSERVED_NIFTY_50_SESSION
COLPAL,daily,2018-11-07,2018-11-07,ABSENT_ON_OBSERVED_NIFTY_50_SESSION
CONCOR,daily,2003-03-22,2003-03-22,ABSENT_ON_OBSERVED_NIFTY_50_SESSION
CONCOR,daily,2003-10-25,2003-10-25,ABSENT_ON_OBSERVED_NIFTY_50_SESSION
CONCOR,daily,2003-11-15,2003-11-15,ABSENT_ON_OBSERVED_NIFTY_50_SESSION
CONCOR,daily,2004-04-17,2004-04-17,ABSENT_ON_OBSERVED_NIFTY_50_SESSION
CONCOR,daily,2004-05-24,2004-05-24,ABSENT_ON_OBSERVED_NIFTY_50_SESSION
CONCOR,daily,2004-05-25,2004-05-25,ABSENT_ON_OBSERVED_NIFTY_50_SESSION
CONCOR,daily,2004-05-26,2004-05-26,ABSENT_ON_OBSERVED_NIFTY_50_SESSION
CONCOR,daily,2004-05-27,2004-05-27,ABSENT_ON_OBSERVED_NIFTY_50_SESSION
CONCOR,daily,2004-05-28,2004-05-28,ABSENT_ON_OBSERVED_NIFTY_50_SESSION
CONCOR,daily,2004-05-31,2004-05-31,ABSENT_ON_OBSERVED_NIFTY_50_SESSION
CONCOR,daily,2004-06-01,2004-06-01,ABSENT_ON_OBSERVED_NIFTY_50_SESSION
CONCOR,daily,2004-06-02,2004-06-02,ABSENT_ON_OBSERVED_NIFTY_50_SESSION
CONCOR,daily,2004-06-03,2004-06-03,ABSENT_ON_OBSERVED_NIFTY_50_SESSION
CONCOR,daily,2004-06-04,2004-06-04,ABSENT_ON_OBSERVED_NIFTY_50_SESSION
CONCOR,daily,2004-06-07,2004-06-07,ABSENT_ON_OBSERVED_NIFTY_50_SESSION
CONCOR,daily,2004-06-08,2004-06-08,ABSENT_ON_OBSERVED_NIFTY_50_SESSION
CONCOR,daily,2004-06-09,2004-06-09,ABSENT_ON_OBSERVED_NIFTY_50_SESSION
CONCOR,daily,2004-06-10,2004-06-10,ABSENT_ON_OBSERVED_NIFTY_50_SESSION
CONCOR,daily,2004-06-11,2004-06-11,ABSENT_ON_OBSERVED_NIFTY_50_SESSION
CONCOR,daily,2004-06-14,2004-06-14,ABSENT_ON_OBSERVED_NIFTY_50_SESSION
CONCOR,daily,2004-06-15,2004-06-15,ABSENT_ON_OBSERVED_NIFTY_50_SESSION
CONCOR,daily,2004-06-16,2004-06-16,ABSENT_ON_OBSERVED_NIFTY_50_SESSION
CONCOR,daily,2004-06-17,2004-06-17,ABSENT_ON_OBSERVED_NIFTY_50_SESSION
CONCOR,daily,2004-06-18,2004-06-18,ABSENT_ON_OBSERVED_NIFTY_50_SESSION
CONCOR,daily,2004-06-21,2004-06-21,ABSENT_ON_OBSERVED_NIFTY_50_SESSION
CONCOR,daily,2004-06-22,2004-06-22,ABSENT_ON_OBSERVED_NIFTY_50_SESSION
CONCOR,daily,2004-10-09,2004-10-09,ABSENT_ON_OBSERVED_NIFTY_50_SESSION
CONCOR,daily,2005-06-04,2005-06-04,ABSENT_ON_OBSERVED_NIFTY_50_SESSION
CONCOR,daily,2005-11-26,2005-11-26,ABSENT_ON_OBSERVED_NIFTY_50_SESSION
CONCOR,daily,2006-04-29,2006-04-29,ABSENT_ON_OBSERVED_NIFTY_50_SESSION
CONCOR,daily,2006-06-25,2006-06-25,ABSENT_ON_OBSERVED_NIFTY_50_SESSION
CONCOR,daily,2006-10-21,2006-10-21,ABSENT_ON_OBSERVED_NIFTY_50_SESSION
CONCOR,daily,2009-10-17,2009-10-17,ABSENT_ON_OBSERVED_NIFTY_50_SESSION
CONCOR,daily,2010-02-06,2010-02-06,ABSENT_ON_OBSERVED_NIFTY_50_SESSION
CONCOR,daily,2011-10-26,2011-10-26,ABSENT_ON_OBSERVED_NIFTY_50_SESSION
CONCOR,daily,2012-01-07,2012-01-07,ABSENT_ON_OBSERVED_NIFTY_50_SESSION
CONCOR,daily,2012-03-03,2012-03-03,ABSENT_ON_OBSERVED_NIFTY_50_SESSION
CONCOR,daily,2012-04-28,2012-04-28,ABSENT_ON_OBSERVED_NIFTY_50_SESSION
CONCOR,daily,2012-09-08,2012-09-08,ABSENT_ON_OBSERVED_NIFTY_50_SESSION
CONCOR,daily,2013-05-11,2013-05-11,ABSENT_ON_OBSERVED_NIFTY_50_SESSION
CONCOR,daily,2013-11-03,2013-11-03,ABSENT_ON_OBSERVED_NIFTY_50_SESSION
CONCOR,daily,2014-03-22,2014-03-22,ABSENT_ON_OBSERVED_NIFTY_50_SESSION
CONCOR,daily,2015-02-28,2015-02-28,ABSENT_ON_OBSERVED_NIFTY_50_SESSION
CONCOR,daily,2016-10-30,2016-10-30,ABSENT_ON_OBSERVED_NIFTY_50_SESSION
CONCOR,daily,2017-10-19,2017-10-19,ABSENT_ON_OBSERVED_NIFTY_50_SESSION
CONCOR,daily,2018-11-07,2018-11-07,ABSENT_ON_OBSERVED_NIFTY_50_SESSION
CUMMINSIND,daily,2003-03-22,2003-03-22,ABSENT_ON_OBSERVED_NIFTY_50_SESSION
CUMMINSIND,daily,2003-10-25,2003-10-25,ABSENT_ON_OBSERVED_NIFTY_50_SESSION
CUMMINSIND,daily,2003-11-15,2003-11-15,ABSENT_ON_OBSERVED_NIFTY_50_SESSION
CUMMINSIND,daily,2004-04-17,2004-04-17,ABSENT_ON_OBSERVED_NIFTY_50_SESSION
CUMMINSIND,daily,2004-05-24,2004-05-24,ABSENT_ON_OBSERVED_NIFTY_50_SESSION
CUMMINSIND,daily,2004-05-25,2004-05-25,ABSENT_ON_OBSERVED_NIFTY_50_SESSION
CUMMINSIND,daily,2004-05-26,2004-05-26,ABSENT_ON_OBSERVED_NIFTY_50_SESSION
CUMMINSIND,daily,2004-05-27,2004-05-27,ABSENT_ON_OBSERVED_NIFTY_50_SESSION
CUMMINSIND,daily,2004-05-28,2004-05-28,ABSENT_ON_OBSERVED_NIFTY_50_SESSION
CUMMINSIND,daily,2004-05-31,2004-05-31,ABSENT_ON_OBSERVED_NIFTY_50_SESSION
CUMMINSIND,daily,2004-06-01,2004-06-01,ABSENT_ON_OBSERVED_NIFTY_50_SESSION
CUMMINSIND,daily,2004-06-02,2004-06-02,ABSENT_ON_OBSERVED_NIFTY_50_SESSION
CUMMINSIND,daily,2004-06-03,2004-06-03,ABSENT_ON_OBSERVED_NIFTY_50_SESSION
CUMMINSIND,daily,2004-06-04,2004-06-04,ABSENT_ON_OBSERVED_NIFTY_50_SESSION
CUMMINSIND,daily,2004-06-07,2004-06-07,ABSENT_ON_OBSERVED_NIFTY_50_SESSION
CUMMINSIND,daily,2004-06-08,2004-06-08,ABSENT_ON_OBSERVED_NIFTY_50_SESSION
CUMMINSIND,daily,2004-06-09,2004-06-09,ABSENT_ON_OBSERVED_NIFTY_50_SESSION
CUMMINSIND,daily,2004-06-10,2004-06-10,ABSENT_ON_OBSERVED_NIFTY_50_SESSION
CUMMINSIND,daily,2004-06-11,2004-06-11,ABSENT_ON_OBSERVED_NIFTY_50_SESSION
CUMMINSIND,daily,2004-06-14,2004-06-14,ABSENT_ON_OBSERVED_NIFTY_50_SESSION
CUMMINSIND,daily,2004-06-15,2004-06-15,ABSENT_ON_OBSERVED_NIFTY_50_SESSION
CUMMINSIND,daily,2004-06-16,2004-06-16,ABSENT_ON_OBSERVED_NIFTY_50_SESSION
CUMMINSIND,daily,2004-06-17,2004-06-17,ABSENT_ON_OBSERVED_NIFTY_50_SESSION
CUMMINSIND,daily,2004-06-18,2004-06-18,ABSENT_ON_OBSERVED_NIFTY_50_SESSION
CUMMINSIND,daily,2004-06-21,2004-06-21,ABSENT_ON_OBSERVED_NIFTY_50_SESSION
CUMMINSIND,daily,2004-06-22,2004-06-22,ABSENT_ON_OBSERVED_NIFTY_50_SESSION
CUMMINSIND,daily,2004-10-09,2004-10-09,ABSENT_ON_OBSERVED_NIFTY_50_SESSION
CUMMINSIND,daily,2005-06-04,2005-06-04,ABSENT_ON_OBSERVED_NIFTY_50_SESSION
CUMMINSIND,daily,2005-11-26,2005-11-26,ABSENT_ON_OBSERVED_NIFTY_50_SESSION
CUMMINSIND,daily,2006-04-29,2006-04-29,ABSENT_ON_OBSERVED_NIFTY_50_SESSION
CUMMINSIND,daily,2006-06-25,2006-06-25,ABSENT_ON_OBSERVED_NIFTY_50_SESSION
CUMMINSIND,daily,2006-10-21,2006-10-21,ABSENT_ON_OBSERVED_NIFTY_50_SESSION
CUMMINSIND,daily,2009-10-17,2009-10-17,ABSENT_ON_OBSERVED_NIFTY_50_SESSION
CUMMINSIND,daily,2010-02-06,2010-02-06,ABSENT_ON_OBSERVED_NIFTY_50_SESSION
CUMMINSIND,daily,2011-10-26,2011-10-26,ABSENT_ON_OBSERVED_NIFTY_50_SESSION
CUMMINSIND,daily,2012-01-07,2012-01-07,ABSENT_ON_OBSERVED_NIFTY_50_SESSION
CUMMINSIND,daily,2012-03-03,2012-03-03,ABSENT_ON_OBSERVED_NIFTY_50_SESSION
CUMMINSIND,daily,2012-04-28,2012-04-28,ABSENT_ON_OBSERVED_NIFTY_50_SESSION
CUMMINSIND,daily,2012-09-08,2012-09-08,ABSENT_ON_OBSERVED_NIFTY_50_SESSION
CUMMINSIND,daily,2013-05-11,2013-05-11,ABSENT_ON_OBSERVED_NIFTY_50_SESSION
CUMMINSIND,daily,2013-11-03,2013-11-03,ABSENT_ON_OBSERVED_NIFTY_50_SESSION
CUMMINSIND,daily,2014-03-22,2014-03-22,ABSENT_ON_OBSERVED_NIFTY_50_SESSION
CUMMINSIND,daily,2015-02-28,2015-02-28,ABSENT_ON_OBSERVED_NIFTY_50_SESSION
CUMMINSIND,daily,2016-10-30,2016-10-30,ABSENT_ON_OBSERVED_NIFTY_50_SESSION
CUMMINSIND,daily,2017-10-19,2017-10-19,ABSENT_ON_OBSERVED_NIFTY_50_SESSION
CUMMINSIND,daily,2018-11-07,2018-11-07,ABSENT_ON_OBSERVED_NIFTY_50_SESSION
DABUR,daily,2003-03-22,2003-03-22,ABSENT_ON_OBSERVED_NIFTY_50_SESSION
DABUR,daily,2003-10-25,2003-10-25,ABSENT_ON_OBSERVED_NIFTY_50_SESSION
DABUR,daily,2003-11-15,2003-11-15,ABSENT_ON_OBSERVED_NIFTY_50_SESSION
DABUR,daily,2004-04-17,2004-04-17,ABSENT_ON_OBSERVED_NIFTY_50_SESSION
DABUR,daily,2004-05-24,2004-05-24,ABSENT_ON_OBSERVED_NIFTY_50_SESSION
DABUR,daily,2004-05-25,2004-05-25,ABSENT_ON_OBSERVED_NIFTY_50_SESSION
DABUR,daily,2004-05-26,2004-05-26,ABSENT_ON_OBSERVED_NIFTY_50_SESSION
DABUR,daily,2004-05-27,2004-05-27,ABSENT_ON_OBSERVED_NIFTY_50_SESSION
DABUR,daily,2004-05-28,2004-05-28,ABSENT_ON_OBSERVED_NIFTY_50_SESSION
DABUR,daily,2004-05-31,2004-05-31,ABSENT_ON_OBSERVED_NIFTY_50_SESSION
DABUR,daily,2004-06-01,2004-06-01,ABSENT_ON_OBSERVED_NIFTY_50_SESSION
DABUR,daily,2004-06-02,2004-06-02,ABSENT_ON_OBSERVED_NIFTY_50_SESSION
DABUR,daily,2004-06-03,2004-06-03,ABSENT_ON_OBSERVED_NIFTY_50_SESSION
DABUR,daily,2004-06-04,2004-06-04,ABSENT_ON_OBSERVED_NIFTY_50_SESSION
DABUR,daily,2004-06-07,2004-06-07,ABSENT_ON_OBSERVED_NIFTY_50_SESSION
DABUR,daily,2004-06-08,2004-06-08,ABSENT_ON_OBSERVED_NIFTY_50_SESSION
DABUR,daily,2004-06-09,2004-06-09,ABSENT_ON_OBSERVED_NIFTY_50_SESSION
DABUR,daily,2004-06-10,2004-06-10,ABSENT_ON_OBSERVED_NIFTY_50_SESSION
DABUR,daily,2004-06-11,2004-06-11,ABSENT_ON_OBSERVED_NIFTY_50_SESSION
DABUR,daily,2004-06-14,2004-06-14,ABSENT_ON_OBSERVED_NIFTY_50_SESSION
DABUR,daily,2004-06-15,2004-06-15,ABSENT_ON_OBSERVED_NIFTY_50_SESSION
DABUR,daily,2004-06-16,2004-06-16,ABSENT_ON_OBSERVED_NIFTY_50_SESSION
DABUR,daily,2004-06-17,2004-06-17,ABSENT_ON_OBSERVED_NIFTY_50_SESSION
DABUR,daily,2004-06-18,2004-06-18,ABSENT_ON_OBSERVED_NIFTY_50_SESSION
DABUR,daily,2004-06-21,2004-06-21,ABSENT_ON_OBSERVED_NIFTY_50_SESSION
DABUR,daily,2004-06-22,2004-06-22,ABSENT_ON_OBSERVED_NIFTY_50_SESSION
DABUR,daily,2004-10-09,2004-10-09,ABSENT_ON_OBSERVED_NIFTY_50_SESSION
DABUR,daily,2005-06-04,2005-06-04,ABSENT_ON_OBSERVED_NIFTY_50_SESSION
DABUR,daily,2005-11-26,2005-11-26,ABSENT_ON_OBSERVED_NIFTY_50_SESSION
DABUR,daily,2006-04-29,2006-04-29,ABSENT_ON_OBSERVED_NIFTY_50_SESSION
DABUR,daily,2006-06-25,2006-06-25,ABSENT_ON_OBSERVED_NIFTY_50_SESSION
DABUR,daily,2006-10-21,2006-10-21,ABSENT_ON_OBSERVED_NIFTY_50_SESSION
DABUR,daily,2009-10-17,2009-10-17,ABSENT_ON_OBSERVED_NIFTY_50_SESSION
DABUR,daily,2010-02-06,2010-02-06,ABSENT_ON_OBSERVED_NIFTY_50_SESSION
DABUR,daily,2011-10-26,2011-10-26,ABSENT_ON_OBSERVED_NIFTY_50_SESSION
DABUR,daily,2012-01-07,2012-01-07,ABSENT_ON_OBSERVED_NIFTY_50_SESSION
DABUR,daily,2012-03-03,2012-03-03,ABSENT_ON_OBSERVED_NIFTY_50_SESSION
DABUR,daily,2012-04-28,2012-04-28,ABSENT_ON_OBSERVED_NIFTY_50_SESSION
DABUR,daily,2012-09-08,2012-09-08,ABSENT_ON_OBSERVED_NIFTY_50_SESSION
DABUR,daily,2013-05-11,2013-05-11,ABSENT_ON_OBSERVED_NIFTY_50_SESSION
DABUR,daily,2013-11-03,2013-11-03,ABSENT_ON_OBSERVED_NIFTY_50_SESSION
DABUR,daily,2014-03-22,2014-03-22,ABSENT_ON_OBSERVED_NIFTY_50_SESSION
DABUR,daily,2015-02-28,2015-02-28,ABSENT_ON_OBSERVED_NIFTY_50_SESSION
DABUR,daily,2016-10-30,2016-10-30,ABSENT_ON_OBSERVED_NIFTY_50_SESSION
DABUR,daily,2017-10-19,2017-10-19,ABSENT_ON_OBSERVED_NIFTY_50_SESSION
DABUR,daily,2018-11-07,2018-11-07,ABSENT_ON_OBSERVED_NIFTY_50_SESSION
DIVISLAB,daily,2003-03-22,2003-03-22,ABSENT_ON_OBSERVED_NIFTY_50_SESSION
DIVISLAB,daily,2003-10-25,2003-10-25,ABSENT_ON_OBSERVED_NIFTY_50_SESSION
DIVISLAB,daily,2003-11-15,2003-11-15,ABSENT_ON_OBSERVED_NIFTY_50_SESSION
DIVISLAB,daily,2004-04-17,2004-04-17,ABSENT_ON_OBSERVED_NIFTY_50_SESSION
DIVISLAB,daily,2004-05-24,2004-05-24,ABSENT_ON_OBSERVED_NIFTY_50_SESSION
DIVISLAB,daily,2004-05-25,2004-05-25,ABSENT_ON_OBSERVED_NIFTY_50_SESSION
DIVISLAB,daily,2004-05-26,2004-05-26,ABSENT_ON_OBSERVED_NIFTY_50_SESSION
DIVISLAB,daily,2004-05-27,2004-05-27,ABSENT_ON_OBSERVED_NIFTY_50_SESSION
DIVISLAB,daily,2004-05-28,2004-05-28,ABSENT_ON_OBSERVED_NIFTY_50_SESSION
DIVISLAB,daily,2004-05-31,2004-05-31,ABSENT_ON_OBSERVED_NIFTY_50_SESSION
DIVISLAB,daily,2004-06-01,2004-06-01,ABSENT_ON_OBSERVED_NIFTY_50_SESSION
DIVISLAB,daily,2004-06-02,2004-06-02,ABSENT_ON_OBSERVED_NIFTY_50_SESSION
DIVISLAB,daily,2004-06-03,2004-06-03,ABSENT_ON_OBSERVED_NIFTY_50_SESSION
DIVISLAB,daily,2004-06-04,2004-06-04,ABSENT_ON_OBSERVED_NIFTY_50_SESSION
DIVISLAB,daily,2004-06-07,2004-06-07,ABSENT_ON_OBSERVED_NIFTY_50_SESSION
DIVISLAB,daily,2004-06-08,2004-06-08,ABSENT_ON_OBSERVED_NIFTY_50_SESSION
DIVISLAB,daily,2004-06-09,2004-06-09,ABSENT_ON_OBSERVED_NIFTY_50_SESSION
DIVISLAB,daily,2004-06-10,2004-06-10,ABSENT_ON_OBSERVED_NIFTY_50_SESSION
DIVISLAB,daily,2004-06-11,2004-06-11,ABSENT_ON_OBSERVED_NIFTY_50_SESSION
DIVISLAB,daily,2004-06-14,2004-06-14,ABSENT_ON_OBSERVED_NIFTY_50_SESSION
DIVISLAB,daily,2004-06-15,2004-06-15,ABSENT_ON_OBSERVED_NIFTY_50_SESSION
DIVISLAB,daily,2004-06-16,2004-06-16,ABSENT_ON_OBSERVED_NIFTY_50_SESSION
DIVISLAB,daily,2004-06-17,2004-06-17,ABSENT_ON_OBSERVED_NIFTY_50_SESSION
DIVISLAB,daily,2004-06-18,2004-06-18,ABSENT_ON_OBSERVED_NIFTY_50_SESSION
DIVISLAB,daily,2004-06-21,2004-06-21,ABSENT_ON_OBSERVED_NIFTY_50_SESSION
DIVISLAB,daily,2004-06-22,2004-06-22,ABSENT_ON_OBSERVED_NIFTY_50_SESSION
DIVISLAB,daily,2004-10-09,2004-10-09,ABSENT_ON_OBSERVED_NIFTY_50_SESSION
DIVISLAB,daily,2005-06-04,2005-06-04,ABSENT_ON_OBSERVED_NIFTY_50_SESSION
DIVISLAB,daily,2005-11-26,2005-11-26,ABSENT_ON_OBSERVED_NIFTY_50_SESSION
DIVISLAB,daily,2006-04-29,2006-04-29,ABSENT_ON_OBSERVED_NIFTY_50_SESSION
DIVISLAB,daily,2006-06-25,2006-06-25,ABSENT_ON_OBSERVED_NIFTY_50_SESSION
DIVISLAB,daily,2006-10-21,2006-10-21,ABSENT_ON_OBSERVED_NIFTY_50_SESSION
DIVISLAB,daily,2009-10-17,2009-10-17,ABSENT_ON_OBSERVED_NIFTY_50_SESSION
DIVISLAB,daily,2010-02-06,2010-02-06,ABSENT_ON_OBSERVED_NIFTY_50_SESSION
DIVISLAB,daily,2011-10-26,2011-10-26,ABSENT_ON_OBSERVED_NIFTY_50_SESSION
DIVISLAB,daily,2012-01-07,2012-01-07,ABSENT_ON_OBSERVED_NIFTY_50_SESSION
DIVISLAB,daily,2012-03-03,2012-03-03,ABSENT_ON_OBSERVED_NIFTY_50_SESSION
DIVISLAB,daily,2012-04-28,2012-04-28,ABSENT_ON_OBSERVED_NIFTY_50_SESSION
DIVISLAB,daily,2012-09-08,2012-09-08,ABSENT_ON_OBSERVED_NIFTY_50_SESSION
DIVISLAB,daily,2013-05-11,2013-05-11,ABSENT_ON_OBSERVED_NIFTY_50_SESSION
DIVISLAB,daily,2013-11-03,2013-11-03,ABSENT_ON_OBSERVED_NIFTY_50_SESSION
DIVISLAB,daily,2014-03-22,2014-03-22,ABSENT_ON_OBSERVED_NIFTY_50_SESSION
DIVISLAB,daily,2015-02-28,2015-02-28,ABSENT_ON_OBSERVED_NIFTY_50_SESSION
DIVISLAB,daily,2016-10-30,2016-10-30,ABSENT_ON_OBSERVED_NIFTY_50_SESSION
DIVISLAB,daily,2017-10-19,2017-10-19,ABSENT_ON_OBSERVED_NIFTY_50_SESSION
DIVISLAB,daily,2018-11-07,2018-11-07,ABSENT_ON_OBSERVED_NIFTY_50_SESSION
DIXON,daily,2017-10-19,2017-10-19,ABSENT_ON_OBSERVED_NIFTY_50_SESSION
DIXON,daily,2018-11-07,2018-11-07,ABSENT_ON_OBSERVED_NIFTY_50_SESSION
DLF,daily,2009-10-17,2009-10-17,ABSENT_ON_OBSERVED_NIFTY_50_SESSION
DLF,daily,2010-02-06,2010-02-06,ABSENT_ON_OBSERVED_NIFTY_50_SESSION
DLF,daily,2011-10-26,2011-10-26,ABSENT_ON_OBSERVED_NIFTY_50_SESSION
DLF,daily,2012-01-07,2012-01-07,ABSENT_ON_OBSERVED_NIFTY_50_SESSION
DLF,daily,2012-03-03,2012-03-03,ABSENT_ON_OBSERVED_NIFTY_50_SESSION
DLF,daily,2012-04-28,2012-04-28,ABSENT_ON_OBSERVED_NIFTY_50_SESSION
DLF,daily,2012-09-08,2012-09-08,ABSENT_ON_OBSERVED_NIFTY_50_SESSION
DLF,daily,2013-05-11,2013-05-11,ABSENT_ON_OBSERVED_NIFTY_50_SESSION
DLF,daily,2013-11-03,2013-11-03,ABSENT_ON_OBSERVED_NIFTY_50_SESSION
DLF,daily,2014-03-22,2014-03-22,ABSENT_ON_OBSERVED_NIFTY_50_SESSION
DLF,daily,2015-02-28,2015-02-28,ABSENT_ON_OBSERVED_NIFTY_50_SESSION
DLF,daily,2016-10-30,2016-10-30,ABSENT_ON_OBSERVED_NIFTY_50_SESSION
DLF,daily,2017-10-19,2017-10-19,ABSENT_ON_OBSERVED_NIFTY_50_SESSION
DLF,daily,2018-11-07,2018-11-07,ABSENT_ON_OBSERVED_NIFTY_50_SESSION
DMART,daily,2017-10-19,2017-10-19,ABSENT_ON_OBSERVED_NIFTY_50_SESSION
DMART,daily,2018-11-07,2018-11-07,ABSENT_ON_OBSERVED_NIFTY_50_SESSION
DRREDDY,daily,2010-02-06,2010-02-06,ABSENT_ON_OBSERVED_NIFTY_50_SESSION
DRREDDY,daily,2011-10-26,2011-10-26,ABSENT_ON_OBSERVED_NIFTY_50_SESSION
DRREDDY,daily,2012-01-07,2012-01-07,ABSENT_ON_OBSERVED_NIFTY_50_SESSION
DRREDDY,daily,2012-03-03,2012-03-03,ABSENT_ON_OBSERVED_NIFTY_50_SESSION
DRREDDY,daily,2012-04-28,2012-04-28,ABSENT_ON_OBSERVED_NIFTY_50_SESSION
DRREDDY,daily,2012-09-08,2012-09-08,ABSENT_ON_OBSERVED_NIFTY_50_SESSION
DRREDDY,daily,2013-05-11,2013-05-11,ABSENT_ON_OBSERVED_NIFTY_50_SESSION
DRREDDY,daily,2013-11-03,2013-11-03,ABSENT_ON_OBSERVED_NIFTY_50_SESSION
DRREDDY,daily,2014-03-22,2014-03-22,ABSENT_ON_OBSERVED_NIFTY_50_SESSION
DRREDDY,daily,2015-02-28,2015-02-28,ABSENT_ON_OBSERVED_NIFTY_50_SESSION
DRREDDY,daily,2016-10-30,2016-10-30,ABSENT_ON_OBSERVED_NIFTY_50_SESSION
DRREDDY,daily,2017-10-19,2017-10-19,ABSENT_ON_OBSERVED_NIFTY_50_SESSION
DRREDDY,daily,2018-11-07,2018-11-07,ABSENT_ON_OBSERVED_NIFTY_50_SESSION
EICHERMOT,daily,2003-03-22,2003-03-22,ABSENT_ON_OBSERVED_NIFTY_50_SESSION
EICHERMOT,daily,2003-10-25,2003-10-25,ABSENT_ON_OBSERVED_NIFTY_50_SESSION
EICHERMOT,daily,2003-11-15,2003-11-15,ABSENT_ON_OBSERVED_NIFTY_50_SESSION
EICHERMOT,daily,2004-04-17,2004-04-17,ABSENT_ON_OBSERVED_NIFTY_50_SESSION
EICHERMOT,daily,2004-05-24,2004-05-24,ABSENT_ON_OBSERVED_NIFTY_50_SESSION
EICHERMOT,daily,2004-05-25,2004-05-25,ABSENT_ON_OBSERVED_NIFTY_50_SESSION
EICHERMOT,daily,2004-05-26,2004-05-26,ABSENT_ON_OBSERVED_NIFTY_50_SESSION
EICHERMOT,daily,2004-05-27,2004-05-27,ABSENT_ON_OBSERVED_NIFTY_50_SESSION
EICHERMOT,daily,2004-05-28,2004-05-28,ABSENT_ON_OBSERVED_NIFTY_50_SESSION
EICHERMOT,daily,2004-05-31,2004-05-31,ABSENT_ON_OBSERVED_NIFTY_50_SESSION
EICHERMOT,daily,2004-06-01,2004-06-01,ABSENT_ON_OBSERVED_NIFTY_50_SESSION
EICHERMOT,daily,2004-06-02,2004-06-02,ABSENT_ON_OBSERVED_NIFTY_50_SESSION
EICHERMOT,daily,2004-06-03,2004-06-03,ABSENT_ON_OBSERVED_NIFTY_50_SESSION
EICHERMOT,daily,2004-06-04,2004-06-04,ABSENT_ON_OBSERVED_NIFTY_50_SESSION
EICHERMOT,daily,2004-06-07,2004-06-07,ABSENT_ON_OBSERVED_NIFTY_50_SESSION
EICHERMOT,daily,2004-06-08,2004-06-08,ABSENT_ON_OBSERVED_NIFTY_50_SESSION
EICHERMOT,daily,2004-06-09,2004-06-09,ABSENT_ON_OBSERVED_NIFTY_50_SESSION
EICHERMOT,daily,2004-06-10,2004-06-10,ABSENT_ON_OBSERVED_NIFTY_50_SESSION
EICHERMOT,daily,2004-06-11,2004-06-11,ABSENT_ON_OBSERVED_NIFTY_50_SESSION
EICHERMOT,daily,2004-06-14,2004-06-14,ABSENT_ON_OBSERVED_NIFTY_50_SESSION
EICHERMOT,daily,2004-06-15,2004-06-15,ABSENT_ON_OBSERVED_NIFTY_50_SESSION
EICHERMOT,daily,2004-06-16,2004-06-16,ABSENT_ON_OBSERVED_NIFTY_50_SESSION
EICHERMOT,daily,2004-06-17,2004-06-17,ABSENT_ON_OBSERVED_NIFTY_50_SESSION
EICHERMOT,daily,2004-06-18,2004-06-18,ABSENT_ON_OBSERVED_NIFTY_50_SESSION
EICHERMOT,daily,2004-06-21,2004-06-21,ABSENT_ON_OBSERVED_NIFTY_50_SESSION
EICHERMOT,daily,2004-06-22,2004-06-22,ABSENT_ON_OBSERVED_NIFTY_50_SESSION
EICHERMOT,daily,2004-10-09,2004-10-09,ABSENT_ON_OBSERVED_NIFTY_50_SESSION
EICHERMOT,daily,2005-06-04,2005-06-04,ABSENT_ON_OBSERVED_NIFTY_50_SESSION
EICHERMOT,daily,2005-11-26,2005-11-26,ABSENT_ON_OBSERVED_NIFTY_50_SESSION
EICHERMOT,daily,2006-04-29,2006-04-29,ABSENT_ON_OBSERVED_NIFTY_50_SESSION
EICHERMOT,daily,2006-06-25,2006-06-25,ABSENT_ON_OBSERVED_NIFTY_50_SESSION
EICHERMOT,daily,2006-10-21,2006-10-21,ABSENT_ON_OBSERVED_NIFTY_50_SESSION
EICHERMOT,daily,2009-10-17,2009-10-17,ABSENT_ON_OBSERVED_NIFTY_50_SESSION
EICHERMOT,daily,2010-02-06,2010-02-06,ABSENT_ON_OBSERVED_NIFTY_50_SESSION
EICHERMOT,daily,2011-10-26,2011-10-26,ABSENT_ON_OBSERVED_NIFTY_50_SESSION
EICHERMOT,daily,2012-01-07,2012-01-07,ABSENT_ON_OBSERVED_NIFTY_50_SESSION
EICHERMOT,daily,2012-03-03,2012-03-03,ABSENT_ON_OBSERVED_NIFTY_50_SESSION
EICHERMOT,daily,2012-04-28,2012-04-28,ABSENT_ON_OBSERVED_NIFTY_50_SESSION
EICHERMOT,daily,2012-09-08,2012-09-08,ABSENT_ON_OBSERVED_NIFTY_50_SESSION
EICHERMOT,daily,2013-05-11,2013-05-11,ABSENT_ON_OBSERVED_NIFTY_50_SESSION
EICHERMOT,daily,2013-11-03,2013-11-03,ABSENT_ON_OBSERVED_NIFTY_50_SESSION
EICHERMOT,daily,2014-03-22,2014-03-22,ABSENT_ON_OBSERVED_NIFTY_50_SESSION
EICHERMOT,daily,2015-02-28,2015-02-28,ABSENT_ON_OBSERVED_NIFTY_50_SESSION
EICHERMOT,daily,2016-10-30,2016-10-30,ABSENT_ON_OBSERVED_NIFTY_50_SESSION
EICHERMOT,daily,2017-10-19,2017-10-19,ABSENT_ON_OBSERVED_NIFTY_50_SESSION
EICHERMOT,daily,2018-11-07,2018-11-07,ABSENT_ON_OBSERVED_NIFTY_50_SESSION
EXIDEIND,daily,2003-03-22,2003-03-22,ABSENT_ON_OBSERVED_NIFTY_50_SESSION
EXIDEIND,daily,2003-10-25,2003-10-25,ABSENT_ON_OBSERVED_NIFTY_50_SESSION
EXIDEIND,daily,2003-11-15,2003-11-15,ABSENT_ON_OBSERVED_NIFTY_50_SESSION
EXIDEIND,daily,2004-04-17,2004-04-17,ABSENT_ON_OBSERVED_NIFTY_50_SESSION
EXIDEIND,daily,2004-05-24,2004-05-24,ABSENT_ON_OBSERVED_NIFTY_50_SESSION
EXIDEIND,daily,2004-05-25,2004-05-25,ABSENT_ON_OBSERVED_NIFTY_50_SESSION
EXIDEIND,daily,2004-05-26,2004-05-26,ABSENT_ON_OBSERVED_NIFTY_50_SESSION
EXIDEIND,daily,2004-05-27,2004-05-27,ABSENT_ON_OBSERVED_NIFTY_50_SESSION
EXIDEIND,daily,2004-05-28,2004-05-28,ABSENT_ON_OBSERVED_NIFTY_50_SESSION
EXIDEIND,daily,2004-05-31,2004-05-31,ABSENT_ON_OBSERVED_NIFTY_50_SESSION
EXIDEIND,daily,2004-06-01,2004-06-01,ABSENT_ON_OBSERVED_NIFTY_50_SESSION
EXIDEIND,daily,2004-06-02,2004-06-02,ABSENT_ON_OBSERVED_NIFTY_50_SESSION
EXIDEIND,daily,2004-06-03,2004-06-03,ABSENT_ON_OBSERVED_NIFTY_50_SESSION
EXIDEIND,daily,2004-06-04,2004-06-04,ABSENT_ON_OBSERVED_NIFTY_50_SESSION
EXIDEIND,daily,2004-06-07,2004-06-07,ABSENT_ON_OBSERVED_NIFTY_50_SESSION
EXIDEIND,daily,2004-06-08,2004-06-08,ABSENT_ON_OBSERVED_NIFTY_50_SESSION
EXIDEIND,daily,2004-06-09,2004-06-09,ABSENT_ON_OBSERVED_NIFTY_50_SESSION
EXIDEIND,daily,2004-06-10,2004-06-10,ABSENT_ON_OBSERVED_NIFTY_50_SESSION
EXIDEIND,daily,2004-06-11,2004-06-11,ABSENT_ON_OBSERVED_NIFTY_50_SESSION
EXIDEIND,daily,2004-06-14,2004-06-14,ABSENT_ON_OBSERVED_NIFTY_50_SESSION
EXIDEIND,daily,2004-06-15,2004-06-15,ABSENT_ON_OBSERVED_NIFTY_50_SESSION
EXIDEIND,daily,2004-06-16,2004-06-16,ABSENT_ON_OBSERVED_NIFTY_50_SESSION
EXIDEIND,daily,2004-06-17,2004-06-17,ABSENT_ON_OBSERVED_NIFTY_50_SESSION
EXIDEIND,daily,2004-06-18,2004-06-18,ABSENT_ON_OBSERVED_NIFTY_50_SESSION
EXIDEIND,daily,2004-06-21,2004-06-21,ABSENT_ON_OBSERVED_NIFTY_50_SESSION
EXIDEIND,daily,2004-06-22,2004-06-22,ABSENT_ON_OBSERVED_NIFTY_50_SESSION
EXIDEIND,daily,2004-10-09,2004-10-09,ABSENT_ON_OBSERVED_NIFTY_50_SESSION
EXIDEIND,daily,2005-06-04,2005-06-04,ABSENT_ON_OBSERVED_NIFTY_50_SESSION
EXIDEIND,daily,2005-11-26,2005-11-26,ABSENT_ON_OBSERVED_NIFTY_50_SESSION
EXIDEIND,daily,2006-04-29,2006-04-29,ABSENT_ON_OBSERVED_NIFTY_50_SESSION
EXIDEIND,daily,2006-06-25,2006-06-25,ABSENT_ON_OBSERVED_NIFTY_50_SESSION
EXIDEIND,daily,2006-10-21,2006-10-21,ABSENT_ON_OBSERVED_NIFTY_50_SESSION
EXIDEIND,daily,2009-10-17,2009-10-17,ABSENT_ON_OBSERVED_NIFTY_50_SESSION
EXIDEIND,daily,2010-02-06,2010-02-06,ABSENT_ON_OBSERVED_NIFTY_50_SESSION
EXIDEIND,daily,2011-10-26,2011-10-26,ABSENT_ON_OBSERVED_NIFTY_50_SESSION
EXIDEIND,daily,2012-01-07,2012-01-07,ABSENT_ON_OBSERVED_NIFTY_50_SESSION
EXIDEIND,daily,2012-03-03,2012-03-03,ABSENT_ON_OBSERVED_NIFTY_50_SESSION
EXIDEIND,daily,2012-04-28,2012-04-28,ABSENT_ON_OBSERVED_NIFTY_50_SESSION
EXIDEIND,daily,2012-09-08,2012-09-08,ABSENT_ON_OBSERVED_NIFTY_50_SESSION
EXIDEIND,daily,2013-05-11,2013-05-11,ABSENT_ON_OBSERVED_NIFTY_50_SESSION
EXIDEIND,daily,2013-11-03,2013-11-03,ABSENT_ON_OBSERVED_NIFTY_50_SESSION
EXIDEIND,daily,2014-03-22,2014-03-22,ABSENT_ON_OBSERVED_NIFTY_50_SESSION
EXIDEIND,daily,2015-02-28,2015-02-28,ABSENT_ON_OBSERVED_NIFTY_50_SESSION
EXIDEIND,daily,2016-10-30,2016-10-30,ABSENT_ON_OBSERVED_NIFTY_50_SESSION
EXIDEIND,daily,2017-10-19,2017-10-19,ABSENT_ON_OBSERVED_NIFTY_50_SESSION
EXIDEIND,daily,2018-11-07,2018-11-07,ABSENT_ON_OBSERVED_NIFTY_50_SESSION
FORTIS,daily,2009-10-17,2009-10-17,ABSENT_ON_OBSERVED_NIFTY_50_SESSION
FORTIS,daily,2010-02-06,2010-02-06,ABSENT_ON_OBSERVED_NIFTY_50_SESSION
FORTIS,daily,2011-10-26,2011-10-26,ABSENT_ON_OBSERVED_NIFTY_50_SESSION
FORTIS,daily,2012-01-07,2012-01-07,ABSENT_ON_OBSERVED_NIFTY_50_SESSION
FORTIS,daily,2012-03-03,2012-03-03,ABSENT_ON_OBSERVED_NIFTY_50_SESSION
FORTIS,daily,2012-04-28,2012-04-28,ABSENT_ON_OBSERVED_NIFTY_50_SESSION
FORTIS,daily,2012-09-08,2012-09-08,ABSENT_ON_OBSERVED_NIFTY_50_SESSION
FORTIS,daily,2013-05-11,2013-05-11,ABSENT_ON_OBSERVED_NIFTY_50_SESSION
FORTIS,daily,2013-11-03,2013-11-03,ABSENT_ON_OBSERVED_NIFTY_50_SESSION
FORTIS,daily,2014-03-22,2014-03-22,ABSENT_ON_OBSERVED_NIFTY_50_SESSION
FORTIS,daily,2015-02-28,2015-02-28,ABSENT_ON_OBSERVED_NIFTY_50_SESSION
FORTIS,daily,2016-10-30,2016-10-30,ABSENT_ON_OBSERVED_NIFTY_50_SESSION
FORTIS,daily,2017-10-19,2017-10-19,ABSENT_ON_OBSERVED_NIFTY_50_SESSION
FORTIS,daily,2018-11-07,2018-11-07,ABSENT_ON_OBSERVED_NIFTY_50_SESSION
GAIL,daily,2003-03-22,2003-03-22,ABSENT_ON_OBSERVED_NIFTY_50_SESSION
GAIL,daily,2003-10-25,2003-10-25,ABSENT_ON_OBSERVED_NIFTY_50_SESSION
GAIL,daily,2003-11-15,2003-11-15,ABSENT_ON_OBSERVED_NIFTY_50_SESSION
GAIL,daily,2004-04-17,2004-04-17,ABSENT_ON_OBSERVED_NIFTY_50_SESSION
GAIL,daily,2004-05-24,2004-05-24,ABSENT_ON_OBSERVED_NIFTY_50_SESSION
GAIL,daily,2004-05-25,2004-05-25,ABSENT_ON_OBSERVED_NIFTY_50_SESSION
GAIL,daily,2004-05-26,2004-05-26,ABSENT_ON_OBSERVED_NIFTY_50_SESSION
GAIL,daily,2004-05-27,2004-05-27,ABSENT_ON_OBSERVED_NIFTY_50_SESSION
GAIL,daily,2004-05-28,2004-05-28,ABSENT_ON_OBSERVED_NIFTY_50_SESSION
GAIL,daily,2004-05-31,2004-05-31,ABSENT_ON_OBSERVED_NIFTY_50_SESSION
GAIL,daily,2004-06-01,2004-06-01,ABSENT_ON_OBSERVED_NIFTY_50_SESSION
GAIL,daily,2004-06-02,2004-06-02,ABSENT_ON_OBSERVED_NIFTY_50_SESSION
GAIL,daily,2004-06-03,2004-06-03,ABSENT_ON_OBSERVED_NIFTY_50_SESSION
GAIL,daily,2004-06-04,2004-06-04,ABSENT_ON_OBSERVED_NIFTY_50_SESSION
GAIL,daily,2004-06-07,2004-06-07,ABSENT_ON_OBSERVED_NIFTY_50_SESSION
GAIL,daily,2004-06-08,2004-06-08,ABSENT_ON_OBSERVED_NIFTY_50_SESSION
GAIL,daily,2004-06-09,2004-06-09,ABSENT_ON_OBSERVED_NIFTY_50_SESSION
GAIL,daily,2004-06-10,2004-06-10,ABSENT_ON_OBSERVED_NIFTY_50_SESSION
GAIL,daily,2004-06-11,2004-06-11,ABSENT_ON_OBSERVED_NIFTY_50_SESSION
GAIL,daily,2004-06-14,2004-06-14,ABSENT_ON_OBSERVED_NIFTY_50_SESSION
GAIL,daily,2004-06-15,2004-06-15,ABSENT_ON_OBSERVED_NIFTY_50_SESSION
GAIL,daily,2004-06-16,2004-06-16,ABSENT_ON_OBSERVED_NIFTY_50_SESSION
GAIL,daily,2004-06-17,2004-06-17,ABSENT_ON_OBSERVED_NIFTY_50_SESSION
GAIL,daily,2004-06-18,2004-06-18,ABSENT_ON_OBSERVED_NIFTY_50_SESSION
GAIL,daily,2004-06-21,2004-06-21,ABSENT_ON_OBSERVED_NIFTY_50_SESSION
GAIL,daily,2004-06-22,2004-06-22,ABSENT_ON_OBSERVED_NIFTY_50_SESSION
GAIL,daily,2004-10-09,2004-10-09,ABSENT_ON_OBSERVED_NIFTY_50_SESSION
GAIL,daily,2005-06-04,2005-06-04,ABSENT_ON_OBSERVED_NIFTY_50_SESSION
GAIL,daily,2005-11-26,2005-11-26,ABSENT_ON_OBSERVED_NIFTY_50_SESSION
GAIL,daily,2006-04-29,2006-04-29,ABSENT_ON_OBSERVED_NIFTY_50_SESSION
GAIL,daily,2006-06-25,2006-06-25,ABSENT_ON_OBSERVED_NIFTY_50_SESSION
GAIL,daily,2006-10-21,2006-10-21,ABSENT_ON_OBSERVED_NIFTY_50_SESSION
GAIL,daily,2009-10-17,2009-10-17,ABSENT_ON_OBSERVED_NIFTY_50_SESSION
GAIL,daily,2010-02-06,2010-02-06,ABSENT_ON_OBSERVED_NIFTY_50_SESSION
GAIL,daily,2011-10-26,2011-10-26,ABSENT_ON_OBSERVED_NIFTY_50_SESSION
GAIL,daily,2012-01-07,2012-01-07,ABSENT_ON_OBSERVED_NIFTY_50_SESSION
GAIL,daily,2012-03-03,2012-03-03,ABSENT_ON_OBSERVED_NIFTY_50_SESSION
GAIL,daily,2012-04-28,2012-04-28,ABSENT_ON_OBSERVED_NIFTY_50_SESSION
GAIL,daily,2012-09-08,2012-09-08,ABSENT_ON_OBSERVED_NIFTY_50_SESSION
GAIL,daily,2013-05-11,2013-05-11,ABSENT_ON_OBSERVED_NIFTY_50_SESSION
GAIL,daily,2013-11-03,2013-11-03,ABSENT_ON_OBSERVED_NIFTY_50_SESSION
GAIL,daily,2014-03-22,2014-03-22,ABSENT_ON_OBSERVED_NIFTY_50_SESSION
GAIL,daily,2015-02-28,2015-02-28,ABSENT_ON_OBSERVED_NIFTY_50_SESSION
GAIL,daily,2016-10-30,2016-10-30,ABSENT_ON_OBSERVED_NIFTY_50_SESSION
GAIL,daily,2017-10-19,2017-10-19,ABSENT_ON_OBSERVED_NIFTY_50_SESSION
GAIL,daily,2018-11-07,2018-11-07,ABSENT_ON_OBSERVED_NIFTY_50_SESSION
GLENMARK,daily,2003-03-22,2003-03-22,ABSENT_ON_OBSERVED_NIFTY_50_SESSION
GLENMARK,daily,2003-10-25,2003-10-25,ABSENT_ON_OBSERVED_NIFTY_50_SESSION
GLENMARK,daily,2003-11-15,2003-11-15,ABSENT_ON_OBSERVED_NIFTY_50_SESSION
GLENMARK,daily,2004-04-17,2004-04-17,ABSENT_ON_OBSERVED_NIFTY_50_SESSION
GLENMARK,daily,2004-05-24,2004-05-24,ABSENT_ON_OBSERVED_NIFTY_50_SESSION
GLENMARK,daily,2004-05-25,2004-05-25,ABSENT_ON_OBSERVED_NIFTY_50_SESSION
GLENMARK,daily,2004-05-26,2004-05-26,ABSENT_ON_OBSERVED_NIFTY_50_SESSION
GLENMARK,daily,2004-05-27,2004-05-27,ABSENT_ON_OBSERVED_NIFTY_50_SESSION
GLENMARK,daily,2004-05-28,2004-05-28,ABSENT_ON_OBSERVED_NIFTY_50_SESSION
GLENMARK,daily,2004-05-31,2004-05-31,ABSENT_ON_OBSERVED_NIFTY_50_SESSION
GLENMARK,daily,2004-06-01,2004-06-01,ABSENT_ON_OBSERVED_NIFTY_50_SESSION
GLENMARK,daily,2004-06-02,2004-06-02,ABSENT_ON_OBSERVED_NIFTY_50_SESSION
GLENMARK,daily,2004-06-03,2004-06-03,ABSENT_ON_OBSERVED_NIFTY_50_SESSION
GLENMARK,daily,2004-06-04,2004-06-04,ABSENT_ON_OBSERVED_NIFTY_50_SESSION
GLENMARK,daily,2004-06-07,2004-06-07,ABSENT_ON_OBSERVED_NIFTY_50_SESSION
GLENMARK,daily,2004-06-08,2004-06-08,ABSENT_ON_OBSERVED_NIFTY_50_SESSION
GLENMARK,daily,2004-06-09,2004-06-09,ABSENT_ON_OBSERVED_NIFTY_50_SESSION
GLENMARK,daily,2004-06-10,2004-06-10,ABSENT_ON_OBSERVED_NIFTY_50_SESSION
GLENMARK,daily,2004-06-11,2004-06-11,ABSENT_ON_OBSERVED_NIFTY_50_SESSION
GLENMARK,daily,2004-06-14,2004-06-14,ABSENT_ON_OBSERVED_NIFTY_50_SESSION
GLENMARK,daily,2004-06-15,2004-06-15,ABSENT_ON_OBSERVED_NIFTY_50_SESSION
GLENMARK,daily,2004-06-16,2004-06-16,ABSENT_ON_OBSERVED_NIFTY_50_SESSION
GLENMARK,daily,2004-06-17,2004-06-17,ABSENT_ON_OBSERVED_NIFTY_50_SESSION
GLENMARK,daily,2004-06-18,2004-06-18,ABSENT_ON_OBSERVED_NIFTY_50_SESSION
GLENMARK,daily,2004-06-21,2004-06-21,ABSENT_ON_OBSERVED_NIFTY_50_SESSION
GLENMARK,daily,2004-06-22,2004-06-22,ABSENT_ON_OBSERVED_NIFTY_50_SESSION
GLENMARK,daily,2004-10-09,2004-10-09,ABSENT_ON_OBSERVED_NIFTY_50_SESSION
GLENMARK,daily,2005-06-04,2005-06-04,ABSENT_ON_OBSERVED_NIFTY_50_SESSION
GLENMARK,daily,2005-11-26,2005-11-26,ABSENT_ON_OBSERVED_NIFTY_50_SESSION
GLENMARK,daily,2006-04-29,2006-04-29,ABSENT_ON_OBSERVED_NIFTY_50_SESSION
GLENMARK,daily,2006-06-25,2006-06-25,ABSENT_ON_OBSERVED_NIFTY_50_SESSION
GLENMARK,daily,2006-10-21,2006-10-21,ABSENT_ON_OBSERVED_NIFTY_50_SESSION
GLENMARK,daily,2009-10-17,2009-10-17,ABSENT_ON_OBSERVED_NIFTY_50_SESSION
GLENMARK,daily,2010-02-06,2010-02-06,ABSENT_ON_OBSERVED_NIFTY_50_SESSION
GLENMARK,daily,2011-10-26,2011-10-26,ABSENT_ON_OBSERVED_NIFTY_50_SESSION
GLENMARK,daily,2012-01-07,2012-01-07,ABSENT_ON_OBSERVED_NIFTY_50_SESSION
GLENMARK,daily,2012-03-03,2012-03-03,ABSENT_ON_OBSERVED_NIFTY_50_SESSION
GLENMARK,daily,2012-04-28,2012-04-28,ABSENT_ON_OBSERVED_NIFTY_50_SESSION
GLENMARK,daily,2012-09-08,2012-09-08,ABSENT_ON_OBSERVED_NIFTY_50_SESSION
GLENMARK,daily,2013-05-11,2013-05-11,ABSENT_ON_OBSERVED_NIFTY_50_SESSION
GLENMARK,daily,2013-11-03,2013-11-03,ABSENT_ON_OBSERVED_NIFTY_50_SESSION
GLENMARK,daily,2014-03-22,2014-03-22,ABSENT_ON_OBSERVED_NIFTY_50_SESSION
GLENMARK,daily,2015-02-28,2015-02-28,ABSENT_ON_OBSERVED_NIFTY_50_SESSION
GLENMARK,daily,2016-10-30,2016-10-30,ABSENT_ON_OBSERVED_NIFTY_50_SESSION
GLENMARK,daily,2017-10-19,2017-10-19,ABSENT_ON_OBSERVED_NIFTY_50_SESSION
GLENMARK,daily,2018-11-07,2018-11-07,ABSENT_ON_OBSERVED_NIFTY_50_SESSION
GMRAIRPORT,daily,2006-10-21,2006-10-21,ABSENT_ON_OBSERVED_NIFTY_50_SESSION
GMRAIRPORT,daily,2009-10-17,2009-10-17,ABSENT_ON_OBSERVED_NIFTY_50_SESSION
GMRAIRPORT,daily,2010-02-06,2010-02-06,ABSENT_ON_OBSERVED_NIFTY_50_SESSION
GMRAIRPORT,daily,2011-10-26,2011-10-26,ABSENT_ON_OBSERVED_NIFTY_50_SESSION
GMRAIRPORT,daily,2012-01-07,2012-01-07,ABSENT_ON_OBSERVED_NIFTY_50_SESSION
GMRAIRPORT,daily,2012-03-03,2012-03-03,ABSENT_ON_OBSERVED_NIFTY_50_SESSION
GMRAIRPORT,daily,2012-04-28,2012-04-28,ABSENT_ON_OBSERVED_NIFTY_50_SESSION
GMRAIRPORT,daily,2012-09-08,2012-09-08,ABSENT_ON_OBSERVED_NIFTY_50_SESSION
GMRAIRPORT,daily,2013-05-11,2013-05-11,ABSENT_ON_OBSERVED_NIFTY_50_SESSION
GMRAIRPORT,daily,2013-11-03,2013-11-03,ABSENT_ON_OBSERVED_NIFTY_50_SESSION
GMRAIRPORT,daily,2014-03-22,2014-03-22,ABSENT_ON_OBSERVED_NIFTY_50_SESSION
GMRAIRPORT,daily,2015-02-28,2015-02-28,ABSENT_ON_OBSERVED_NIFTY_50_SESSION
GMRAIRPORT,daily,2016-10-30,2016-10-30,ABSENT_ON_OBSERVED_NIFTY_50_SESSION
GMRAIRPORT,daily,2017-10-19,2017-10-19,ABSENT_ON_OBSERVED_NIFTY_50_SESSION
GMRAIRPORT,daily,2018-11-07,2018-11-07,ABSENT_ON_OBSERVED_NIFTY_50_SESSION
GODFRYPHLP,daily,2003-03-22,2003-03-22,ABSENT_ON_OBSERVED_NIFTY_50_SESSION
GODFRYPHLP,daily,2003-10-25,2003-10-25,ABSENT_ON_OBSERVED_NIFTY_50_SESSION
GODFRYPHLP,daily,2003-11-15,2003-11-15,ABSENT_ON_OBSERVED_NIFTY_50_SESSION
GODFRYPHLP,daily,2004-04-17,2004-04-17,ABSENT_ON_OBSERVED_NIFTY_50_SESSION
GODFRYPHLP,daily,2004-05-24,2004-05-24,ABSENT_ON_OBSERVED_NIFTY_50_SESSION
GODFRYPHLP,daily,2004-05-25,2004-05-25,ABSENT_ON_OBSERVED_NIFTY_50_SESSION
GODFRYPHLP,daily,2004-05-26,2004-05-26,ABSENT_ON_OBSERVED_NIFTY_50_SESSION
GODFRYPHLP,daily,2004-05-27,2004-05-27,ABSENT_ON_OBSERVED_NIFTY_50_SESSION
GODFRYPHLP,daily,2004-05-28,2004-05-28,ABSENT_ON_OBSERVED_NIFTY_50_SESSION
GODFRYPHLP,daily,2004-05-31,2004-05-31,ABSENT_ON_OBSERVED_NIFTY_50_SESSION
GODFRYPHLP,daily,2004-06-01,2004-06-01,ABSENT_ON_OBSERVED_NIFTY_50_SESSION
GODFRYPHLP,daily,2004-06-02,2004-06-02,ABSENT_ON_OBSERVED_NIFTY_50_SESSION
GODFRYPHLP,daily,2004-06-03,2004-06-03,ABSENT_ON_OBSERVED_NIFTY_50_SESSION
GODFRYPHLP,daily,2004-06-04,2004-06-04,ABSENT_ON_OBSERVED_NIFTY_50_SESSION
GODFRYPHLP,daily,2004-06-07,2004-06-07,ABSENT_ON_OBSERVED_NIFTY_50_SESSION
GODFRYPHLP,daily,2004-06-08,2004-06-08,ABSENT_ON_OBSERVED_NIFTY_50_SESSION
GODFRYPHLP,daily,2004-06-09,2004-06-09,ABSENT_ON_OBSERVED_NIFTY_50_SESSION
GODFRYPHLP,daily,2004-06-10,2004-06-10,ABSENT_ON_OBSERVED_NIFTY_50_SESSION
GODFRYPHLP,daily,2004-06-11,2004-06-11,ABSENT_ON_OBSERVED_NIFTY_50_SESSION
GODFRYPHLP,daily,2004-06-14,2004-06-14,ABSENT_ON_OBSERVED_NIFTY_50_SESSION
GODFRYPHLP,daily,2004-06-15,2004-06-15,ABSENT_ON_OBSERVED_NIFTY_50_SESSION
GODFRYPHLP,daily,2004-06-16,2004-06-16,ABSENT_ON_OBSERVED_NIFTY_50_SESSION
GODFRYPHLP,daily,2004-06-17,2004-06-17,ABSENT_ON_OBSERVED_NIFTY_50_SESSION
GODFRYPHLP,daily,2004-06-18,2004-06-18,ABSENT_ON_OBSERVED_NIFTY_50_SESSION
GODFRYPHLP,daily,2004-06-21,2004-06-21,ABSENT_ON_OBSERVED_NIFTY_50_SESSION
GODFRYPHLP,daily,2004-06-22,2004-06-22,ABSENT_ON_OBSERVED_NIFTY_50_SESSION
GODFRYPHLP,daily,2004-10-09,2004-10-09,ABSENT_ON_OBSERVED_NIFTY_50_SESSION
GODFRYPHLP,daily,2005-06-04,2005-06-04,ABSENT_ON_OBSERVED_NIFTY_50_SESSION
GODFRYPHLP,daily,2005-11-26,2005-11-26,ABSENT_ON_OBSERVED_NIFTY_50_SESSION
GODFRYPHLP,daily,2006-04-29,2006-04-29,ABSENT_ON_OBSERVED_NIFTY_50_SESSION
GODFRYPHLP,daily,2006-06-25,2006-06-25,ABSENT_ON_OBSERVED_NIFTY_50_SESSION
GODFRYPHLP,daily,2006-10-21,2006-10-21,ABSENT_ON_OBSERVED_NIFTY_50_SESSION
GODFRYPHLP,daily,2009-10-17,2009-10-17,ABSENT_ON_OBSERVED_NIFTY_50_SESSION
GODFRYPHLP,daily,2010-02-06,2010-02-06,ABSENT_ON_OBSERVED_NIFTY_50_SESSION
GODFRYPHLP,daily,2011-10-26,2011-10-26,ABSENT_ON_OBSERVED_NIFTY_50_SESSION
GODFRYPHLP,daily,2012-01-07,2012-01-07,ABSENT_ON_OBSERVED_NIFTY_50_SESSION
GODFRYPHLP,daily,2012-03-03,2012-03-03,ABSENT_ON_OBSERVED_NIFTY_50_SESSION
GODFRYPHLP,daily,2012-04-28,2012-04-28,ABSENT_ON_OBSERVED_NIFTY_50_SESSION
GODFRYPHLP,daily,2012-09-08,2012-09-08,ABSENT_ON_OBSERVED_NIFTY_50_SESSION
GODFRYPHLP,daily,2013-05-11,2013-05-11,ABSENT_ON_OBSERVED_NIFTY_50_SESSION
GODFRYPHLP,daily,2013-11-03,2013-11-03,ABSENT_ON_OBSERVED_NIFTY_50_SESSION
GODFRYPHLP,daily,2014-03-22,2014-03-22,ABSENT_ON_OBSERVED_NIFTY_50_SESSION
GODFRYPHLP,daily,2015-02-28,2015-02-28,ABSENT_ON_OBSERVED_NIFTY_50_SESSION
GODFRYPHLP,daily,2016-10-30,2016-10-30,ABSENT_ON_OBSERVED_NIFTY_50_SESSION
GODFRYPHLP,daily,2017-10-19,2017-10-19,ABSENT_ON_OBSERVED_NIFTY_50_SESSION
GODFRYPHLP,daily,2018-11-07,2018-11-07,ABSENT_ON_OBSERVED_NIFTY_50_SESSION
GODREJCP,daily,2003-03-22,2003-03-22,ABSENT_ON_OBSERVED_NIFTY_50_SESSION
GODREJCP,daily,2003-10-25,2003-10-25,ABSENT_ON_OBSERVED_NIFTY_50_SESSION
GODREJCP,daily,2003-11-15,2003-11-15,ABSENT_ON_OBSERVED_NIFTY_50_SESSION
GODREJCP,daily,2004-04-17,2004-04-17,ABSENT_ON_OBSERVED_NIFTY_50_SESSION
GODREJCP,daily,2004-05-24,2004-05-24,ABSENT_ON_OBSERVED_NIFTY_50_SESSION
GODREJCP,daily,2004-05-25,2004-05-25,ABSENT_ON_OBSERVED_NIFTY_50_SESSION
GODREJCP,daily,2004-05-26,2004-05-26,ABSENT_ON_OBSERVED_NIFTY_50_SESSION
GODREJCP,daily,2004-05-27,2004-05-27,ABSENT_ON_OBSERVED_NIFTY_50_SESSION
GODREJCP,daily,2004-05-28,2004-05-28,ABSENT_ON_OBSERVED_NIFTY_50_SESSION
GODREJCP,daily,2004-05-31,2004-05-31,ABSENT_ON_OBSERVED_NIFTY_50_SESSION
GODREJCP,daily,2004-06-01,2004-06-01,ABSENT_ON_OBSERVED_NIFTY_50_SESSION
GODREJCP,daily,2004-06-02,2004-06-02,ABSENT_ON_OBSERVED_NIFTY_50_SESSION
GODREJCP,daily,2004-06-03,2004-06-03,ABSENT_ON_OBSERVED_NIFTY_50_SESSION
GODREJCP,daily,2004-06-04,2004-06-04,ABSENT_ON_OBSERVED_NIFTY_50_SESSION
GODREJCP,daily,2004-06-07,2004-06-07,ABSENT_ON_OBSERVED_NIFTY_50_SESSION
GODREJCP,daily,2004-06-08,2004-06-08,ABSENT_ON_OBSERVED_NIFTY_50_SESSION
GODREJCP,daily,2004-06-09,2004-06-09,ABSENT_ON_OBSERVED_NIFTY_50_SESSION
GODREJCP,daily,2004-06-10,2004-06-10,ABSENT_ON_OBSERVED_NIFTY_50_SESSION
GODREJCP,daily,2004-06-11,2004-06-11,ABSENT_ON_OBSERVED_NIFTY_50_SESSION
GODREJCP,daily,2004-06-14,2004-06-14,ABSENT_ON_OBSERVED_NIFTY_50_SESSION
GODREJCP,daily,2004-06-15,2004-06-15,ABSENT_ON_OBSERVED_NIFTY_50_SESSION
GODREJCP,daily,2004-06-16,2004-06-16,ABSENT_ON_OBSERVED_NIFTY_50_SESSION
GODREJCP,daily,2004-06-17,2004-06-17,ABSENT_ON_OBSERVED_NIFTY_50_SESSION
GODREJCP,daily,2004-06-18,2004-06-18,ABSENT_ON_OBSERVED_NIFTY_50_SESSION
GODREJCP,daily,2004-06-21,2004-06-21,ABSENT_ON_OBSERVED_NIFTY_50_SESSION
GODREJCP,daily,2004-06-22,2004-06-22,ABSENT_ON_OBSERVED_NIFTY_50_SESSION
GODREJCP,daily,2004-10-09,2004-10-09,ABSENT_ON_OBSERVED_NIFTY_50_SESSION
GODREJCP,daily,2005-06-04,2005-06-04,ABSENT_ON_OBSERVED_NIFTY_50_SESSION
GODREJCP,daily,2005-11-26,2005-11-26,ABSENT_ON_OBSERVED_NIFTY_50_SESSION
GODREJCP,daily,2006-04-29,2006-04-29,ABSENT_ON_OBSERVED_NIFTY_50_SESSION
GODREJCP,daily,2006-06-25,2006-06-25,ABSENT_ON_OBSERVED_NIFTY_50_SESSION
GODREJCP,daily,2006-10-21,2006-10-21,ABSENT_ON_OBSERVED_NIFTY_50_SESSION
GODREJCP,daily,2009-10-17,2009-10-17,ABSENT_ON_OBSERVED_NIFTY_50_SESSION
GODREJCP,daily,2010-02-06,2010-02-06,ABSENT_ON_OBSERVED_NIFTY_50_SESSION
GODREJCP,daily,2011-10-26,2011-10-26,ABSENT_ON_OBSERVED_NIFTY_50_SESSION
GODREJCP,daily,2012-01-07,2012-01-07,ABSENT_ON_OBSERVED_NIFTY_50_SESSION
GODREJCP,daily,2012-03-03,2012-03-03,ABSENT_ON_OBSERVED_NIFTY_50_SESSION
GODREJCP,daily,2012-04-28,2012-04-28,ABSENT_ON_OBSERVED_NIFTY_50_SESSION
GODREJCP,daily,2012-09-08,2012-09-08,ABSENT_ON_OBSERVED_NIFTY_50_SESSION
GODREJCP,daily,2013-05-11,2013-05-11,ABSENT_ON_OBSERVED_NIFTY_50_SESSION
GODREJCP,daily,2013-11-03,2013-11-03,ABSENT_ON_OBSERVED_NIFTY_50_SESSION
GODREJCP,daily,2014-03-22,2014-03-22,ABSENT_ON_OBSERVED_NIFTY_50_SESSION
GODREJCP,daily,2015-02-28,2015-02-28,ABSENT_ON_OBSERVED_NIFTY_50_SESSION
GODREJCP,daily,2016-10-30,2016-10-30,ABSENT_ON_OBSERVED_NIFTY_50_SESSION
GODREJCP,daily,2017-10-19,2017-10-19,ABSENT_ON_OBSERVED_NIFTY_50_SESSION
GODREJCP,daily,2018-11-07,2018-11-07,ABSENT_ON_OBSERVED_NIFTY_50_SESSION
GODREJPROP,daily,2010-02-06,2010-02-06,ABSENT_ON_OBSERVED_NIFTY_50_SESSION
GODREJPROP,daily,2011-10-26,2011-10-26,ABSENT_ON_OBSERVED_NIFTY_50_SESSION
GODREJPROP,daily,2012-01-07,2012-01-07,ABSENT_ON_OBSERVED_NIFTY_50_SESSION
GODREJPROP,daily,2012-03-03,2012-03-03,ABSENT_ON_OBSERVED_NIFTY_50_SESSION
GODREJPROP,daily,2012-04-28,2012-04-28,ABSENT_ON_OBSERVED_NIFTY_50_SESSION
GODREJPROP,daily,2012-09-08,2012-09-08,ABSENT_ON_OBSERVED_NIFTY_50_SESSION
GODREJPROP,daily,2013-05-11,2013-05-11,ABSENT_ON_OBSERVED_NIFTY_50_SESSION
GODREJPROP,daily,2013-11-03,2013-11-03,ABSENT_ON_OBSERVED_NIFTY_50_SESSION
GODREJPROP,daily,2014-03-22,2014-03-22,ABSENT_ON_OBSERVED_NIFTY_50_SESSION
GODREJPROP,daily,2015-02-28,2015-02-28,ABSENT_ON_OBSERVED_NIFTY_50_SESSION
GODREJPROP,daily,2016-10-30,2016-10-30,ABSENT_ON_OBSERVED_NIFTY_50_SESSION
GODREJPROP,daily,2017-10-19,2017-10-19,ABSENT_ON_OBSERVED_NIFTY_50_SESSION
GODREJPROP,daily,2018-11-07,2018-11-07,ABSENT_ON_OBSERVED_NIFTY_50_SESSION
GRASIM,daily,2003-03-22,2003-03-22,ABSENT_ON_OBSERVED_NIFTY_50_SESSION
GRASIM,daily,2003-10-25,2003-10-25,ABSENT_ON_OBSERVED_NIFTY_50_SESSION
GRASIM,daily,2003-11-15,2003-11-15,ABSENT_ON_OBSERVED_NIFTY_50_SESSION
GRASIM,daily,2004-04-17,2004-04-17,ABSENT_ON_OBSERVED_NIFTY_50_SESSION
GRASIM,daily,2004-05-24,2004-05-24,ABSENT_ON_OBSERVED_NIFTY_50_SESSION
GRASIM,daily,2004-05-25,2004-05-25,ABSENT_ON_OBSERVED_NIFTY_50_SESSION
GRASIM,daily,2004-05-26,2004-05-26,ABSENT_ON_OBSERVED_NIFTY_50_SESSION
GRASIM,daily,2004-05-27,2004-05-27,ABSENT_ON_OBSERVED_NIFTY_50_SESSION
GRASIM,daily,2004-05-28,2004-05-28,ABSENT_ON_OBSERVED_NIFTY_50_SESSION
GRASIM,daily,2004-05-31,2004-05-31,ABSENT_ON_OBSERVED_NIFTY_50_SESSION
GRASIM,daily,2004-06-01,2004-06-01,ABSENT_ON_OBSERVED_NIFTY_50_SESSION
GRASIM,daily,2004-06-02,2004-06-02,ABSENT_ON_OBSERVED_NIFTY_50_SESSION
GRASIM,daily,2004-06-03,2004-06-03,ABSENT_ON_OBSERVED_NIFTY_50_SESSION
GRASIM,daily,2004-06-04,2004-06-04,ABSENT_ON_OBSERVED_NIFTY_50_SESSION
GRASIM,daily,2004-06-07,2004-06-07,ABSENT_ON_OBSERVED_NIFTY_50_SESSION
GRASIM,daily,2004-06-08,2004-06-08,ABSENT_ON_OBSERVED_NIFTY_50_SESSION
GRASIM,daily,2004-06-09,2004-06-09,ABSENT_ON_OBSERVED_NIFTY_50_SESSION
GRASIM,daily,2004-06-10,2004-06-10,ABSENT_ON_OBSERVED_NIFTY_50_SESSION
GRASIM,daily,2004-06-11,2004-06-11,ABSENT_ON_OBSERVED_NIFTY_50_SESSION
GRASIM,daily,2004-06-14,2004-06-14,ABSENT_ON_OBSERVED_NIFTY_50_SESSION
GRASIM,daily,2004-06-15,2004-06-15,ABSENT_ON_OBSERVED_NIFTY_50_SESSION
GRASIM,daily,2004-06-16,2004-06-16,ABSENT_ON_OBSERVED_NIFTY_50_SESSION
GRASIM,daily,2004-06-17,2004-06-17,ABSENT_ON_OBSERVED_NIFTY_50_SESSION
GRASIM,daily,2004-06-18,2004-06-18,ABSENT_ON_OBSERVED_NIFTY_50_SESSION
GRASIM,daily,2004-06-21,2004-06-21,ABSENT_ON_OBSERVED_NIFTY_50_SESSION
GRASIM,daily,2004-06-22,2004-06-22,ABSENT_ON_OBSERVED_NIFTY_50_SESSION
GRASIM,daily,2004-10-09,2004-10-09,ABSENT_ON_OBSERVED_NIFTY_50_SESSION
GRASIM,daily,2005-06-04,2005-06-04,ABSENT_ON_OBSERVED_NIFTY_50_SESSION
GRASIM,daily,2005-11-26,2005-11-26,ABSENT_ON_OBSERVED_NIFTY_50_SESSION
GRASIM,daily,2006-04-29,2006-04-29,ABSENT_ON_OBSERVED_NIFTY_50_SESSION
GRASIM,daily,2006-06-25,2006-06-25,ABSENT_ON_OBSERVED_NIFTY_50_SESSION
GRASIM,daily,2006-10-21,2006-10-21,ABSENT_ON_OBSERVED_NIFTY_50_SESSION
GRASIM,daily,2009-10-17,2009-10-17,ABSENT_ON_OBSERVED_NIFTY_50_SESSION
GRASIM,daily,2010-02-06,2010-02-06,ABSENT_ON_OBSERVED_NIFTY_50_SESSION
GRASIM,daily,2011-10-26,2011-10-26,ABSENT_ON_OBSERVED_NIFTY_50_SESSION
GRASIM,daily,2012-01-07,2012-01-07,ABSENT_ON_OBSERVED_NIFTY_50_SESSION
GRASIM,daily,2012-03-03,2012-03-03,ABSENT_ON_OBSERVED_NIFTY_50_SESSION
GRASIM,daily,2012-04-28,2012-04-28,ABSENT_ON_OBSERVED_NIFTY_50_SESSION
GRASIM,daily,2012-09-08,2012-09-08,ABSENT_ON_OBSERVED_NIFTY_50_SESSION
GRASIM,daily,2013-05-11,2013-05-11,ABSENT_ON_OBSERVED_NIFTY_50_SESSION
GRASIM,daily,2013-11-03,2013-11-03,ABSENT_ON_OBSERVED_NIFTY_50_SESSION
GRASIM,daily,2014-03-22,2014-03-22,ABSENT_ON_OBSERVED_NIFTY_50_SESSION
GRASIM,daily,2015-02-28,2015-02-28,ABSENT_ON_OBSERVED_NIFTY_50_SESSION
GRASIM,daily,2016-10-30,2016-10-30,ABSENT_ON_OBSERVED_NIFTY_50_SESSION
GRASIM,daily,2017-10-19,2017-10-19,ABSENT_ON_OBSERVED_NIFTY_50_SESSION
GRASIM,daily,2018-11-07,2018-11-07,ABSENT_ON_OBSERVED_NIFTY_50_SESSION
GVT&D,daily,2009-10-17,2009-10-17,ABSENT_ON_OBSERVED_NIFTY_50_SESSION
GVT&D,daily,2010-02-06,2010-02-06,ABSENT_ON_OBSERVED_NIFTY_50_SESSION
GVT&D,daily,2011-10-26,2011-10-26,ABSENT_ON_OBSERVED_NIFTY_50_SESSION
GVT&D,daily,2012-01-07,2012-01-07,ABSENT_ON_OBSERVED_NIFTY_50_SESSION
GVT&D,daily,2012-03-03,2012-03-03,ABSENT_ON_OBSERVED_NIFTY_50_SESSION
GVT&D,daily,2012-04-28,2012-04-28,ABSENT_ON_OBSERVED_NIFTY_50_SESSION
GVT&D,daily,2012-09-08,2012-09-08,ABSENT_ON_OBSERVED_NIFTY_50_SESSION
GVT&D,daily,2013-05-11,2013-05-11,ABSENT_ON_OBSERVED_NIFTY_50_SESSION
GVT&D,daily,2013-11-03,2013-11-03,ABSENT_ON_OBSERVED_NIFTY_50_SESSION
GVT&D,daily,2014-03-22,2014-03-22,ABSENT_ON_OBSERVED_NIFTY_50_SESSION
GVT&D,daily,2015-02-28,2015-02-28,ABSENT_ON_OBSERVED_NIFTY_50_SESSION
GVT&D,daily,2016-10-30,2016-10-30,ABSENT_ON_OBSERVED_NIFTY_50_SESSION
GVT&D,daily,2017-10-19,2017-10-19,ABSENT_ON_OBSERVED_NIFTY_50_SESSION
GVT&D,daily,2018-11-07,2018-11-07,ABSENT_ON_OBSERVED_NIFTY_50_SESSION
HAL,daily,2018-11-07,2018-11-07,ABSENT_ON_OBSERVED_NIFTY_50_SESSION
HAVELLS,daily,2003-03-22,2003-03-22,ABSENT_ON_OBSERVED_NIFTY_50_SESSION
HAVELLS,daily,2003-10-25,2003-10-25,ABSENT_ON_OBSERVED_NIFTY_50_SESSION
HAVELLS,daily,2003-11-15,2003-11-15,ABSENT_ON_OBSERVED_NIFTY_50_SESSION
HAVELLS,daily,2004-04-17,2004-04-17,ABSENT_ON_OBSERVED_NIFTY_50_SESSION
HAVELLS,daily,2004-05-24,2004-05-24,ABSENT_ON_OBSERVED_NIFTY_50_SESSION
HAVELLS,daily,2004-05-25,2004-05-25,ABSENT_ON_OBSERVED_NIFTY_50_SESSION
HAVELLS,daily,2004-05-26,2004-05-26,ABSENT_ON_OBSERVED_NIFTY_50_SESSION
HAVELLS,daily,2004-05-27,2004-05-27,ABSENT_ON_OBSERVED_NIFTY_50_SESSION
HAVELLS,daily,2004-05-28,2004-05-28,ABSENT_ON_OBSERVED_NIFTY_50_SESSION
HAVELLS,daily,2004-05-31,2004-05-31,ABSENT_ON_OBSERVED_NIFTY_50_SESSION
HAVELLS,daily,2004-06-01,2004-06-01,ABSENT_ON_OBSERVED_NIFTY_50_SESSION
HAVELLS,daily,2004-06-02,2004-06-02,ABSENT_ON_OBSERVED_NIFTY_50_SESSION
HAVELLS,daily,2004-06-03,2004-06-03,ABSENT_ON_OBSERVED_NIFTY_50_SESSION
HAVELLS,daily,2004-06-04,2004-06-04,ABSENT_ON_OBSERVED_NIFTY_50_SESSION
HAVELLS,daily,2004-06-07,2004-06-07,ABSENT_ON_OBSERVED_NIFTY_50_SESSION
HAVELLS,daily,2004-06-08,2004-06-08,ABSENT_ON_OBSERVED_NIFTY_50_SESSION
HAVELLS,daily,2004-06-09,2004-06-09,ABSENT_ON_OBSERVED_NIFTY_50_SESSION
HAVELLS,daily,2004-06-10,2004-06-10,ABSENT_ON_OBSERVED_NIFTY_50_SESSION
HAVELLS,daily,2004-06-11,2004-06-11,ABSENT_ON_OBSERVED_NIFTY_50_SESSION
HAVELLS,daily,2004-06-14,2004-06-14,ABSENT_ON_OBSERVED_NIFTY_50_SESSION
HAVELLS,daily,2004-06-15,2004-06-15,ABSENT_ON_OBSERVED_NIFTY_50_SESSION
HAVELLS,daily,2004-06-16,2004-06-16,ABSENT_ON_OBSERVED_NIFTY_50_SESSION
HAVELLS,daily,2004-06-17,2004-06-17,ABSENT_ON_OBSERVED_NIFTY_50_SESSION
HAVELLS,daily,2004-06-18,2004-06-18,ABSENT_ON_OBSERVED_NIFTY_50_SESSION
HAVELLS,daily,2004-06-21,2004-06-21,ABSENT_ON_OBSERVED_NIFTY_50_SESSION
HAVELLS,daily,2004-06-22,2004-06-22,ABSENT_ON_OBSERVED_NIFTY_50_SESSION
HAVELLS,daily,2004-10-09,2004-10-09,ABSENT_ON_OBSERVED_NIFTY_50_SESSION
HAVELLS,daily,2005-06-04,2005-06-04,ABSENT_ON_OBSERVED_NIFTY_50_SESSION
HAVELLS,daily,2005-11-26,2005-11-26,ABSENT_ON_OBSERVED_NIFTY_50_SESSION
HAVELLS,daily,2006-04-29,2006-04-29,ABSENT_ON_OBSERVED_NIFTY_50_SESSION
HAVELLS,daily,2006-06-25,2006-06-25,ABSENT_ON_OBSERVED_NIFTY_50_SESSION
HAVELLS,daily,2006-10-21,2006-10-21,ABSENT_ON_OBSERVED_NIFTY_50_SESSION
HAVELLS,daily,2009-10-17,2009-10-17,ABSENT_ON_OBSERVED_NIFTY_50_SESSION
HAVELLS,daily,2010-02-06,2010-02-06,ABSENT_ON_OBSERVED_NIFTY_50_SESSION
HAVELLS,daily,2011-10-26,2011-10-26,ABSENT_ON_OBSERVED_NIFTY_50_SESSION
HAVELLS,daily,2012-01-07,2012-01-07,ABSENT_ON_OBSERVED_NIFTY_50_SESSION
HAVELLS,daily,2012-03-03,2012-03-03,ABSENT_ON_OBSERVED_NIFTY_50_SESSION
HAVELLS,daily,2012-04-28,2012-04-28,ABSENT_ON_OBSERVED_NIFTY_50_SESSION
HAVELLS,daily,2012-09-08,2012-09-08,ABSENT_ON_OBSERVED_NIFTY_50_SESSION
HAVELLS,daily,2013-05-11,2013-05-11,ABSENT_ON_OBSERVED_NIFTY_50_SESSION
HAVELLS,daily,2013-11-03,2013-11-03,ABSENT_ON_OBSERVED_NIFTY_50_SESSION
HAVELLS,daily,2014-03-22,2014-03-22,ABSENT_ON_OBSERVED_NIFTY_50_SESSION
HAVELLS,daily,2015-02-28,2015-02-28,ABSENT_ON_OBSERVED_NIFTY_50_SESSION
HAVELLS,daily,2016-10-30,2016-10-30,ABSENT_ON_OBSERVED_NIFTY_50_SESSION
HAVELLS,daily,2017-10-19,2017-10-19,ABSENT_ON_OBSERVED_NIFTY_50_SESSION
HAVELLS,daily,2018-11-07,2018-11-07,ABSENT_ON_OBSERVED_NIFTY_50_SESSION
HCLTECH,daily,2003-03-22,2003-03-22,ABSENT_ON_OBSERVED_NIFTY_50_SESSION
HCLTECH,daily,2003-10-25,2003-10-25,ABSENT_ON_OBSERVED_NIFTY_50_SESSION
HCLTECH,daily,2003-11-15,2003-11-15,ABSENT_ON_OBSERVED_NIFTY_50_SESSION
HCLTECH,daily,2004-04-17,2004-04-17,ABSENT_ON_OBSERVED_NIFTY_50_SESSION
HCLTECH,daily,2004-05-24,2004-05-24,ABSENT_ON_OBSERVED_NIFTY_50_SESSION
HCLTECH,daily,2004-05-25,2004-05-25,ABSENT_ON_OBSERVED_NIFTY_50_SESSION
HCLTECH,daily,2004-05-26,2004-05-26,ABSENT_ON_OBSERVED_NIFTY_50_SESSION
HCLTECH,daily,2004-05-27,2004-05-27,ABSENT_ON_OBSERVED_NIFTY_50_SESSION
HCLTECH,daily,2004-05-28,2004-05-28,ABSENT_ON_OBSERVED_NIFTY_50_SESSION
HCLTECH,daily,2004-05-31,2004-05-31,ABSENT_ON_OBSERVED_NIFTY_50_SESSION
HCLTECH,daily,2004-06-01,2004-06-01,ABSENT_ON_OBSERVED_NIFTY_50_SESSION
HCLTECH,daily,2004-06-02,2004-06-02,ABSENT_ON_OBSERVED_NIFTY_50_SESSION
HCLTECH,daily,2004-06-03,2004-06-03,ABSENT_ON_OBSERVED_NIFTY_50_SESSION
HCLTECH,daily,2004-06-04,2004-06-04,ABSENT_ON_OBSERVED_NIFTY_50_SESSION
HCLTECH,daily,2004-06-07,2004-06-07,ABSENT_ON_OBSERVED_NIFTY_50_SESSION
HCLTECH,daily,2004-06-08,2004-06-08,ABSENT_ON_OBSERVED_NIFTY_50_SESSION
HCLTECH,daily,2004-06-09,2004-06-09,ABSENT_ON_OBSERVED_NIFTY_50_SESSION
HCLTECH,daily,2004-06-10,2004-06-10,ABSENT_ON_OBSERVED_NIFTY_50_SESSION
HCLTECH,daily,2004-06-11,2004-06-11,ABSENT_ON_OBSERVED_NIFTY_50_SESSION
HCLTECH,daily,2004-06-14,2004-06-14,ABSENT_ON_OBSERVED_NIFTY_50_SESSION
HCLTECH,daily,2004-06-15,2004-06-15,ABSENT_ON_OBSERVED_NIFTY_50_SESSION
HCLTECH,daily,2004-06-16,2004-06-16,ABSENT_ON_OBSERVED_NIFTY_50_SESSION
HCLTECH,daily,2004-06-17,2004-06-17,ABSENT_ON_OBSERVED_NIFTY_50_SESSION
HCLTECH,daily,2004-06-18,2004-06-18,ABSENT_ON_OBSERVED_NIFTY_50_SESSION
HCLTECH,daily,2004-06-21,2004-06-21,ABSENT_ON_OBSERVED_NIFTY_50_SESSION
HCLTECH,daily,2004-06-22,2004-06-22,ABSENT_ON_OBSERVED_NIFTY_50_SESSION
HCLTECH,daily,2004-10-09,2004-10-09,ABSENT_ON_OBSERVED_NIFTY_50_SESSION
HCLTECH,daily,2005-06-04,2005-06-04,ABSENT_ON_OBSERVED_NIFTY_50_SESSION
HCLTECH,daily,2005-11-26,2005-11-26,ABSENT_ON_OBSERVED_NIFTY_50_SESSION
HCLTECH,daily,2006-04-29,2006-04-29,ABSENT_ON_OBSERVED_NIFTY_50_SESSION
HCLTECH,daily,2006-06-25,2006-06-25,ABSENT_ON_OBSERVED_NIFTY_50_SESSION
HCLTECH,daily,2006-10-21,2006-10-21,ABSENT_ON_OBSERVED_NIFTY_50_SESSION
HCLTECH,daily,2009-10-17,2009-10-17,ABSENT_ON_OBSERVED_NIFTY_50_SESSION
HCLTECH,daily,2010-02-06,2010-02-06,ABSENT_ON_OBSERVED_NIFTY_50_SESSION
HCLTECH,daily,2011-10-26,2011-10-26,ABSENT_ON_OBSERVED_NIFTY_50_SESSION
HCLTECH,daily,2012-01-07,2012-01-07,ABSENT_ON_OBSERVED_NIFTY_50_SESSION
HCLTECH,daily,2012-03-03,2012-03-03,ABSENT_ON_OBSERVED_NIFTY_50_SESSION
HCLTECH,daily,2012-04-28,2012-04-28,ABSENT_ON_OBSERVED_NIFTY_50_SESSION
HCLTECH,daily,2012-09-08,2012-09-08,ABSENT_ON_OBSERVED_NIFTY_50_SESSION
HCLTECH,daily,2013-05-11,2013-05-11,ABSENT_ON_OBSERVED_NIFTY_50_SESSION
HCLTECH,daily,2013-11-03,2013-11-03,ABSENT_ON_OBSERVED_NIFTY_50_SESSION
HCLTECH,daily,2014-03-22,2014-03-22,ABSENT_ON_OBSERVED_NIFTY_50_SESSION
HCLTECH,daily,2015-02-28,2015-02-28,ABSENT_ON_OBSERVED_NIFTY_50_SESSION
HCLTECH,daily,2016-10-30,2016-10-30,ABSENT_ON_OBSERVED_NIFTY_50_SESSION
HCLTECH,daily,2017-10-19,2017-10-19,ABSENT_ON_OBSERVED_NIFTY_50_SESSION
HCLTECH,daily,2018-11-07,2018-11-07,ABSENT_ON_OBSERVED_NIFTY_50_SESSION
HDFCAMC,daily,2018-11-07,2018-11-07,ABSENT_ON_OBSERVED_NIFTY_50_SESSION
HDFCBANK,daily,2003-03-22,2003-03-22,ABSENT_ON_OBSERVED_NIFTY_50_SESSION
HDFCBANK,daily,2003-10-25,2003-10-25,ABSENT_ON_OBSERVED_NIFTY_50_SESSION
HDFCBANK,daily,2003-11-15,2003-11-15,ABSENT_ON_OBSERVED_NIFTY_50_SESSION
HDFCBANK,daily,2004-04-17,2004-04-17,ABSENT_ON_OBSERVED_NIFTY_50_SESSION
HDFCBANK,daily,2004-05-24,2004-05-24,ABSENT_ON_OBSERVED_NIFTY_50_SESSION
HDFCBANK,daily,2004-05-25,2004-05-25,ABSENT_ON_OBSERVED_NIFTY_50_SESSION
HDFCBANK,daily,2004-05-26,2004-05-26,ABSENT_ON_OBSERVED_NIFTY_50_SESSION
HDFCBANK,daily,2004-05-27,2004-05-27,ABSENT_ON_OBSERVED_NIFTY_50_SESSION
HDFCBANK,daily,2004-05-28,2004-05-28,ABSENT_ON_OBSERVED_NIFTY_50_SESSION
HDFCBANK,daily,2004-05-31,2004-05-31,ABSENT_ON_OBSERVED_NIFTY_50_SESSION
HDFCBANK,daily,2004-06-01,2004-06-01,ABSENT_ON_OBSERVED_NIFTY_50_SESSION
HDFCBANK,daily,2004-06-02,2004-06-02,ABSENT_ON_OBSERVED_NIFTY_50_SESSION
HDFCBANK,daily,2004-06-03,2004-06-03,ABSENT_ON_OBSERVED_NIFTY_50_SESSION
HDFCBANK,daily,2004-06-04,2004-06-04,ABSENT_ON_OBSERVED_NIFTY_50_SESSION
HDFCBANK,daily,2004-06-07,2004-06-07,ABSENT_ON_OBSERVED_NIFTY_50_SESSION
HDFCBANK,daily,2004-06-08,2004-06-08,ABSENT_ON_OBSERVED_NIFTY_50_SESSION
HDFCBANK,daily,2004-06-09,2004-06-09,ABSENT_ON_OBSERVED_NIFTY_50_SESSION
HDFCBANK,daily,2004-06-10,2004-06-10,ABSENT_ON_OBSERVED_NIFTY_50_SESSION
HDFCBANK,daily,2004-06-11,2004-06-11,ABSENT_ON_OBSERVED_NIFTY_50_SESSION
HDFCBANK,daily,2004-06-14,2004-06-14,ABSENT_ON_OBSERVED_NIFTY_50_SESSION
HDFCBANK,daily,2004-06-15,2004-06-15,ABSENT_ON_OBSERVED_NIFTY_50_SESSION
HDFCBANK,daily,2004-06-16,2004-06-16,ABSENT_ON_OBSERVED_NIFTY_50_SESSION
HDFCBANK,daily,2004-06-17,2004-06-17,ABSENT_ON_OBSERVED_NIFTY_50_SESSION
HDFCBANK,daily,2004-06-18,2004-06-18,ABSENT_ON_OBSERVED_NIFTY_50_SESSION
HDFCBANK,daily,2004-06-21,2004-06-21,ABSENT_ON_OBSERVED_NIFTY_50_SESSION
HDFCBANK,daily,2004-06-22,2004-06-22,ABSENT_ON_OBSERVED_NIFTY_50_SESSION
HDFCBANK,daily,2004-10-09,2004-10-09,ABSENT_ON_OBSERVED_NIFTY_50_SESSION
HDFCBANK,daily,2005-06-04,2005-06-04,ABSENT_ON_OBSERVED_NIFTY_50_SESSION
HDFCBANK,daily,2005-11-26,2005-11-26,ABSENT_ON_OBSERVED_NIFTY_50_SESSION
HDFCBANK,daily,2006-04-29,2006-04-29,ABSENT_ON_OBSERVED_NIFTY_50_SESSION
HDFCBANK,daily,2006-06-25,2006-06-25,ABSENT_ON_OBSERVED_NIFTY_50_SESSION
HDFCBANK,daily,2006-10-21,2006-10-21,ABSENT_ON_OBSERVED_NIFTY_50_SESSION
HDFCBANK,daily,2009-10-17,2009-10-17,ABSENT_ON_OBSERVED_NIFTY_50_SESSION
HDFCBANK,daily,2010-02-06,2010-02-06,ABSENT_ON_OBSERVED_NIFTY_50_SESSION
HDFCBANK,daily,2011-10-26,2011-10-26,ABSENT_ON_OBSERVED_NIFTY_50_SESSION
HDFCBANK,daily,2012-01-07,2012-01-07,ABSENT_ON_OBSERVED_NIFTY_50_SESSION
HDFCBANK,daily,2012-03-03,2012-03-03,ABSENT_ON_OBSERVED_NIFTY_50_SESSION
HDFCBANK,daily,2012-04-28,2012-04-28,ABSENT_ON_OBSERVED_NIFTY_50_SESSION
HDFCBANK,daily,2012-09-08,2012-09-08,ABSENT_ON_OBSERVED_NIFTY_50_SESSION
HDFCBANK,daily,2013-05-11,2013-05-11,ABSENT_ON_OBSERVED_NIFTY_50_SESSION
HDFCBANK,daily,2013-11-03,2013-11-03,ABSENT_ON_OBSERVED_NIFTY_50_SESSION
HDFCBANK,daily,2014-03-22,2014-03-22,ABSENT_ON_OBSERVED_NIFTY_50_SESSION
HDFCBANK,daily,2015-02-28,2015-02-28,ABSENT_ON_OBSERVED_NIFTY_50_SESSION
HDFCBANK,daily,2016-10-30,2016-10-30,ABSENT_ON_OBSERVED_NIFTY_50_SESSION
HDFCBANK,daily,2017-10-19,2017-10-19,ABSENT_ON_OBSERVED_NIFTY_50_SESSION
HDFCBANK,daily,2018-11-07,2018-11-07,ABSENT_ON_OBSERVED_NIFTY_50_SESSION
HDFCLIFE,daily,2018-11-07,2018-11-07,ABSENT_ON_OBSERVED_NIFTY_50_SESSION
HEROMOTOCO,daily,2003-03-22,2003-03-22,ABSENT_ON_OBSERVED_NIFTY_50_SESSION
HEROMOTOCO,daily,2003-10-25,2003-10-25,ABSENT_ON_OBSERVED_NIFTY_50_SESSION
HEROMOTOCO,daily,2003-11-15,2003-11-15,ABSENT_ON_OBSERVED_NIFTY_50_SESSION
HEROMOTOCO,daily,2004-04-17,2004-04-17,ABSENT_ON_OBSERVED_NIFTY_50_SESSION
HEROMOTOCO,daily,2004-05-24,2004-05-24,ABSENT_ON_OBSERVED_NIFTY_50_SESSION
HEROMOTOCO,daily,2004-05-25,2004-05-25,ABSENT_ON_OBSERVED_NIFTY_50_SESSION
HEROMOTOCO,daily,2004-05-26,2004-05-26,ABSENT_ON_OBSERVED_NIFTY_50_SESSION
HEROMOTOCO,daily,2004-05-27,2004-05-27,ABSENT_ON_OBSERVED_NIFTY_50_SESSION
HEROMOTOCO,daily,2004-05-28,2004-05-28,ABSENT_ON_OBSERVED_NIFTY_50_SESSION
HEROMOTOCO,daily,2004-05-31,2004-05-31,ABSENT_ON_OBSERVED_NIFTY_50_SESSION
HEROMOTOCO,daily,2004-06-01,2004-06-01,ABSENT_ON_OBSERVED_NIFTY_50_SESSION
HEROMOTOCO,daily,2004-06-02,2004-06-02,ABSENT_ON_OBSERVED_NIFTY_50_SESSION
HEROMOTOCO,daily,2004-06-03,2004-06-03,ABSENT_ON_OBSERVED_NIFTY_50_SESSION
HEROMOTOCO,daily,2004-06-04,2004-06-04,ABSENT_ON_OBSERVED_NIFTY_50_SESSION
HEROMOTOCO,daily,2004-06-07,2004-06-07,ABSENT_ON_OBSERVED_NIFTY_50_SESSION
HEROMOTOCO,daily,2004-06-08,2004-06-08,ABSENT_ON_OBSERVED_NIFTY_50_SESSION
HEROMOTOCO,daily,2004-06-09,2004-06-09,ABSENT_ON_OBSERVED_NIFTY_50_SESSION
HEROMOTOCO,daily,2004-06-10,2004-06-10,ABSENT_ON_OBSERVED_NIFTY_50_SESSION
HEROMOTOCO,daily,2004-06-11,2004-06-11,ABSENT_ON_OBSERVED_NIFTY_50_SESSION
HEROMOTOCO,daily,2004-06-14,2004-06-14,ABSENT_ON_OBSERVED_NIFTY_50_SESSION
HEROMOTOCO,daily,2004-06-15,2004-06-15,ABSENT_ON_OBSERVED_NIFTY_50_SESSION
HEROMOTOCO,daily,2004-06-16,2004-06-16,ABSENT_ON_OBSERVED_NIFTY_50_SESSION
HEROMOTOCO,daily,2004-06-17,2004-06-17,ABSENT_ON_OBSERVED_NIFTY_50_SESSION
HEROMOTOCO,daily,2004-06-18,2004-06-18,ABSENT_ON_OBSERVED_NIFTY_50_SESSION
HEROMOTOCO,daily,2004-06-21,2004-06-21,ABSENT_ON_OBSERVED_NIFTY_50_SESSION
HEROMOTOCO,daily,2004-06-22,2004-06-22,ABSENT_ON_OBSERVED_NIFTY_50_SESSION
HEROMOTOCO,daily,2004-10-09,2004-10-09,ABSENT_ON_OBSERVED_NIFTY_50_SESSION
HEROMOTOCO,daily,2005-06-04,2005-06-04,ABSENT_ON_OBSERVED_NIFTY_50_SESSION
HEROMOTOCO,daily,2005-11-26,2005-11-26,ABSENT_ON_OBSERVED_NIFTY_50_SESSION
HEROMOTOCO,daily,2006-04-29,2006-04-29,ABSENT_ON_OBSERVED_NIFTY_50_SESSION
HEROMOTOCO,daily,2006-06-25,2006-06-25,ABSENT_ON_OBSERVED_NIFTY_50_SESSION
HEROMOTOCO,daily,2006-10-21,2006-10-21,ABSENT_ON_OBSERVED_NIFTY_50_SESSION
HEROMOTOCO,daily,2009-10-17,2009-10-17,ABSENT_ON_OBSERVED_NIFTY_50_SESSION
HEROMOTOCO,daily,2010-02-06,2010-02-06,ABSENT_ON_OBSERVED_NIFTY_50_SESSION
HEROMOTOCO,daily,2011-10-26,2011-10-26,ABSENT_ON_OBSERVED_NIFTY_50_SESSION
HEROMOTOCO,daily,2012-01-07,2012-01-07,ABSENT_ON_OBSERVED_NIFTY_50_SESSION
HEROMOTOCO,daily,2012-03-03,2012-03-03,ABSENT_ON_OBSERVED_NIFTY_50_SESSION
HEROMOTOCO,daily,2012-04-28,2012-04-28,ABSENT_ON_OBSERVED_NIFTY_50_SESSION
HEROMOTOCO,daily,2012-09-08,2012-09-08,ABSENT_ON_OBSERVED_NIFTY_50_SESSION
HEROMOTOCO,daily,2013-05-11,2013-05-11,ABSENT_ON_OBSERVED_NIFTY_50_SESSION
HEROMOTOCO,daily,2013-11-03,2013-11-03,ABSENT_ON_OBSERVED_NIFTY_50_SESSION
HEROMOTOCO,daily,2014-03-22,2014-03-22,ABSENT_ON_OBSERVED_NIFTY_50_SESSION
HEROMOTOCO,daily,2015-02-28,2015-02-28,ABSENT_ON_OBSERVED_NIFTY_50_SESSION
HEROMOTOCO,daily,2016-10-30,2016-10-30,ABSENT_ON_OBSERVED_NIFTY_50_SESSION
HEROMOTOCO,daily,2017-10-19,2017-10-19,ABSENT_ON_OBSERVED_NIFTY_50_SESSION
HEROMOTOCO,daily,2018-11-07,2018-11-07,ABSENT_ON_OBSERVED_NIFTY_50_SESSION
HINDALCO,daily,2003-03-22,2003-03-22,ABSENT_ON_OBSERVED_NIFTY_50_SESSION
HINDALCO,daily,2003-10-25,2003-10-25,ABSENT_ON_OBSERVED_NIFTY_50_SESSION
HINDALCO,daily,2003-11-15,2003-11-15,ABSENT_ON_OBSERVED_NIFTY_50_SESSION
HINDALCO,daily,2004-04-17,2004-04-17,ABSENT_ON_OBSERVED_NIFTY_50_SESSION
HINDALCO,daily,2004-05-24,2004-05-24,ABSENT_ON_OBSERVED_NIFTY_50_SESSION
HINDALCO,daily,2004-05-25,2004-05-25,ABSENT_ON_OBSERVED_NIFTY_50_SESSION
HINDALCO,daily,2004-05-26,2004-05-26,ABSENT_ON_OBSERVED_NIFTY_50_SESSION
HINDALCO,daily,2004-05-27,2004-05-27,ABSENT_ON_OBSERVED_NIFTY_50_SESSION
HINDALCO,daily,2004-05-28,2004-05-28,ABSENT_ON_OBSERVED_NIFTY_50_SESSION
HINDALCO,daily,2004-05-31,2004-05-31,ABSENT_ON_OBSERVED_NIFTY_50_SESSION
HINDALCO,daily,2004-06-01,2004-06-01,ABSENT_ON_OBSERVED_NIFTY_50_SESSION
HINDALCO,daily,2004-06-02,2004-06-02,ABSENT_ON_OBSERVED_NIFTY_50_SESSION
HINDALCO,daily,2004-06-03,2004-06-03,ABSENT_ON_OBSERVED_NIFTY_50_SESSION
HINDALCO,daily,2004-06-04,2004-06-04,ABSENT_ON_OBSERVED_NIFTY_50_SESSION
HINDALCO,daily,2004-06-07,2004-06-07,ABSENT_ON_OBSERVED_NIFTY_50_SESSION
HINDALCO,daily,2004-06-08,2004-06-08,ABSENT_ON_OBSERVED_NIFTY_50_SESSION
HINDALCO,daily,2004-06-09,2004-06-09,ABSENT_ON_OBSERVED_NIFTY_50_SESSION
HINDALCO,daily,2004-06-10,2004-06-10,ABSENT_ON_OBSERVED_NIFTY_50_SESSION
HINDALCO,daily,2004-06-11,2004-06-11,ABSENT_ON_OBSERVED_NIFTY_50_SESSION
HINDALCO,daily,2004-06-14,2004-06-14,ABSENT_ON_OBSERVED_NIFTY_50_SESSION
HINDALCO,daily,2004-06-15,2004-06-15,ABSENT_ON_OBSERVED_NIFTY_50_SESSION
HINDALCO,daily,2004-06-16,2004-06-16,ABSENT_ON_OBSERVED_NIFTY_50_SESSION
HINDALCO,daily,2004-06-17,2004-06-17,ABSENT_ON_OBSERVED_NIFTY_50_SESSION
HINDALCO,daily,2004-06-18,2004-06-18,ABSENT_ON_OBSERVED_NIFTY_50_SESSION
HINDALCO,daily,2004-06-21,2004-06-21,ABSENT_ON_OBSERVED_NIFTY_50_SESSION
HINDALCO,daily,2004-06-22,2004-06-22,ABSENT_ON_OBSERVED_NIFTY_50_SESSION
HINDALCO,daily,2004-10-09,2004-10-09,ABSENT_ON_OBSERVED_NIFTY_50_SESSION
HINDALCO,daily,2005-06-04,2005-06-04,ABSENT_ON_OBSERVED_NIFTY_50_SESSION
HINDALCO,daily,2005-11-26,2005-11-26,ABSENT_ON_OBSERVED_NIFTY_50_SESSION
HINDALCO,daily,2006-04-29,2006-04-29,ABSENT_ON_OBSERVED_NIFTY_50_SESSION
HINDALCO,daily,2006-06-25,2006-06-25,ABSENT_ON_OBSERVED_NIFTY_50_SESSION
HINDALCO,daily,2006-10-21,2006-10-21,ABSENT_ON_OBSERVED_NIFTY_50_SESSION
HINDALCO,daily,2009-10-17,2009-10-17,ABSENT_ON_OBSERVED_NIFTY_50_SESSION
HINDALCO,daily,2010-02-06,2010-02-06,ABSENT_ON_OBSERVED_NIFTY_50_SESSION
HINDALCO,daily,2011-10-26,2011-10-26,ABSENT_ON_OBSERVED_NIFTY_50_SESSION
HINDALCO,daily,2012-01-07,2012-01-07,ABSENT_ON_OBSERVED_NIFTY_50_SESSION
HINDALCO,daily,2012-03-03,2012-03-03,ABSENT_ON_OBSERVED_NIFTY_50_SESSION
HINDALCO,daily,2012-04-28,2012-04-28,ABSENT_ON_OBSERVED_NIFTY_50_SESSION
HINDALCO,daily,2012-09-08,2012-09-08,ABSENT_ON_OBSERVED_NIFTY_50_SESSION
HINDALCO,daily,2013-05-11,2013-05-11,ABSENT_ON_OBSERVED_NIFTY_50_SESSION
HINDALCO,daily,2013-11-03,2013-11-03,ABSENT_ON_OBSERVED_NIFTY_50_SESSION
HINDALCO,daily,2014-03-22,2014-03-22,ABSENT_ON_OBSERVED_NIFTY_50_SESSION
HINDALCO,daily,2015-02-28,2015-02-28,ABSENT_ON_OBSERVED_NIFTY_50_SESSION
HINDALCO,daily,2016-10-30,2016-10-30,ABSENT_ON_OBSERVED_NIFTY_50_SESSION
HINDALCO,daily,2017-10-19,2017-10-19,ABSENT_ON_OBSERVED_NIFTY_50_SESSION
HINDALCO,daily,2018-11-07,2018-11-07,ABSENT_ON_OBSERVED_NIFTY_50_SESSION
HINDCOPPER,daily,2010-02-06,2010-02-06,ABSENT_ON_OBSERVED_NIFTY_50_SESSION
HINDCOPPER,daily,2011-10-26,2011-10-26,ABSENT_ON_OBSERVED_NIFTY_50_SESSION
HINDCOPPER,daily,2012-01-07,2012-01-07,ABSENT_ON_OBSERVED_NIFTY_50_SESSION
HINDCOPPER,daily,2012-03-03,2012-03-03,ABSENT_ON_OBSERVED_NIFTY_50_SESSION
HINDCOPPER,daily,2012-04-28,2012-04-28,ABSENT_ON_OBSERVED_NIFTY_50_SESSION
HINDCOPPER,daily,2012-09-08,2012-09-08,ABSENT_ON_OBSERVED_NIFTY_50_SESSION
HINDCOPPER,daily,2013-05-11,2013-05-11,ABSENT_ON_OBSERVED_NIFTY_50_SESSION
HINDCOPPER,daily,2013-11-03,2013-11-03,ABSENT_ON_OBSERVED_NIFTY_50_SESSION
HINDCOPPER,daily,2014-03-22,2014-03-22,ABSENT_ON_OBSERVED_NIFTY_50_SESSION
HINDCOPPER,daily,2015-02-28,2015-02-28,ABSENT_ON_OBSERVED_NIFTY_50_SESSION
HINDCOPPER,daily,2016-10-30,2016-10-30,ABSENT_ON_OBSERVED_NIFTY_50_SESSION
HINDCOPPER,daily,2017-10-19,2017-10-19,ABSENT_ON_OBSERVED_NIFTY_50_SESSION
HINDCOPPER,daily,2018-11-07,2018-11-07,ABSENT_ON_OBSERVED_NIFTY_50_SESSION
HINDPETRO,daily,2003-03-22,2003-03-22,ABSENT_ON_OBSERVED_NIFTY_50_SESSION
HINDPETRO,daily,2003-10-25,2003-10-25,ABSENT_ON_OBSERVED_NIFTY_50_SESSION
HINDPETRO,daily,2003-11-15,2003-11-15,ABSENT_ON_OBSERVED_NIFTY_50_SESSION
HINDPETRO,daily,2004-04-17,2004-04-17,ABSENT_ON_OBSERVED_NIFTY_50_SESSION
HINDPETRO,daily,2004-05-24,2004-05-24,ABSENT_ON_OBSERVED_NIFTY_50_SESSION
HINDPETRO,daily,2004-05-25,2004-05-25,ABSENT_ON_OBSERVED_NIFTY_50_SESSION
HINDPETRO,daily,2004-05-26,2004-05-26,ABSENT_ON_OBSERVED_NIFTY_50_SESSION
HINDPETRO,daily,2004-05-27,2004-05-27,ABSENT_ON_OBSERVED_NIFTY_50_SESSION
HINDPETRO,daily,2004-05-28,2004-05-28,ABSENT_ON_OBSERVED_NIFTY_50_SESSION
HINDPETRO,daily,2004-05-31,2004-05-31,ABSENT_ON_OBSERVED_NIFTY_50_SESSION
HINDPETRO,daily,2004-06-01,2004-06-01,ABSENT_ON_OBSERVED_NIFTY_50_SESSION
HINDPETRO,daily,2004-06-02,2004-06-02,ABSENT_ON_OBSERVED_NIFTY_50_SESSION
HINDPETRO,daily,2004-06-03,2004-06-03,ABSENT_ON_OBSERVED_NIFTY_50_SESSION
HINDPETRO,daily,2004-06-04,2004-06-04,ABSENT_ON_OBSERVED_NIFTY_50_SESSION
HINDPETRO,daily,2004-06-07,2004-06-07,ABSENT_ON_OBSERVED_NIFTY_50_SESSION
HINDPETRO,daily,2004-06-08,2004-06-08,ABSENT_ON_OBSERVED_NIFTY_50_SESSION
HINDPETRO,daily,2004-06-09,2004-06-09,ABSENT_ON_OBSERVED_NIFTY_50_SESSION
HINDPETRO,daily,2004-06-10,2004-06-10,ABSENT_ON_OBSERVED_NIFTY_50_SESSION
HINDPETRO,daily,2004-06-11,2004-06-11,ABSENT_ON_OBSERVED_NIFTY_50_SESSION
HINDPETRO,daily,2004-06-14,2004-06-14,ABSENT_ON_OBSERVED_NIFTY_50_SESSION
HINDPETRO,daily,2004-06-15,2004-06-15,ABSENT_ON_OBSERVED_NIFTY_50_SESSION
HINDPETRO,daily,2004-06-16,2004-06-16,ABSENT_ON_OBSERVED_NIFTY_50_SESSION
HINDPETRO,daily,2004-06-17,2004-06-17,ABSENT_ON_OBSERVED_NIFTY_50_SESSION
HINDPETRO,daily,2004-06-18,2004-06-18,ABSENT_ON_OBSERVED_NIFTY_50_SESSION
HINDPETRO,daily,2004-06-21,2004-06-21,ABSENT_ON_OBSERVED_NIFTY_50_SESSION
HINDPETRO,daily,2004-06-22,2004-06-22,ABSENT_ON_OBSERVED_NIFTY_50_SESSION
HINDPETRO,daily,2004-10-09,2004-10-09,ABSENT_ON_OBSERVED_NIFTY_50_SESSION
HINDPETRO,daily,2005-06-04,2005-06-04,ABSENT_ON_OBSERVED_NIFTY_50_SESSION
HINDPETRO,daily,2005-11-26,2005-11-26,ABSENT_ON_OBSERVED_NIFTY_50_SESSION
HINDPETRO,daily,2006-04-29,2006-04-29,ABSENT_ON_OBSERVED_NIFTY_50_SESSION
HINDPETRO,daily,2006-06-25,2006-06-25,ABSENT_ON_OBSERVED_NIFTY_50_SESSION
HINDPETRO,daily,2006-10-21,2006-10-21,ABSENT_ON_OBSERVED_NIFTY_50_SESSION
HINDPETRO,daily,2009-10-17,2009-10-17,ABSENT_ON_OBSERVED_NIFTY_50_SESSION
HINDPETRO,daily,2010-02-06,2010-02-06,ABSENT_ON_OBSERVED_NIFTY_50_SESSION
HINDPETRO,daily,2011-10-26,2011-10-26,ABSENT_ON_OBSERVED_NIFTY_50_SESSION
HINDPETRO,daily,2012-01-07,2012-01-07,ABSENT_ON_OBSERVED_NIFTY_50_SESSION
HINDPETRO,daily,2012-03-03,2012-03-03,ABSENT_ON_OBSERVED_NIFTY_50_SESSION
HINDPETRO,daily,2012-04-28,2012-04-28,ABSENT_ON_OBSERVED_NIFTY_50_SESSION
HINDPETRO,daily,2012-09-08,2012-09-08,ABSENT_ON_OBSERVED_NIFTY_50_SESSION
HINDPETRO,daily,2013-05-11,2013-05-11,ABSENT_ON_OBSERVED_NIFTY_50_SESSION
HINDPETRO,daily,2013-11-03,2013-11-03,ABSENT_ON_OBSERVED_NIFTY_50_SESSION
HINDPETRO,daily,2014-03-22,2014-03-22,ABSENT_ON_OBSERVED_NIFTY_50_SESSION
HINDPETRO,daily,2015-02-28,2015-02-28,ABSENT_ON_OBSERVED_NIFTY_50_SESSION
HINDPETRO,daily,2016-10-30,2016-10-30,ABSENT_ON_OBSERVED_NIFTY_50_SESSION
HINDPETRO,daily,2017-10-19,2017-10-19,ABSENT_ON_OBSERVED_NIFTY_50_SESSION
HINDPETRO,daily,2018-11-07,2018-11-07,ABSENT_ON_OBSERVED_NIFTY_50_SESSION
HINDUNILVR,daily,2003-03-22,2003-03-22,ABSENT_ON_OBSERVED_NIFTY_50_SESSION
HINDUNILVR,daily,2003-10-25,2003-10-25,ABSENT_ON_OBSERVED_NIFTY_50_SESSION
HINDUNILVR,daily,2003-11-15,2003-11-15,ABSENT_ON_OBSERVED_NIFTY_50_SESSION
HINDUNILVR,daily,2004-04-17,2004-04-17,ABSENT_ON_OBSERVED_NIFTY_50_SESSION
HINDUNILVR,daily,2004-05-24,2004-05-24,ABSENT_ON_OBSERVED_NIFTY_50_SESSION
HINDUNILVR,daily,2004-05-25,2004-05-25,ABSENT_ON_OBSERVED_NIFTY_50_SESSION
HINDUNILVR,daily,2004-05-26,2004-05-26,ABSENT_ON_OBSERVED_NIFTY_50_SESSION
HINDUNILVR,daily,2004-05-27,2004-05-27,ABSENT_ON_OBSERVED_NIFTY_50_SESSION
HINDUNILVR,daily,2004-05-28,2004-05-28,ABSENT_ON_OBSERVED_NIFTY_50_SESSION
HINDUNILVR,daily,2004-05-31,2004-05-31,ABSENT_ON_OBSERVED_NIFTY_50_SESSION
HINDUNILVR,daily,2004-06-01,2004-06-01,ABSENT_ON_OBSERVED_NIFTY_50_SESSION
HINDUNILVR,daily,2004-06-02,2004-06-02,ABSENT_ON_OBSERVED_NIFTY_50_SESSION
HINDUNILVR,daily,2004-06-03,2004-06-03,ABSENT_ON_OBSERVED_NIFTY_50_SESSION
HINDUNILVR,daily,2004-06-04,2004-06-04,ABSENT_ON_OBSERVED_NIFTY_50_SESSION
HINDUNILVR,daily,2004-06-07,2004-06-07,ABSENT_ON_OBSERVED_NIFTY_50_SESSION
HINDUNILVR,daily,2004-06-08,2004-06-08,ABSENT_ON_OBSERVED_NIFTY_50_SESSION
HINDUNILVR,daily,2004-06-09,2004-06-09,ABSENT_ON_OBSERVED_NIFTY_50_SESSION
HINDUNILVR,daily,2004-06-10,2004-06-10,ABSENT_ON_OBSERVED_NIFTY_50_SESSION
HINDUNILVR,daily,2004-06-11,2004-06-11,ABSENT_ON_OBSERVED_NIFTY_50_SESSION
HINDUNILVR,daily,2004-06-14,2004-06-14,ABSENT_ON_OBSERVED_NIFTY_50_SESSION
HINDUNILVR,daily,2004-06-15,2004-06-15,ABSENT_ON_OBSERVED_NIFTY_50_SESSION
HINDUNILVR,daily,2004-06-16,2004-06-16,ABSENT_ON_OBSERVED_NIFTY_50_SESSION
HINDUNILVR,daily,2004-06-17,2004-06-17,ABSENT_ON_OBSERVED_NIFTY_50_SESSION
HINDUNILVR,daily,2004-06-18,2004-06-18,ABSENT_ON_OBSERVED_NIFTY_50_SESSION
HINDUNILVR,daily,2004-06-21,2004-06-21,ABSENT_ON_OBSERVED_NIFTY_50_SESSION
HINDUNILVR,daily,2004-06-22,2004-06-22,ABSENT_ON_OBSERVED_NIFTY_50_SESSION
HINDUNILVR,daily,2004-10-09,2004-10-09,ABSENT_ON_OBSERVED_NIFTY_50_SESSION
HINDUNILVR,daily,2005-06-04,2005-06-04,ABSENT_ON_OBSERVED_NIFTY_50_SESSION
HINDUNILVR,daily,2005-11-26,2005-11-26,ABSENT_ON_OBSERVED_NIFTY_50_SESSION
HINDUNILVR,daily,2006-04-29,2006-04-29,ABSENT_ON_OBSERVED_NIFTY_50_SESSION
HINDUNILVR,daily,2006-06-25,2006-06-25,ABSENT_ON_OBSERVED_NIFTY_50_SESSION
HINDUNILVR,daily,2006-10-21,2006-10-21,ABSENT_ON_OBSERVED_NIFTY_50_SESSION
HINDUNILVR,daily,2009-10-17,2009-10-17,ABSENT_ON_OBSERVED_NIFTY_50_SESSION
HINDUNILVR,daily,2010-02-06,2010-02-06,ABSENT_ON_OBSERVED_NIFTY_50_SESSION
HINDUNILVR,daily,2011-10-26,2011-10-26,ABSENT_ON_OBSERVED_NIFTY_50_SESSION
HINDUNILVR,daily,2012-01-07,2012-01-07,ABSENT_ON_OBSERVED_NIFTY_50_SESSION
HINDUNILVR,daily,2012-03-03,2012-03-03,ABSENT_ON_OBSERVED_NIFTY_50_SESSION
HINDUNILVR,daily,2012-04-28,2012-04-28,ABSENT_ON_OBSERVED_NIFTY_50_SESSION
HINDUNILVR,daily,2012-09-08,2012-09-08,ABSENT_ON_OBSERVED_NIFTY_50_SESSION
HINDUNILVR,daily,2013-05-11,2013-05-11,ABSENT_ON_OBSERVED_NIFTY_50_SESSION
HINDUNILVR,daily,2013-11-03,2013-11-03,ABSENT_ON_OBSERVED_NIFTY_50_SESSION
HINDUNILVR,daily,2014-03-22,2014-03-22,ABSENT_ON_OBSERVED_NIFTY_50_SESSION
HINDUNILVR,daily,2015-02-28,2015-02-28,ABSENT_ON_OBSERVED_NIFTY_50_SESSION
HINDUNILVR,daily,2016-10-30,2016-10-30,ABSENT_ON_OBSERVED_NIFTY_50_SESSION
HINDUNILVR,daily,2017-10-19,2017-10-19,ABSENT_ON_OBSERVED_NIFTY_50_SESSION
HINDUNILVR,daily,2018-11-07,2018-11-07,ABSENT_ON_OBSERVED_NIFTY_50_SESSION
HINDZINC,daily,2003-04-01,2003-04-01,ABSENT_ON_OBSERVED_NIFTY_50_SESSION
HINDZINC,daily,2003-04-02,2003-04-02,ABSENT_ON_OBSERVED_NIFTY_50_SESSION
HINDZINC,daily,2003-04-03,2003-04-03,ABSENT_ON_OBSERVED_NIFTY_50_SESSION
HINDZINC,daily,2003-04-04,2003-04-04,ABSENT_ON_OBSERVED_NIFTY_50_SESSION
HINDZINC,daily,2003-04-07,2003-04-07,ABSENT_ON_OBSERVED_NIFTY_50_SESSION
HINDZINC,daily,2003-04-08,2003-04-08,ABSENT_ON_OBSERVED_NIFTY_50_SESSION
HINDZINC,daily,2003-04-09,2003-04-09,ABSENT_ON_OBSERVED_NIFTY_50_SESSION
HINDZINC,daily,2003-04-10,2003-04-10,ABSENT_ON_OBSERVED_NIFTY_50_SESSION
HINDZINC,daily,2003-04-11,2003-04-11,ABSENT_ON_OBSERVED_NIFTY_50_SESSION
HINDZINC,daily,2003-04-15,2003-04-15,ABSENT_ON_OBSERVED_NIFTY_50_SESSION
HINDZINC,daily,2003-04-16,2003-04-16,ABSENT_ON_OBSERVED_NIFTY_50_SESSION
HINDZINC,daily,2003-04-17,2003-04-17,ABSENT_ON_OBSERVED_NIFTY_50_SESSION
HINDZINC,daily,2003-04-21,2003-04-21,ABSENT_ON_OBSERVED_NIFTY_50_SESSION
HINDZINC,daily,2003-04-22,2003-04-22,ABSENT_ON_OBSERVED_NIFTY_50_SESSION
HINDZINC,daily,2003-04-23,2003-04-23,ABSENT_ON_OBSERVED_NIFTY_50_SESSION
HINDZINC,daily,2003-04-24,2003-04-24,ABSENT_ON_OBSERVED_NIFTY_50_SESSION
HINDZINC,daily,2003-04-25,2003-04-25,ABSENT_ON_OBSERVED_NIFTY_50_SESSION
HINDZINC,daily,2003-04-28,2003-04-28,ABSENT_ON_OBSERVED_NIFTY_50_SESSION
HINDZINC,daily,2003-04-29,2003-04-29,ABSENT_ON_OBSERVED_NIFTY_50_SESSION
HINDZINC,daily,2003-04-30,2003-04-30,ABSENT_ON_OBSERVED_NIFTY_50_SESSION
HINDZINC,daily,2003-05-02,2003-05-02,ABSENT_ON_OBSERVED_NIFTY_50_SESSION
HINDZINC,daily,2003-05-05,2003-05-05,ABSENT_ON_OBSERVED_NIFTY_50_SESSION
HINDZINC,daily,2003-05-06,2003-05-06,ABSENT_ON_OBSERVED_NIFTY_50_SESSION
HINDZINC,daily,2003-05-07,2003-05-07,ABSENT_ON_OBSERVED_NIFTY_50_SESSION
HINDZINC,daily,2003-05-08,2003-05-08,ABSENT_ON_OBSERVED_NIFTY_50_SESSION
HINDZINC,daily,2003-05-09,2003-05-09,ABSENT_ON_OBSERVED_NIFTY_50_SESSION
HINDZINC,daily,2003-05-12,2003-05-12,ABSENT_ON_OBSERVED_NIFTY_50_SESSION
HINDZINC,daily,2003-05-13,2003-05-13,ABSENT_ON_OBSERVED_NIFTY_50_SESSION
HINDZINC,daily,2003-05-14,2003-05-14,ABSENT_ON_OBSERVED_NIFTY_50_SESSION
HINDZINC,daily,2003-05-15,2003-05-15,ABSENT_ON_OBSERVED_NIFTY_50_SESSION
HINDZINC,daily,2003-05-16,2003-05-16,ABSENT_ON_OBSERVED_NIFTY_50_SESSION
HINDZINC,daily,2003-05-19,2003-05-19,ABSENT_ON_OBSERVED_NIFTY_50_SESSION
HINDZINC,daily,2003-05-20,2003-05-20,ABSENT_ON_OBSERVED_NIFTY_50_SESSION
HINDZINC,daily,2003-05-21,2003-05-21,ABSENT_ON_OBSERVED_NIFTY_50_SESSION
HINDZINC,daily,2003-05-22,2003-05-22,ABSENT_ON_OBSERVED_NIFTY_50_SESSION
HINDZINC,daily,2003-05-23,2003-05-23,ABSENT_ON_OBSERVED_NIFTY_50_SESSION
HINDZINC,daily,2003-05-26,2003-05-26,ABSENT_ON_OBSERVED_NIFTY_50_SESSION
HINDZINC,daily,2003-05-27,2003-05-27,ABSENT_ON_OBSERVED_NIFTY_50_SESSION
HINDZINC,daily,2003-05-28,2003-05-28,ABSENT_ON_OBSERVED_NIFTY_50_SESSION
HINDZINC,daily,2003-05-29,2003-05-29,ABSENT_ON_OBSERVED_NIFTY_50_SESSION
HINDZINC,daily,2003-05-30,2003-05-30,ABSENT_ON_OBSERVED_NIFTY_50_SESSION
HINDZINC,daily,2003-06-02,2003-06-02,ABSENT_ON_OBSERVED_NIFTY_50_SESSION
HINDZINC,daily,2003-06-03,2003-06-03,ABSENT_ON_OBSERVED_NIFTY_50_SESSION
HINDZINC,daily,2003-06-04,2003-06-04,ABSENT_ON_OBSERVED_NIFTY_50_SESSION
HINDZINC,daily,2003-06-05,2003-06-05,ABSENT_ON_OBSERVED_NIFTY_50_SESSION
HINDZINC,daily,2003-06-06,2003-06-06,ABSENT_ON_OBSERVED_NIFTY_50_SESSION
HINDZINC,daily,2003-06-09,2003-06-09,ABSENT_ON_OBSERVED_NIFTY_50_SESSION
HINDZINC,daily,2003-06-10,2003-06-10,ABSENT_ON_OBSERVED_NIFTY_50_SESSION
HINDZINC,daily,2003-06-11,2003-06-11,ABSENT_ON_OBSERVED_NIFTY_50_SESSION
HINDZINC,daily,2003-06-12,2003-06-12,ABSENT_ON_OBSERVED_NIFTY_50_SESSION
HINDZINC,daily,2003-06-13,2003-06-13,ABSENT_ON_OBSERVED_NIFTY_50_SESSION
HINDZINC,daily,2003-06-16,2003-06-16,ABSENT_ON_OBSERVED_NIFTY_50_SESSION
HINDZINC,daily,2003-06-17,2003-06-17,ABSENT_ON_OBSERVED_NIFTY_50_SESSION
HINDZINC,daily,2003-06-18,2003-06-18,ABSENT_ON_OBSERVED_NIFTY_50_SESSION
HINDZINC,daily,2003-06-19,2003-06-19,ABSENT_ON_OBSERVED_NIFTY_50_SESSION
HINDZINC,daily,2003-06-20,2003-06-20,ABSENT_ON_OBSERVED_NIFTY_50_SESSION
HINDZINC,daily,2003-06-23,2003-06-23,ABSENT_ON_OBSERVED_NIFTY_50_SESSION
HINDZINC,daily,2003-06-24,2003-06-24,ABSENT_ON_OBSERVED_NIFTY_50_SESSION
HINDZINC,daily,2003-06-25,2003-06-25,ABSENT_ON_OBSERVED_NIFTY_50_SESSION
HINDZINC,daily,2003-06-26,2003-06-26,ABSENT_ON_OBSERVED_NIFTY_50_SESSION
HINDZINC,daily,2003-06-27,2003-06-27,ABSENT_ON_OBSERVED_NIFTY_50_SESSION
HINDZINC,daily,2003-06-30,2003-06-30,ABSENT_ON_OBSERVED_NIFTY_50_SESSION
HINDZINC,daily,2003-07-01,2003-07-01,ABSENT_ON_OBSERVED_NIFTY_50_SESSION
HINDZINC,daily,2003-07-02,2003-07-02,ABSENT_ON_OBSERVED_NIFTY_50_SESSION
HINDZINC,daily,2003-07-03,2003-07-03,ABSENT_ON_OBSERVED_NIFTY_50_SESSION
HINDZINC,daily,2003-07-04,2003-07-04,ABSENT_ON_OBSERVED_NIFTY_50_SESSION
HINDZINC,daily,2003-07-07,2003-07-07,ABSENT_ON_OBSERVED_NIFTY_50_SESSION
HINDZINC,daily,2003-07-08,2003-07-08,ABSENT_ON_OBSERVED_NIFTY_50_SESSION
HINDZINC,daily,2003-07-09,2003-07-09,ABSENT_ON_OBSERVED_NIFTY_50_SESSION
HINDZINC,daily,2003-07-10,2003-07-10,ABSENT_ON_OBSERVED_NIFTY_50_SESSION
HINDZINC,daily,2003-07-11,2003-07-11,ABSENT_ON_OBSERVED_NIFTY_50_SESSION
HINDZINC,daily,2003-07-14,2003-07-14,ABSENT_ON_OBSERVED_NIFTY_50_SESSION
HINDZINC,daily,2003-07-15,2003-07-15,ABSENT_ON_OBSERVED_NIFTY_50_SESSION
HINDZINC,daily,2003-07-16,2003-07-16,ABSENT_ON_OBSERVED_NIFTY_50_SESSION
HINDZINC,daily,2003-07-17,2003-07-17,ABSENT_ON_OBSERVED_NIFTY_50_SESSION
HINDZINC,daily,2003-07-18,2003-07-18,ABSENT_ON_OBSERVED_NIFTY_50_SESSION
HINDZINC,daily,2003-07-21,2003-07-21,ABSENT_ON_OBSERVED_NIFTY_50_SESSION
HINDZINC,daily,2003-07-22,2003-07-22,ABSENT_ON_OBSERVED_NIFTY_50_SESSION
HINDZINC,daily,2003-07-23,2003-07-23,ABSENT_ON_OBSERVED_NIFTY_50_SESSION
HINDZINC,daily,2003-07-24,2003-07-24,ABSENT_ON_OBSERVED_NIFTY_50_SESSION
HINDZINC,daily,2003-07-25,2003-07-25,ABSENT_ON_OBSERVED_NIFTY_50_SESSION
HINDZINC,daily,2003-07-28,2003-07-28,ABSENT_ON_OBSERVED_NIFTY_50_SESSION
HINDZINC,daily,2003-07-29,2003-07-29,ABSENT_ON_OBSERVED_NIFTY_50_SESSION
HINDZINC,daily,2003-07-30,2003-07-30,ABSENT_ON_OBSERVED_NIFTY_50_SESSION
HINDZINC,daily,2003-07-31,2003-07-31,ABSENT_ON_OBSERVED_NIFTY_50_SESSION
HINDZINC,daily,2003-08-01,2003-08-01,ABSENT_ON_OBSERVED_NIFTY_50_SESSION
HINDZINC,daily,2003-08-04,2003-08-04,ABSENT_ON_OBSERVED_NIFTY_50_SESSION
HINDZINC,daily,2003-08-05,2003-08-05,ABSENT_ON_OBSERVED_NIFTY_50_SESSION
HINDZINC,daily,2003-08-06,2003-08-06,ABSENT_ON_OBSERVED_NIFTY_50_SESSION
HINDZINC,daily,2003-08-07,2003-08-07,ABSENT_ON_OBSERVED_NIFTY_50_SESSION
HINDZINC,daily,2003-08-08,2003-08-08,ABSENT_ON_OBSERVED_NIFTY_50_SESSION
HINDZINC,daily,2003-08-11,2003-08-11,ABSENT_ON_OBSERVED_NIFTY_50_SESSION
HINDZINC,daily,2003-08-12,2003-08-12,ABSENT_ON_OBSERVED_NIFTY_50_SESSION
HINDZINC,daily,2003-08-13,2003-08-13,ABSENT_ON_OBSERVED_NIFTY_50_SESSION
HINDZINC,daily,2003-08-14,2003-08-14,ABSENT_ON_OBSERVED_NIFTY_50_SESSION
HINDZINC,daily,2003-08-18,2003-08-18,ABSENT_ON_OBSERVED_NIFTY_50_SESSION
HINDZINC,daily,2003-08-19,2003-08-19,ABSENT_ON_OBSERVED_NIFTY_50_SESSION
HINDZINC,daily,2003-08-20,2003-08-20,ABSENT_ON_OBSERVED_NIFTY_50_SESSION
HINDZINC,daily,2003-08-21,2003-08-21,ABSENT_ON_OBSERVED_NIFTY_50_SESSION
HINDZINC,daily,2003-08-22,2003-08-22,ABSENT_ON_OBSERVED_NIFTY_50_SESSION
HINDZINC,daily,2003-08-25,2003-08-25,ABSENT_ON_OBSERVED_NIFTY_50_SESSION
HINDZINC,daily,2003-08-26,2003-08-26,ABSENT_ON_OBSERVED_NIFTY_50_SESSION
HINDZINC,daily,2003-08-27,2003-08-27,ABSENT_ON_OBSERVED_NIFTY_50_SESSION
HINDZINC,daily,2003-08-28,2003-08-28,ABSENT_ON_OBSERVED_NIFTY_50_SESSION
HINDZINC,daily,2003-08-29,2003-08-29,ABSENT_ON_OBSERVED_NIFTY_50_SESSION
HINDZINC,daily,2003-09-01,2003-09-01,ABSENT_ON_OBSERVED_NIFTY_50_SESSION
HINDZINC,daily,2003-09-02,2003-09-02,ABSENT_ON_OBSERVED_NIFTY_50_SESSION
HINDZINC,daily,2003-09-03,2003-09-03,ABSENT_ON_OBSERVED_NIFTY_50_SESSION
HINDZINC,daily,2003-09-04,2003-09-04,ABSENT_ON_OBSERVED_NIFTY_50_SESSION
HINDZINC,daily,2003-09-05,2003-09-05,ABSENT_ON_OBSERVED_NIFTY_50_SESSION
HINDZINC,daily,2003-09-08,2003-09-08,ABSENT_ON_OBSERVED_NIFTY_50_SESSION
HINDZINC,daily,2003-09-09,2003-09-09,ABSENT_ON_OBSERVED_NIFTY_50_SESSION
HINDZINC,daily,2003-09-10,2003-09-10,ABSENT_ON_OBSERVED_NIFTY_50_SESSION
HINDZINC,daily,2003-09-11,2003-09-11,ABSENT_ON_OBSERVED_NIFTY_50_SESSION
HINDZINC,daily,2003-09-12,2003-09-12,ABSENT_ON_OBSERVED_NIFTY_50_SESSION
HINDZINC,daily,2003-09-15,2003-09-15,ABSENT_ON_OBSERVED_NIFTY_50_SESSION
HINDZINC,daily,2003-09-16,2003-09-16,ABSENT_ON_OBSERVED_NIFTY_50_SESSION
HINDZINC,daily,2003-09-17,2003-09-17,ABSENT_ON_OBSERVED_NIFTY_50_SESSION
HINDZINC,daily,2003-09-18,2003-09-18,ABSENT_ON_OBSERVED_NIFTY_50_SESSION
HINDZINC,daily,2003-09-19,2003-09-19,ABSENT_ON_OBSERVED_NIFTY_50_SESSION
HINDZINC,daily,2003-09-22,2003-09-22,ABSENT_ON_OBSERVED_NIFTY_50_SESSION
HINDZINC,daily,2003-09-23,2003-09-23,ABSENT_ON_OBSERVED_NIFTY_50_SESSION
HINDZINC,daily,2003-09-24,2003-09-24,ABSENT_ON_OBSERVED_NIFTY_50_SESSION
HINDZINC,daily,2003-09-25,2003-09-25,ABSENT_ON_OBSERVED_NIFTY_50_SESSION
HINDZINC,daily,2003-09-26,2003-09-26,ABSENT_ON_OBSERVED_NIFTY_50_SESSION
HINDZINC,daily,2003-09-29,2003-09-29,ABSENT_ON_OBSERVED_NIFTY_50_SESSION
HINDZINC,daily,2003-09-30,2003-09-30,ABSENT_ON_OBSERVED_NIFTY_50_SESSION
HINDZINC,daily,2003-10-01,2003-10-01,ABSENT_ON_OBSERVED_NIFTY_50_SESSION
HINDZINC,daily,2003-10-03,2003-10-03,ABSENT_ON_OBSERVED_NIFTY_50_SESSION
HINDZINC,daily,2003-10-06,2003-10-06,ABSENT_ON_OBSERVED_NIFTY_50_SESSION
HINDZINC,daily,2003-10-07,2003-10-07,ABSENT_ON_OBSERVED_NIFTY_50_SESSION
HINDZINC,daily,2003-10-08,2003-10-08,ABSENT_ON_OBSERVED_NIFTY_50_SESSION
HINDZINC,daily,2003-10-09,2003-10-09,ABSENT_ON_OBSERVED_NIFTY_50_SESSION
HINDZINC,daily,2003-10-10,2003-10-10,ABSENT_ON_OBSERVED_NIFTY_50_SESSION
HINDZINC,daily,2003-10-13,2003-10-13,ABSENT_ON_OBSERVED_NIFTY_50_SESSION
HINDZINC,daily,2003-10-14,2003-10-14,ABSENT_ON_OBSERVED_NIFTY_50_SESSION
HINDZINC,daily,2003-10-15,2003-10-15,ABSENT_ON_OBSERVED_NIFTY_50_SESSION
HINDZINC,daily,2003-10-16,2003-10-16,ABSENT_ON_OBSERVED_NIFTY_50_SESSION
HINDZINC,daily,2003-10-17,2003-10-17,ABSENT_ON_OBSERVED_NIFTY_50_SESSION
HINDZINC,daily,2003-10-20,2003-10-20,ABSENT_ON_OBSERVED_NIFTY_50_SESSION
HINDZINC,daily,2003-10-21,2003-10-21,ABSENT_ON_OBSERVED_NIFTY_50_SESSION
HINDZINC,daily,2003-10-22,2003-10-22,ABSENT_ON_OBSERVED_NIFTY_50_SESSION
HINDZINC,daily,2003-10-23,2003-10-23,ABSENT_ON_OBSERVED_NIFTY_50_SESSION
HINDZINC,daily,2003-10-24,2003-10-24,ABSENT_ON_OBSERVED_NIFTY_50_SESSION
HINDZINC,daily,2003-10-25,2003-10-25,ABSENT_ON_OBSERVED_NIFTY_50_SESSION
HINDZINC,daily,2003-10-27,2003-10-27,ABSENT_ON_OBSERVED_NIFTY_50_SESSION
HINDZINC,daily,2003-10-28,2003-10-28,ABSENT_ON_OBSERVED_NIFTY_50_SESSION
HINDZINC,daily,2003-10-29,2003-10-29,ABSENT_ON_OBSERVED_NIFTY_50_SESSION
HINDZINC,daily,2003-10-30,2003-10-30,ABSENT_ON_OBSERVED_NIFTY_50_SESSION
HINDZINC,daily,2003-10-31,2003-10-31,ABSENT_ON_OBSERVED_NIFTY_50_SESSION
HINDZINC,daily,2003-11-03,2003-11-03,ABSENT_ON_OBSERVED_NIFTY_50_SESSION
HINDZINC,daily,2003-11-04,2003-11-04,ABSENT_ON_OBSERVED_NIFTY_50_SESSION
HINDZINC,daily,2003-11-05,2003-11-05,ABSENT_ON_OBSERVED_NIFTY_50_SESSION
HINDZINC,daily,2003-11-06,2003-11-06,ABSENT_ON_OBSERVED_NIFTY_50_SESSION
HINDZINC,daily,2003-11-07,2003-11-07,ABSENT_ON_OBSERVED_NIFTY_50_SESSION
HINDZINC,daily,2003-11-10,2003-11-10,ABSENT_ON_OBSERVED_NIFTY_50_SESSION
HINDZINC,daily,2003-11-11,2003-11-11,ABSENT_ON_OBSERVED_NIFTY_50_SESSION
HINDZINC,daily,2003-11-12,2003-11-12,ABSENT_ON_OBSERVED_NIFTY_50_SESSION
HINDZINC,daily,2003-11-13,2003-11-13,ABSENT_ON_OBSERVED_NIFTY_50_SESSION
HINDZINC,daily,2003-11-14,2003-11-14,ABSENT_ON_OBSERVED_NIFTY_50_SESSION
HINDZINC,daily,2003-11-15,2003-11-15,ABSENT_ON_OBSERVED_NIFTY_50_SESSION
HINDZINC,daily,2003-11-17,2003-11-17,ABSENT_ON_OBSERVED_NIFTY_50_SESSION
HINDZINC,daily,2003-11-18,2003-11-18,ABSENT_ON_OBSERVED_NIFTY_50_SESSION
HINDZINC,daily,2003-11-19,2003-11-19,ABSENT_ON_OBSERVED_NIFTY_50_SESSION
HINDZINC,daily,2003-11-20,2003-11-20,ABSENT_ON_OBSERVED_NIFTY_50_SESSION
HINDZINC,daily,2003-11-21,2003-11-21,ABSENT_ON_OBSERVED_NIFTY_50_SESSION
HINDZINC,daily,2003-11-24,2003-11-24,ABSENT_ON_OBSERVED_NIFTY_50_SESSION
HINDZINC,daily,2003-11-25,2003-11-25,ABSENT_ON_OBSERVED_NIFTY_50_SESSION
HINDZINC,daily,2003-11-27,2003-11-27,ABSENT_ON_OBSERVED_NIFTY_50_SESSION
HINDZINC,daily,2003-11-28,2003-11-28,ABSENT_ON_OBSERVED_NIFTY_50_SESSION
HINDZINC,daily,2003-12-01,2003-12-01,ABSENT_ON_OBSERVED_NIFTY_50_SESSION
HINDZINC,daily,2003-12-02,2003-12-02,ABSENT_ON_OBSERVED_NIFTY_50_SESSION
HINDZINC,daily,2003-12-03,2003-12-03,ABSENT_ON_OBSERVED_NIFTY_50_SESSION
HINDZINC,daily,2003-12-04,2003-12-04,ABSENT_ON_OBSERVED_NIFTY_50_SESSION
HINDZINC,daily,2003-12-05,2003-12-05,ABSENT_ON_OBSERVED_NIFTY_50_SESSION
HINDZINC,daily,2003-12-08,2003-12-08,ABSENT_ON_OBSERVED_NIFTY_50_SESSION
HINDZINC,daily,2003-12-09,2003-12-09,ABSENT_ON_OBSERVED_NIFTY_50_SESSION
HINDZINC,daily,2003-12-10,2003-12-10,ABSENT_ON_OBSERVED_NIFTY_50_SESSION
HINDZINC,daily,2003-12-11,2003-12-11,ABSENT_ON_OBSERVED_NIFTY_50_SESSION
HINDZINC,daily,2003-12-12,2003-12-12,ABSENT_ON_OBSERVED_NIFTY_50_SESSION
HINDZINC,daily,2003-12-15,2003-12-15,ABSENT_ON_OBSERVED_NIFTY_50_SESSION
HINDZINC,daily,2003-12-16,2003-12-16,ABSENT_ON_OBSERVED_NIFTY_50_SESSION
HINDZINC,daily,2003-12-17,2003-12-17,ABSENT_ON_OBSERVED_NIFTY_50_SESSION
HINDZINC,daily,2003-12-18,2003-12-18,ABSENT_ON_OBSERVED_NIFTY_50_SESSION
HINDZINC,daily,2003-12-19,2003-12-19,ABSENT_ON_OBSERVED_NIFTY_50_SESSION
HINDZINC,daily,2003-12-22,2003-12-22,ABSENT_ON_OBSERVED_NIFTY_50_SESSION
HINDZINC,daily,2003-12-23,2003-12-23,ABSENT_ON_OBSERVED_NIFTY_50_SESSION
HINDZINC,daily,2003-12-24,2003-12-24,ABSENT_ON_OBSERVED_NIFTY_50_SESSION
HINDZINC,daily,2003-12-26,2003-12-26,ABSENT_ON_OBSERVED_NIFTY_50_SESSION
HINDZINC,daily,2003-12-29,2003-12-29,ABSENT_ON_OBSERVED_NIFTY_50_SESSION
HINDZINC,daily,2003-12-30,2003-12-30,ABSENT_ON_OBSERVED_NIFTY_50_SESSION
HINDZINC,daily,2003-12-31,2003-12-31,ABSENT_ON_OBSERVED_NIFTY_50_SESSION
HINDZINC,daily,2004-01-01,2004-01-01,ABSENT_ON_OBSERVED_NIFTY_50_SESSION
HINDZINC,daily,2004-01-02,2004-01-02,ABSENT_ON_OBSERVED_NIFTY_50_SESSION
HINDZINC,daily,2004-01-05,2004-01-05,ABSENT_ON_OBSERVED_NIFTY_50_SESSION
HINDZINC,daily,2004-01-06,2004-01-06,ABSENT_ON_OBSERVED_NIFTY_50_SESSION
HINDZINC,daily,2004-01-07,2004-01-07,ABSENT_ON_OBSERVED_NIFTY_50_SESSION
HINDZINC,daily,2004-01-08,2004-01-08,ABSENT_ON_OBSERVED_NIFTY_50_SESSION
HINDZINC,daily,2004-01-09,2004-01-09,ABSENT_ON_OBSERVED_NIFTY_50_SESSION
HINDZINC,daily,2004-01-12,2004-01-12,ABSENT_ON_OBSERVED_NIFTY_50_SESSION
HINDZINC,daily,2004-01-13,2004-01-13,ABSENT_ON_OBSERVED_NIFTY_50_SESSION
HINDZINC,daily,2004-01-14,2004-01-14,ABSENT_ON_OBSERVED_NIFTY_50_SESSION
HINDZINC,daily,2004-01-15,2004-01-15,ABSENT_ON_OBSERVED_NIFTY_50_SESSION
HINDZINC,daily,2004-01-16,2004-01-16,ABSENT_ON_OBSERVED_NIFTY_50_SESSION
HINDZINC,daily,2004-01-19,2004-01-19,ABSENT_ON_OBSERVED_NIFTY_50_SESSION
HINDZINC,daily,2004-01-20,2004-01-20,ABSENT_ON_OBSERVED_NIFTY_50_SESSION
HINDZINC,daily,2004-01-21,2004-01-21,ABSENT_ON_OBSERVED_NIFTY_50_SESSION
HINDZINC,daily,2004-01-22,2004-01-22,ABSENT_ON_OBSERVED_NIFTY_50_SESSION
HINDZINC,daily,2004-01-23,2004-01-23,ABSENT_ON_OBSERVED_NIFTY_50_SESSION
HINDZINC,daily,2004-01-27,2004-01-27,ABSENT_ON_OBSERVED_NIFTY_50_SESSION
HINDZINC,daily,2004-01-28,2004-01-28,ABSENT_ON_OBSERVED_NIFTY_50_SESSION
HINDZINC,daily,2004-01-29,2004-01-29,ABSENT_ON_OBSERVED_NIFTY_50_SESSION
HINDZINC,daily,2004-01-30,2004-01-30,ABSENT_ON_OBSERVED_NIFTY_50_SESSION
HINDZINC,daily,2004-02-03,2004-02-03,ABSENT_ON_OBSERVED_NIFTY_50_SESSION
HINDZINC,daily,2004-02-04,2004-02-04,ABSENT_ON_OBSERVED_NIFTY_50_SESSION
HINDZINC,daily,2004-02-05,2004-02-05,ABSENT_ON_OBSERVED_NIFTY_50_SESSION
HINDZINC,daily,2004-02-06,2004-02-06,ABSENT_ON_OBSERVED_NIFTY_50_SESSION
HINDZINC,daily,2004-02-09,2004-02-09,ABSENT_ON_OBSERVED_NIFTY_50_SESSION
HINDZINC,daily,2004-02-10,2004-02-10,ABSENT_ON_OBSERVED_NIFTY_50_SESSION
HINDZINC,daily,2004-02-11,2004-02-11,ABSENT_ON_OBSERVED_NIFTY_50_SESSION
HINDZINC,daily,2004-02-12,2004-02-12,ABSENT_ON_OBSERVED_NIFTY_50_SESSION
HINDZINC,daily,2004-02-13,2004-02-13,ABSENT_ON_OBSERVED_NIFTY_50_SESSION
HINDZINC,daily,2004-02-16,2004-02-16,ABSENT_ON_OBSERVED_NIFTY_50_SESSION
HINDZINC,daily,2004-02-17,2004-02-17,ABSENT_ON_OBSERVED_NIFTY_50_SESSION
HINDZINC,daily,2004-02-18,2004-02-18,ABSENT_ON_OBSERVED_NIFTY_50_SESSION
HINDZINC,daily,2004-02-19,2004-02-19,ABSENT_ON_OBSERVED_NIFTY_50_SESSION
HINDZINC,daily,2004-02-20,2004-02-20,ABSENT_ON_OBSERVED_NIFTY_50_SESSION
HINDZINC,daily,2004-02-23,2004-02-23,ABSENT_ON_OBSERVED_NIFTY_50_SESSION
HINDZINC,daily,2004-02-24,2004-02-24,ABSENT_ON_OBSERVED_NIFTY_50_SESSION
HINDZINC,daily,2004-02-25,2004-02-25,ABSENT_ON_OBSERVED_NIFTY_50_SESSION
HINDZINC,daily,2004-02-26,2004-02-26,ABSENT_ON_OBSERVED_NIFTY_50_SESSION
HINDZINC,daily,2004-02-27,2004-02-27,ABSENT_ON_OBSERVED_NIFTY_50_SESSION
HINDZINC,daily,2004-03-01,2004-03-01,ABSENT_ON_OBSERVED_NIFTY_50_SESSION
HINDZINC,daily,2004-03-03,2004-03-03,ABSENT_ON_OBSERVED_NIFTY_50_SESSION
HINDZINC,daily,2004-03-04,2004-03-04,ABSENT_ON_OBSERVED_NIFTY_50_SESSION
HINDZINC,daily,2004-03-05,2004-03-05,ABSENT_ON_OBSERVED_NIFTY_50_SESSION
HINDZINC,daily,2004-03-08,2004-03-08,ABSENT_ON_OBSERVED_NIFTY_50_SESSION
HINDZINC,daily,2004-03-09,2004-03-09,ABSENT_ON_OBSERVED_NIFTY_50_SESSION
HINDZINC,daily,2004-03-10,2004-03-10,ABSENT_ON_OBSERVED_NIFTY_50_SESSION
HINDZINC,daily,2004-03-11,2004-03-11,ABSENT_ON_OBSERVED_NIFTY_50_SESSION
HINDZINC,daily,2004-03-12,2004-03-12,ABSENT_ON_OBSERVED_NIFTY_50_SESSION
HINDZINC,daily,2004-03-15,2004-03-15,ABSENT_ON_OBSERVED_NIFTY_50_SESSION
HINDZINC,daily,2004-03-16,2004-03-16,ABSENT_ON_OBSERVED_NIFTY_50_SESSION
HINDZINC,daily,2004-03-17,2004-03-17,ABSENT_ON_OBSERVED_NIFTY_50_SESSION
HINDZINC,daily,2004-03-18,2004-03-18,ABSENT_ON_OBSERVED_NIFTY_50_SESSION
HINDZINC,daily,2004-03-19,2004-03-19,ABSENT_ON_OBSERVED_NIFTY_50_SESSION
HINDZINC,daily,2004-03-22,2004-03-22,ABSENT_ON_OBSERVED_NIFTY_50_SESSION
HINDZINC,daily,2004-03-23,2004-03-23,ABSENT_ON_OBSERVED_NIFTY_50_SESSION
HINDZINC,daily,2004-03-24,2004-03-24,ABSENT_ON_OBSERVED_NIFTY_50_SESSION
HINDZINC,daily,2004-03-25,2004-03-25,ABSENT_ON_OBSERVED_NIFTY_50_SESSION
HINDZINC,daily,2004-03-26,2004-03-26,ABSENT_ON_OBSERVED_NIFTY_50_SESSION
HINDZINC,daily,2004-03-29,2004-03-29,ABSENT_ON_OBSERVED_NIFTY_50_SESSION
HINDZINC,daily,2004-03-30,2004-03-30,ABSENT_ON_OBSERVED_NIFTY_50_SESSION
HINDZINC,daily,2004-03-31,2004-03-31,ABSENT_ON_OBSERVED_NIFTY_50_SESSION
HINDZINC,daily,2004-04-01,2004-04-01,ABSENT_ON_OBSERVED_NIFTY_50_SESSION
HINDZINC,daily,2004-04-02,2004-04-02,ABSENT_ON_OBSERVED_NIFTY_50_SESSION
HINDZINC,daily,2004-04-05,2004-04-05,ABSENT_ON_OBSERVED_NIFTY_50_SESSION
HINDZINC,daily,2004-04-06,2004-04-06,ABSENT_ON_OBSERVED_NIFTY_50_SESSION
HINDZINC,daily,2004-04-07,2004-04-07,ABSENT_ON_OBSERVED_NIFTY_50_SESSION
HINDZINC,daily,2004-04-08,2004-04-08,ABSENT_ON_OBSERVED_NIFTY_50_SESSION
HINDZINC,daily,2004-04-12,2004-04-12,ABSENT_ON_OBSERVED_NIFTY_50_SESSION
HINDZINC,daily,2004-04-13,2004-04-13,ABSENT_ON_OBSERVED_NIFTY_50_SESSION
HINDZINC,daily,2004-04-15,2004-04-15,ABSENT_ON_OBSERVED_NIFTY_50_SESSION
HINDZINC,daily,2004-04-16,2004-04-16,ABSENT_ON_OBSERVED_NIFTY_50_SESSION
HINDZINC,daily,2004-04-17,2004-04-17,ABSENT_ON_OBSERVED_NIFTY_50_SESSION
HINDZINC,daily,2004-04-19,2004-04-19,ABSENT_ON_OBSERVED_NIFTY_50_SESSION
HINDZINC,daily,2004-04-20,2004-04-20,ABSENT_ON_OBSERVED_NIFTY_50_SESSION
HINDZINC,daily,2004-04-21,2004-04-21,ABSENT_ON_OBSERVED_NIFTY_50_SESSION
HINDZINC,daily,2004-04-22,2004-04-22,ABSENT_ON_OBSERVED_NIFTY_50_SESSION
HINDZINC,daily,2004-04-23,2004-04-23,ABSENT_ON_OBSERVED_NIFTY_50_SESSION
HINDZINC,daily,2004-04-27,2004-04-27,ABSENT_ON_OBSERVED_NIFTY_50_SESSION
HINDZINC,daily,2004-04-28,2004-04-28,ABSENT_ON_OBSERVED_NIFTY_50_SESSION
HINDZINC,daily,2004-04-29,2004-04-29,ABSENT_ON_OBSERVED_NIFTY_50_SESSION
HINDZINC,daily,2004-04-30,2004-04-30,ABSENT_ON_OBSERVED_NIFTY_50_SESSION
HINDZINC,daily,2004-05-03,2004-05-03,ABSENT_ON_OBSERVED_NIFTY_50_SESSION
HINDZINC,daily,2004-05-04,2004-05-04,ABSENT_ON_OBSERVED_NIFTY_50_SESSION
HINDZINC,daily,2004-05-05,2004-05-05,ABSENT_ON_OBSERVED_NIFTY_50_SESSION
HINDZINC,daily,2004-05-06,2004-05-06,ABSENT_ON_OBSERVED_NIFTY_50_SESSION
HINDZINC,daily,2004-05-07,2004-05-07,ABSENT_ON_OBSERVED_NIFTY_50_SESSION
HINDZINC,daily,2004-05-10,2004-05-10,ABSENT_ON_OBSERVED_NIFTY_50_SESSION
HINDZINC,daily,2004-05-11,2004-05-11,ABSENT_ON_OBSERVED_NIFTY_50_SESSION
HINDZINC,daily,2004-05-12,2004-05-12,ABSENT_ON_OBSERVED_NIFTY_50_SESSION
HINDZINC,daily,2004-05-13,2004-05-13,ABSENT_ON_OBSERVED_NIFTY_50_SESSION
HINDZINC,daily,2004-05-14,2004-05-14,ABSENT_ON_OBSERVED_NIFTY_50_SESSION
HINDZINC,daily,2004-05-17,2004-05-17,ABSENT_ON_OBSERVED_NIFTY_50_SESSION
HINDZINC,daily,2004-05-18,2004-05-18,ABSENT_ON_OBSERVED_NIFTY_50_SESSION
HINDZINC,daily,2004-05-19,2004-05-19,ABSENT_ON_OBSERVED_NIFTY_50_SESSION
HINDZINC,daily,2004-05-20,2004-05-20,ABSENT_ON_OBSERVED_NIFTY_50_SESSION
HINDZINC,daily,2004-05-21,2004-05-21,ABSENT_ON_OBSERVED_NIFTY_50_SESSION
HINDZINC,daily,2004-05-24,2004-05-24,ABSENT_ON_OBSERVED_NIFTY_50_SESSION
HINDZINC,daily,2004-05-25,2004-05-25,ABSENT_ON_OBSERVED_NIFTY_50_SESSION
HINDZINC,daily,2004-05-26,2004-05-26,ABSENT_ON_OBSERVED_NIFTY_50_SESSION
HINDZINC,daily,2004-05-27,2004-05-27,ABSENT_ON_OBSERVED_NIFTY_50_SESSION
HINDZINC,daily,2004-05-28,2004-05-28,ABSENT_ON_OBSERVED_NIFTY_50_SESSION
HINDZINC,daily,2004-05-31,2004-05-31,ABSENT_ON_OBSERVED_NIFTY_50_SESSION
HINDZINC,daily,2004-06-01,2004-06-01,ABSENT_ON_OBSERVED_NIFTY_50_SESSION
HINDZINC,daily,2004-06-02,2004-06-02,ABSENT_ON_OBSERVED_NIFTY_50_SESSION
HINDZINC,daily,2004-06-03,2004-06-03,ABSENT_ON_OBSERVED_NIFTY_50_SESSION
HINDZINC,daily,2004-06-04,2004-06-04,ABSENT_ON_OBSERVED_NIFTY_50_SESSION
HINDZINC,daily,2004-06-07,2004-06-07,ABSENT_ON_OBSERVED_NIFTY_50_SESSION
HINDZINC,daily,2004-06-08,2004-06-08,ABSENT_ON_OBSERVED_NIFTY_50_SESSION
HINDZINC,daily,2004-06-09,2004-06-09,ABSENT_ON_OBSERVED_NIFTY_50_SESSION
HINDZINC,daily,2004-06-10,2004-06-10,ABSENT_ON_OBSERVED_NIFTY_50_SESSION
HINDZINC,daily,2004-06-11,2004-06-11,ABSENT_ON_OBSERVED_NIFTY_50_SESSION
HINDZINC,daily,2004-06-14,2004-06-14,ABSENT_ON_OBSERVED_NIFTY_50_SESSION
HINDZINC,daily,2004-06-15,2004-06-15,ABSENT_ON_OBSERVED_NIFTY_50_SESSION
HINDZINC,daily,2004-06-16,2004-06-16,ABSENT_ON_OBSERVED_NIFTY_50_SESSION
HINDZINC,daily,2004-06-17,2004-06-17,ABSENT_ON_OBSERVED_NIFTY_50_SESSION
HINDZINC,daily,2004-06-18,2004-06-18,ABSENT_ON_OBSERVED_NIFTY_50_SESSION
HINDZINC,daily,2004-06-21,2004-06-21,ABSENT_ON_OBSERVED_NIFTY_50_SESSION
HINDZINC,daily,2004-06-22,2004-06-22,ABSENT_ON_OBSERVED_NIFTY_50_SESSION
HINDZINC,daily,2004-06-23,2004-06-23,ABSENT_ON_OBSERVED_NIFTY_50_SESSION
HINDZINC,daily,2004-06-24,2004-06-24,ABSENT_ON_OBSERVED_NIFTY_50_SESSION
HINDZINC,daily,2004-06-25,2004-06-25,ABSENT_ON_OBSERVED_NIFTY_50_SESSION
HINDZINC,daily,2004-06-28,2004-06-28,ABSENT_ON_OBSERVED_NIFTY_50_SESSION
HINDZINC,daily,2004-06-29,2004-06-29,ABSENT_ON_OBSERVED_NIFTY_50_SESSION
HINDZINC,daily,2004-06-30,2004-06-30,ABSENT_ON_OBSERVED_NIFTY_50_SESSION
HINDZINC,daily,2004-07-01,2004-07-01,ABSENT_ON_OBSERVED_NIFTY_50_SESSION
HINDZINC,daily,2004-07-02,2004-07-02,ABSENT_ON_OBSERVED_NIFTY_50_SESSION
HINDZINC,daily,2004-07-05,2004-07-05,ABSENT_ON_OBSERVED_NIFTY_50_SESSION
HINDZINC,daily,2004-07-06,2004-07-06,ABSENT_ON_OBSERVED_NIFTY_50_SESSION
HINDZINC,daily,2004-07-07,2004-07-07,ABSENT_ON_OBSERVED_NIFTY_50_SESSION
HINDZINC,daily,2004-07-08,2004-07-08,ABSENT_ON_OBSERVED_NIFTY_50_SESSION
HINDZINC,daily,2004-07-09,2004-07-09,ABSENT_ON_OBSERVED_NIFTY_50_SESSION
HINDZINC,daily,2004-07-12,2004-07-12,ABSENT_ON_OBSERVED_NIFTY_50_SESSION
HINDZINC,daily,2004-07-13,2004-07-13,ABSENT_ON_OBSERVED_NIFTY_50_SESSION
HINDZINC,daily,2004-07-14,2004-07-14,ABSENT_ON_OBSERVED_NIFTY_50_SESSION
HINDZINC,daily,2004-07-15,2004-07-15,ABSENT_ON_OBSERVED_NIFTY_50_SESSION
HINDZINC,daily,2004-07-16,2004-07-16,ABSENT_ON_OBSERVED_NIFTY_50_SESSION
HINDZINC,daily,2004-07-19,2004-07-19,ABSENT_ON_OBSERVED_NIFTY_50_SESSION
HINDZINC,daily,2004-07-20,2004-07-20,ABSENT_ON_OBSERVED_NIFTY_50_SESSION
HINDZINC,daily,2004-07-21,2004-07-21,ABSENT_ON_OBSERVED_NIFTY_50_SESSION
HINDZINC,daily,2004-07-22,2004-07-22,ABSENT_ON_OBSERVED_NIFTY_50_SESSION
HINDZINC,daily,2004-07-23,2004-07-23,ABSENT_ON_OBSERVED_NIFTY_50_SESSION
HINDZINC,daily,2004-07-26,2004-07-26,ABSENT_ON_OBSERVED_NIFTY_50_SESSION
HINDZINC,daily,2004-07-27,2004-07-27,ABSENT_ON_OBSERVED_NIFTY_50_SESSION
HINDZINC,daily,2004-07-28,2004-07-28,ABSENT_ON_OBSERVED_NIFTY_50_SESSION
HINDZINC,daily,2004-07-29,2004-07-29,ABSENT_ON_OBSERVED_NIFTY_50_SESSION
HINDZINC,daily,2004-07-30,2004-07-30,ABSENT_ON_OBSERVED_NIFTY_50_SESSION
HINDZINC,daily,2004-08-02,2004-08-02,ABSENT_ON_OBSERVED_NIFTY_50_SESSION
HINDZINC,daily,2004-08-03,2004-08-03,ABSENT_ON_OBSERVED_NIFTY_50_SESSION
HINDZINC,daily,2004-08-04,2004-08-04,ABSENT_ON_OBSERVED_NIFTY_50_SESSION
HINDZINC,daily,2004-08-05,2004-08-05,ABSENT_ON_OBSERVED_NIFTY_50_SESSION
HINDZINC,daily,2004-08-06,2004-08-06,ABSENT_ON_OBSERVED_NIFTY_50_SESSION
HINDZINC,daily,2004-08-09,2004-08-09,ABSENT_ON_OBSERVED_NIFTY_50_SESSION
HINDZINC,daily,2004-08-10,2004-08-10,ABSENT_ON_OBSERVED_NIFTY_50_SESSION
HINDZINC,daily,2004-08-11,2004-08-11,ABSENT_ON_OBSERVED_NIFTY_50_SESSION
HINDZINC,daily,2004-08-12,2004-08-12,ABSENT_ON_OBSERVED_NIFTY_50_SESSION
HINDZINC,daily,2004-08-13,2004-08-13,ABSENT_ON_OBSERVED_NIFTY_50_SESSION
HINDZINC,daily,2004-08-16,2004-08-16,ABSENT_ON_OBSERVED_NIFTY_50_SESSION
HINDZINC,daily,2004-08-17,2004-08-17,ABSENT_ON_OBSERVED_NIFTY_50_SESSION
HINDZINC,daily,2004-08-18,2004-08-18,ABSENT_ON_OBSERVED_NIFTY_50_SESSION
HINDZINC,daily,2004-08-19,2004-08-19,ABSENT_ON_OBSERVED_NIFTY_50_SESSION
HINDZINC,daily,2004-08-20,2004-08-20,ABSENT_ON_OBSERVED_NIFTY_50_SESSION
HINDZINC,daily,2004-08-23,2004-08-23,ABSENT_ON_OBSERVED_NIFTY_50_SESSION
HINDZINC,daily,2004-08-24,2004-08-24,ABSENT_ON_OBSERVED_NIFTY_50_SESSION
HINDZINC,daily,2004-08-25,2004-08-25,ABSENT_ON_OBSERVED_NIFTY_50_SESSION
HINDZINC,daily,2004-08-26,2004-08-26,ABSENT_ON_OBSERVED_NIFTY_50_SESSION
HINDZINC,daily,2004-08-27,2004-08-27,ABSENT_ON_OBSERVED_NIFTY_50_SESSION
HINDZINC,daily,2004-08-30,2004-08-30,ABSENT_ON_OBSERVED_NIFTY_50_SESSION
HINDZINC,daily,2004-08-31,2004-08-31,ABSENT_ON_OBSERVED_NIFTY_50_SESSION
HINDZINC,daily,2004-09-01,2004-09-01,ABSENT_ON_OBSERVED_NIFTY_50_SESSION
HINDZINC,daily,2004-09-02,2004-09-02,ABSENT_ON_OBSERVED_NIFTY_50_SESSION
HINDZINC,daily,2004-09-03,2004-09-03,ABSENT_ON_OBSERVED_NIFTY_50_SESSION
HINDZINC,daily,2004-09-06,2004-09-06,ABSENT_ON_OBSERVED_NIFTY_50_SESSION
HINDZINC,daily,2004-09-07,2004-09-07,ABSENT_ON_OBSERVED_NIFTY_50_SESSION
HINDZINC,daily,2004-09-08,2004-09-08,ABSENT_ON_OBSERVED_NIFTY_50_SESSION
HINDZINC,daily,2004-09-09,2004-09-09,ABSENT_ON_OBSERVED_NIFTY_50_SESSION
HINDZINC,daily,2004-09-10,2004-09-10,ABSENT_ON_OBSERVED_NIFTY_50_SESSION
HINDZINC,daily,2004-09-13,2004-09-13,ABSENT_ON_OBSERVED_NIFTY_50_SESSION
HINDZINC,daily,2004-09-14,2004-09-14,ABSENT_ON_OBSERVED_NIFTY_50_SESSION
HINDZINC,daily,2004-09-15,2004-09-15,ABSENT_ON_OBSERVED_NIFTY_50_SESSION
HINDZINC,daily,2004-09-16,2004-09-16,ABSENT_ON_OBSERVED_NIFTY_50_SESSION
HINDZINC,daily,2004-09-17,2004-09-17,ABSENT_ON_OBSERVED_NIFTY_50_SESSION
HINDZINC,daily,2004-09-20,2004-09-20,ABSENT_ON_OBSERVED_NIFTY_50_SESSION
HINDZINC,daily,2004-09-21,2004-09-21,ABSENT_ON_OBSERVED_NIFTY_50_SESSION
HINDZINC,daily,2004-09-22,2004-09-22,ABSENT_ON_OBSERVED_NIFTY_50_SESSION
HINDZINC,daily,2004-09-23,2004-09-23,ABSENT_ON_OBSERVED_NIFTY_50_SESSION
HINDZINC,daily,2004-09-24,2004-09-24,ABSENT_ON_OBSERVED_NIFTY_50_SESSION
HINDZINC,daily,2004-09-27,2004-09-27,ABSENT_ON_OBSERVED_NIFTY_50_SESSION
HINDZINC,daily,2004-09-28,2004-09-28,ABSENT_ON_OBSERVED_NIFTY_50_SESSION
HINDZINC,daily,2004-09-29,2004-09-29,ABSENT_ON_OBSERVED_NIFTY_50_SESSION
HINDZINC,daily,2004-09-30,2004-09-30,ABSENT_ON_OBSERVED_NIFTY_50_SESSION
HINDZINC,daily,2004-10-01,2004-10-01,ABSENT_ON_OBSERVED_NIFTY_50_SESSION
HINDZINC,daily,2004-10-04,2004-10-04,ABSENT_ON_OBSERVED_NIFTY_50_SESSION
HINDZINC,daily,2004-10-05,2004-10-05,ABSENT_ON_OBSERVED_NIFTY_50_SESSION
HINDZINC,daily,2004-10-06,2004-10-06,ABSENT_ON_OBSERVED_NIFTY_50_SESSION
HINDZINC,daily,2004-10-07,2004-10-07,ABSENT_ON_OBSERVED_NIFTY_50_SESSION
HINDZINC,daily,2004-10-08,2004-10-08,ABSENT_ON_OBSERVED_NIFTY_50_SESSION
HINDZINC,daily,2004-10-09,2004-10-09,ABSENT_ON_OBSERVED_NIFTY_50_SESSION
HINDZINC,daily,2004-10-11,2004-10-11,ABSENT_ON_OBSERVED_NIFTY_50_SESSION
HINDZINC,daily,2004-10-12,2004-10-12,ABSENT_ON_OBSERVED_NIFTY_50_SESSION
HINDZINC,daily,2004-10-14,2004-10-14,ABSENT_ON_OBSERVED_NIFTY_50_SESSION
HINDZINC,daily,2004-10-15,2004-10-15,ABSENT_ON_OBSERVED_NIFTY_50_SESSION
HINDZINC,daily,2004-10-18,2004-10-18,ABSENT_ON_OBSERVED_NIFTY_50_SESSION
HINDZINC,daily,2004-10-19,2004-10-19,ABSENT_ON_OBSERVED_NIFTY_50_SESSION
HINDZINC,daily,2004-10-20,2004-10-20,ABSENT_ON_OBSERVED_NIFTY_50_SESSION
HINDZINC,daily,2004-10-21,2004-10-21,ABSENT_ON_OBSERVED_NIFTY_50_SESSION
HINDZINC,daily,2004-10-25,2004-10-25,ABSENT_ON_OBSERVED_NIFTY_50_SESSION
HINDZINC,daily,2004-10-26,2004-10-26,ABSENT_ON_OBSERVED_NIFTY_50_SESSION
HINDZINC,daily,2004-10-27,2004-10-27,ABSENT_ON_OBSERVED_NIFTY_50_SESSION
HINDZINC,daily,2004-10-28,2004-10-28,ABSENT_ON_OBSERVED_NIFTY_50_SESSION
HINDZINC,daily,2004-10-29,2004-10-29,ABSENT_ON_OBSERVED_NIFTY_50_SESSION
HINDZINC,daily,2004-11-01,2004-11-01,ABSENT_ON_OBSERVED_NIFTY_50_SESSION
HINDZINC,daily,2004-11-02,2004-11-02,ABSENT_ON_OBSERVED_NIFTY_50_SESSION
HINDZINC,daily,2004-11-03,2004-11-03,ABSENT_ON_OBSERVED_NIFTY_50_SESSION
HINDZINC,daily,2004-11-04,2004-11-04,ABSENT_ON_OBSERVED_NIFTY_50_SESSION
HINDZINC,daily,2004-11-05,2004-11-05,ABSENT_ON_OBSERVED_NIFTY_50_SESSION
HINDZINC,daily,2004-11-08,2004-11-08,ABSENT_ON_OBSERVED_NIFTY_50_SESSION
HINDZINC,daily,2004-11-09,2004-11-09,ABSENT_ON_OBSERVED_NIFTY_50_SESSION
HINDZINC,daily,2004-11-10,2004-11-10,ABSENT_ON_OBSERVED_NIFTY_50_SESSION
HINDZINC,daily,2004-11-11,2004-11-11,ABSENT_ON_OBSERVED_NIFTY_50_SESSION
HINDZINC,daily,2004-11-12,2004-11-12,ABSENT_ON_OBSERVED_NIFTY_50_SESSION
HINDZINC,daily,2004-11-16,2004-11-16,ABSENT_ON_OBSERVED_NIFTY_50_SESSION
HINDZINC,daily,2004-11-17,2004-11-17,ABSENT_ON_OBSERVED_NIFTY_50_SESSION
HINDZINC,daily,2004-11-18,2004-11-18,ABSENT_ON_OBSERVED_NIFTY_50_SESSION
HINDZINC,daily,2004-11-19,2004-11-19,ABSENT_ON_OBSERVED_NIFTY_50_SESSION
HINDZINC,daily,2004-11-22,2004-11-22,ABSENT_ON_OBSERVED_NIFTY_50_SESSION
HINDZINC,daily,2004-11-23,2004-11-23,ABSENT_ON_OBSERVED_NIFTY_50_SESSION
HINDZINC,daily,2004-11-24,2004-11-24,ABSENT_ON_OBSERVED_NIFTY_50_SESSION
HINDZINC,daily,2004-11-25,2004-11-25,ABSENT_ON_OBSERVED_NIFTY_50_SESSION
HINDZINC,daily,2004-11-29,2004-11-29,ABSENT_ON_OBSERVED_NIFTY_50_SESSION
HINDZINC,daily,2004-11-30,2004-11-30,ABSENT_ON_OBSERVED_NIFTY_50_SESSION
HINDZINC,daily,2004-12-01,2004-12-01,ABSENT_ON_OBSERVED_NIFTY_50_SESSION
HINDZINC,daily,2004-12-02,2004-12-02,ABSENT_ON_OBSERVED_NIFTY_50_SESSION
HINDZINC,daily,2004-12-03,2004-12-03,ABSENT_ON_OBSERVED_NIFTY_50_SESSION
HINDZINC,daily,2004-12-06,2004-12-06,ABSENT_ON_OBSERVED_NIFTY_50_SESSION
HINDZINC,daily,2004-12-07,2004-12-07,ABSENT_ON_OBSERVED_NIFTY_50_SESSION
HINDZINC,daily,2004-12-08,2004-12-08,ABSENT_ON_OBSERVED_NIFTY_50_SESSION
HINDZINC,daily,2004-12-09,2004-12-09,ABSENT_ON_OBSERVED_NIFTY_50_SESSION
HINDZINC,daily,2004-12-10,2004-12-10,ABSENT_ON_OBSERVED_NIFTY_50_SESSION
HINDZINC,daily,2004-12-13,2004-12-13,ABSENT_ON_OBSERVED_NIFTY_50_SESSION
HINDZINC,daily,2004-12-14,2004-12-14,ABSENT_ON_OBSERVED_NIFTY_50_SESSION
HINDZINC,daily,2004-12-15,2004-12-15,ABSENT_ON_OBSERVED_NIFTY_50_SESSION
HINDZINC,daily,2004-12-16,2004-12-16,ABSENT_ON_OBSERVED_NIFTY_50_SESSION
HINDZINC,daily,2004-12-17,2004-12-17,ABSENT_ON_OBSERVED_NIFTY_50_SESSION
HINDZINC,daily,2004-12-20,2004-12-20,ABSENT_ON_OBSERVED_NIFTY_50_SESSION
HINDZINC,daily,2004-12-21,2004-12-21,ABSENT_ON_OBSERVED_NIFTY_50_SESSION
HINDZINC,daily,2004-12-22,2004-12-22,ABSENT_ON_OBSERVED_NIFTY_50_SESSION
HINDZINC,daily,2004-12-23,2004-12-23,ABSENT_ON_OBSERVED_NIFTY_50_SESSION
HINDZINC,daily,2004-12-24,2004-12-24,ABSENT_ON_OBSERVED_NIFTY_50_SESSION
HINDZINC,daily,2004-12-27,2004-12-27,ABSENT_ON_OBSERVED_NIFTY_50_SESSION
HINDZINC,daily,2004-12-28,2004-12-28,ABSENT_ON_OBSERVED_NIFTY_50_SESSION
HINDZINC,daily,2004-12-29,2004-12-29,ABSENT_ON_OBSERVED_NIFTY_50_SESSION
HINDZINC,daily,2004-12-30,2004-12-30,ABSENT_ON_OBSERVED_NIFTY_50_SESSION
HINDZINC,daily,2004-12-31,2004-12-31,ABSENT_ON_OBSERVED_NIFTY_50_SESSION
HINDZINC,daily,2005-01-03,2005-01-03,ABSENT_ON_OBSERVED_NIFTY_50_SESSION
HINDZINC,daily,2005-01-04,2005-01-04,ABSENT_ON_OBSERVED_NIFTY_50_SESSION
HINDZINC,daily,2005-01-05,2005-01-05,ABSENT_ON_OBSERVED_NIFTY_50_SESSION
HINDZINC,daily,2005-01-06,2005-01-06,ABSENT_ON_OBSERVED_NIFTY_50_SESSION
HINDZINC,daily,2005-01-07,2005-01-07,ABSENT_ON_OBSERVED_NIFTY_50_SESSION
HINDZINC,daily,2005-01-10,2005-01-10,ABSENT_ON_OBSERVED_NIFTY_50_SESSION
HINDZINC,daily,2005-01-11,2005-01-11,ABSENT_ON_OBSERVED_NIFTY_50_SESSION
HINDZINC,daily,2005-01-12,2005-01-12,ABSENT_ON_OBSERVED_NIFTY_50_SESSION
HINDZINC,daily,2005-01-13,2005-01-13,ABSENT_ON_OBSERVED_NIFTY_50_SESSION
HINDZINC,daily,2005-01-14,2005-01-14,ABSENT_ON_OBSERVED_NIFTY_50_SESSION
HINDZINC,daily,2005-01-17,2005-01-17,ABSENT_ON_OBSERVED_NIFTY_50_SESSION
HINDZINC,daily,2005-01-18,2005-01-18,ABSENT_ON_OBSERVED_NIFTY_50_SESSION
HINDZINC,daily,2005-01-19,2005-01-19,ABSENT_ON_OBSERVED_NIFTY_50_SESSION
HINDZINC,daily,2005-01-20,2005-01-20,ABSENT_ON_OBSERVED_NIFTY_50_SESSION
HINDZINC,daily,2005-01-24,2005-01-24,ABSENT_ON_OBSERVED_NIFTY_50_SESSION
HINDZINC,daily,2005-01-25,2005-01-25,ABSENT_ON_OBSERVED_NIFTY_50_SESSION
HINDZINC,daily,2005-01-27,2005-01-27,ABSENT_ON_OBSERVED_NIFTY_50_SESSION
HINDZINC,daily,2005-01-28,2005-01-28,ABSENT_ON_OBSERVED_NIFTY_50_SESSION
HINDZINC,daily,2005-01-31,2005-01-31,ABSENT_ON_OBSERVED_NIFTY_50_SESSION
HINDZINC,daily,2005-02-01,2005-02-01,ABSENT_ON_OBSERVED_NIFTY_50_SESSION
HINDZINC,daily,2005-02-02,2005-02-02,ABSENT_ON_OBSERVED_NIFTY_50_SESSION
HINDZINC,daily,2005-02-03,2005-02-03,ABSENT_ON_OBSERVED_NIFTY_50_SESSION
HINDZINC,daily,2005-02-04,2005-02-04,ABSENT_ON_OBSERVED_NIFTY_50_SESSION
HINDZINC,daily,2005-02-07,2005-02-07,ABSENT_ON_OBSERVED_NIFTY_50_SESSION
HINDZINC,daily,2005-02-08,2005-02-08,ABSENT_ON_OBSERVED_NIFTY_50_SESSION
HINDZINC,daily,2005-02-09,2005-02-09,ABSENT_ON_OBSERVED_NIFTY_50_SESSION
HINDZINC,daily,2005-02-10,2005-02-10,ABSENT_ON_OBSERVED_NIFTY_50_SESSION
HINDZINC,daily,2005-02-11,2005-02-11,ABSENT_ON_OBSERVED_NIFTY_50_SESSION
HINDZINC,daily,2005-02-14,2005-02-14,ABSENT_ON_OBSERVED_NIFTY_50_SESSION
HINDZINC,daily,2005-02-15,2005-02-15,ABSENT_ON_OBSERVED_NIFTY_50_SESSION
HINDZINC,daily,2005-02-16,2005-02-16,ABSENT_ON_OBSERVED_NIFTY_50_SESSION
HINDZINC,daily,2005-02-17,2005-02-17,ABSENT_ON_OBSERVED_NIFTY_50_SESSION
HINDZINC,daily,2005-02-18,2005-02-18,ABSENT_ON_OBSERVED_NIFTY_50_SESSION
HINDZINC,daily,2005-02-21,2005-02-21,ABSENT_ON_OBSERVED_NIFTY_50_SESSION
HINDZINC,daily,2005-02-22,2005-02-22,ABSENT_ON_OBSERVED_NIFTY_50_SESSION
HINDZINC,daily,2005-02-23,2005-02-23,ABSENT_ON_OBSERVED_NIFTY_50_SESSION
HINDZINC,daily,2005-02-24,2005-02-24,ABSENT_ON_OBSERVED_NIFTY_50_SESSION
HINDZINC,daily,2005-02-25,2005-02-25,ABSENT_ON_OBSERVED_NIFTY_50_SESSION
HINDZINC,daily,2005-02-28,2005-02-28,ABSENT_ON_OBSERVED_NIFTY_50_SESSION
HINDZINC,daily,2005-03-01,2005-03-01,ABSENT_ON_OBSERVED_NIFTY_50_SESSION
HINDZINC,daily,2005-03-02,2005-03-02,ABSENT_ON_OBSERVED_NIFTY_50_SESSION
HINDZINC,daily,2005-03-03,2005-03-03,ABSENT_ON_OBSERVED_NIFTY_50_SESSION
HINDZINC,daily,2005-03-04,2005-03-04,ABSENT_ON_OBSERVED_NIFTY_50_SESSION
HINDZINC,daily,2005-03-07,2005-03-07,ABSENT_ON_OBSERVED_NIFTY_50_SESSION
HINDZINC,daily,2005-03-08,2005-03-08,ABSENT_ON_OBSERVED_NIFTY_50_SESSION
HINDZINC,daily,2005-03-09,2005-03-09,ABSENT_ON_OBSERVED_NIFTY_50_SESSION
HINDZINC,daily,2005-03-10,2005-03-10,ABSENT_ON_OBSERVED_NIFTY_50_SESSION
HINDZINC,daily,2005-03-11,2005-03-11,ABSENT_ON_OBSERVED_NIFTY_50_SESSION
HINDZINC,daily,2005-03-14,2005-03-14,ABSENT_ON_OBSERVED_NIFTY_50_SESSION
HINDZINC,daily,2005-03-15,2005-03-15,ABSENT_ON_OBSERVED_NIFTY_50_SESSION
HINDZINC,daily,2005-03-16,2005-03-16,ABSENT_ON_OBSERVED_NIFTY_50_SESSION
HINDZINC,daily,2005-03-17,2005-03-17,ABSENT_ON_OBSERVED_NIFTY_50_SESSION
HINDZINC,daily,2005-03-18,2005-03-18,ABSENT_ON_OBSERVED_NIFTY_50_SESSION
HINDZINC,daily,2005-03-21,2005-03-21,ABSENT_ON_OBSERVED_NIFTY_50_SESSION
HINDZINC,daily,2005-03-22,2005-03-22,ABSENT_ON_OBSERVED_NIFTY_50_SESSION
HINDZINC,daily,2005-03-23,2005-03-23,ABSENT_ON_OBSERVED_NIFTY_50_SESSION
HINDZINC,daily,2005-03-24,2005-03-24,ABSENT_ON_OBSERVED_NIFTY_50_SESSION
HINDZINC,daily,2005-03-28,2005-03-28,ABSENT_ON_OBSERVED_NIFTY_50_SESSION
HINDZINC,daily,2005-03-29,2005-03-29,ABSENT_ON_OBSERVED_NIFTY_50_SESSION
HINDZINC,daily,2005-03-30,2005-03-30,ABSENT_ON_OBSERVED_NIFTY_50_SESSION
HINDZINC,daily,2005-03-31,2005-03-31,ABSENT_ON_OBSERVED_NIFTY_50_SESSION
HINDZINC,daily,2005-04-01,2005-04-01,ABSENT_ON_OBSERVED_NIFTY_50_SESSION
HINDZINC,daily,2005-04-04,2005-04-04,ABSENT_ON_OBSERVED_NIFTY_50_SESSION
HINDZINC,daily,2005-04-05,2005-04-05,ABSENT_ON_OBSERVED_NIFTY_50_SESSION
HINDZINC,daily,2005-04-06,2005-04-06,ABSENT_ON_OBSERVED_NIFTY_50_SESSION
HINDZINC,daily,2005-04-07,2005-04-07,ABSENT_ON_OBSERVED_NIFTY_50_SESSION
HINDZINC,daily,2005-04-08,2005-04-08,ABSENT_ON_OBSERVED_NIFTY_50_SESSION
HINDZINC,daily,2005-04-11,2005-04-11,ABSENT_ON_OBSERVED_NIFTY_50_SESSION
HINDZINC,daily,2005-04-12,2005-04-12,ABSENT_ON_OBSERVED_NIFTY_50_SESSION
HINDZINC,daily,2005-04-13,2005-04-13,ABSENT_ON_OBSERVED_NIFTY_50_SESSION
HINDZINC,daily,2005-04-15,2005-04-15,ABSENT_ON_OBSERVED_NIFTY_50_SESSION
HINDZINC,daily,2005-04-18,2005-04-18,ABSENT_ON_OBSERVED_NIFTY_50_SESSION
HINDZINC,daily,2005-04-19,2005-04-19,ABSENT_ON_OBSERVED_NIFTY_50_SESSION
HINDZINC,daily,2005-04-20,2005-04-20,ABSENT_ON_OBSERVED_NIFTY_50_SESSION
HINDZINC,daily,2005-04-21,2005-04-21,ABSENT_ON_OBSERVED_NIFTY_50_SESSION
HINDZINC,daily,2005-04-22,2005-04-22,ABSENT_ON_OBSERVED_NIFTY_50_SESSION
HINDZINC,daily,2005-04-25,2005-04-25,ABSENT_ON_OBSERVED_NIFTY_50_SESSION
HINDZINC,daily,2005-04-26,2005-04-26,ABSENT_ON_OBSERVED_NIFTY_50_SESSION
HINDZINC,daily,2005-04-27,2005-04-27,ABSENT_ON_OBSERVED_NIFTY_50_SESSION
HINDZINC,daily,2005-04-28,2005-04-28,ABSENT_ON_OBSERVED_NIFTY_50_SESSION
HINDZINC,daily,2005-04-29,2005-04-29,ABSENT_ON_OBSERVED_NIFTY_50_SESSION
HINDZINC,daily,2005-05-02,2005-05-02,ABSENT_ON_OBSERVED_NIFTY_50_SESSION
HINDZINC,daily,2005-05-03,2005-05-03,ABSENT_ON_OBSERVED_NIFTY_50_SESSION
HINDZINC,daily,2005-05-04,2005-05-04,ABSENT_ON_OBSERVED_NIFTY_50_SESSION
HINDZINC,daily,2005-05-05,2005-05-05,ABSENT_ON_OBSERVED_NIFTY_50_SESSION
HINDZINC,daily,2005-05-06,2005-05-06,ABSENT_ON_OBSERVED_NIFTY_50_SESSION
HINDZINC,daily,2005-05-09,2005-05-09,ABSENT_ON_OBSERVED_NIFTY_50_SESSION
HINDZINC,daily,2005-05-10,2005-05-10,ABSENT_ON_OBSERVED_NIFTY_50_SESSION
HINDZINC,daily,2005-05-11,2005-05-11,ABSENT_ON_OBSERVED_NIFTY_50_SESSION
HINDZINC,daily,2005-05-12,2005-05-12,ABSENT_ON_OBSERVED_NIFTY_50_SESSION
HINDZINC,daily,2005-05-13,2005-05-13,ABSENT_ON_OBSERVED_NIFTY_50_SESSION
HINDZINC,daily,2005-05-16,2005-05-16,ABSENT_ON_OBSERVED_NIFTY_50_SESSION
HINDZINC,daily,2005-05-17,2005-05-17,ABSENT_ON_OBSERVED_NIFTY_50_SESSION
HINDZINC,daily,2005-05-18,2005-05-18,ABSENT_ON_OBSERVED_NIFTY_50_SESSION
HINDZINC,daily,2005-05-19,2005-05-19,ABSENT_ON_OBSERVED_NIFTY_50_SESSION
HINDZINC,daily,2005-05-20,2005-05-20,ABSENT_ON_OBSERVED_NIFTY_50_SESSION
HINDZINC,daily,2005-05-23,2005-05-23,ABSENT_ON_OBSERVED_NIFTY_50_SESSION
HINDZINC,daily,2005-05-24,2005-05-24,ABSENT_ON_OBSERVED_NIFTY_50_SESSION
HINDZINC,daily,2005-05-25,2005-05-25,ABSENT_ON_OBSERVED_NIFTY_50_SESSION
HINDZINC,daily,2005-05-26,2005-05-26,ABSENT_ON_OBSERVED_NIFTY_50_SESSION
HINDZINC,daily,2005-05-27,2005-05-27,ABSENT_ON_OBSERVED_NIFTY_50_SESSION
HINDZINC,daily,2005-05-30,2005-05-30,ABSENT_ON_OBSERVED_NIFTY_50_SESSION
HINDZINC,daily,2005-05-31,2005-05-31,ABSENT_ON_OBSERVED_NIFTY_50_SESSION
HINDZINC,daily,2005-06-01,2005-06-01,ABSENT_ON_OBSERVED_NIFTY_50_SESSION
HINDZINC,daily,2005-06-02,2005-06-02,ABSENT_ON_OBSERVED_NIFTY_50_SESSION
HINDZINC,daily,2005-06-03,2005-06-03,ABSENT_ON_OBSERVED_NIFTY_50_SESSION
HINDZINC,daily,2005-06-04,2005-06-04,ABSENT_ON_OBSERVED_NIFTY_50_SESSION
HINDZINC,daily,2005-06-06,2005-06-06,ABSENT_ON_OBSERVED_NIFTY_50_SESSION
HINDZINC,daily,2005-06-07,2005-06-07,ABSENT_ON_OBSERVED_NIFTY_50_SESSION
HINDZINC,daily,2005-06-08,2005-06-08,ABSENT_ON_OBSERVED_NIFTY_50_SESSION
HINDZINC,daily,2005-06-09,2005-06-09,ABSENT_ON_OBSERVED_NIFTY_50_SESSION
HINDZINC,daily,2005-06-10,2005-06-10,ABSENT_ON_OBSERVED_NIFTY_50_SESSION
HINDZINC,daily,2005-06-13,2005-06-13,ABSENT_ON_OBSERVED_NIFTY_50_SESSION
HINDZINC,daily,2005-06-14,2005-06-14,ABSENT_ON_OBSERVED_NIFTY_50_SESSION
HINDZINC,daily,2005-06-15,2005-06-15,ABSENT_ON_OBSERVED_NIFTY_50_SESSION
HINDZINC,daily,2005-06-16,2005-06-16,ABSENT_ON_OBSERVED_NIFTY_50_SESSION
HINDZINC,daily,2005-06-17,2005-06-17,ABSENT_ON_OBSERVED_NIFTY_50_SESSION
HINDZINC,daily,2005-06-20,2005-06-20,ABSENT_ON_OBSERVED_NIFTY_50_SESSION
HINDZINC,daily,2005-06-21,2005-06-21,ABSENT_ON_OBSERVED_NIFTY_50_SESSION
HINDZINC,daily,2005-06-22,2005-06-22,ABSENT_ON_OBSERVED_NIFTY_50_SESSION
HINDZINC,daily,2005-06-23,2005-06-23,ABSENT_ON_OBSERVED_NIFTY_50_SESSION
HINDZINC,daily,2005-06-24,2005-06-24,ABSENT_ON_OBSERVED_NIFTY_50_SESSION
HINDZINC,daily,2005-06-27,2005-06-27,ABSENT_ON_OBSERVED_NIFTY_50_SESSION
HINDZINC,daily,2005-06-28,2005-06-28,ABSENT_ON_OBSERVED_NIFTY_50_SESSION
HINDZINC,daily,2005-06-29,2005-06-29,ABSENT_ON_OBSERVED_NIFTY_50_SESSION
HINDZINC,daily,2005-06-30,2005-06-30,ABSENT_ON_OBSERVED_NIFTY_50_SESSION
HINDZINC,daily,2005-07-01,2005-07-01,ABSENT_ON_OBSERVED_NIFTY_50_SESSION
HINDZINC,daily,2005-07-04,2005-07-04,ABSENT_ON_OBSERVED_NIFTY_50_SESSION
HINDZINC,daily,2005-07-05,2005-07-05,ABSENT_ON_OBSERVED_NIFTY_50_SESSION
HINDZINC,daily,2005-07-06,2005-07-06,ABSENT_ON_OBSERVED_NIFTY_50_SESSION
HINDZINC,daily,2005-07-07,2005-07-07,ABSENT_ON_OBSERVED_NIFTY_50_SESSION
HINDZINC,daily,2005-07-08,2005-07-08,ABSENT_ON_OBSERVED_NIFTY_50_SESSION
HINDZINC,daily,2005-07-11,2005-07-11,ABSENT_ON_OBSERVED_NIFTY_50_SESSION
HINDZINC,daily,2005-07-12,2005-07-12,ABSENT_ON_OBSERVED_NIFTY_50_SESSION
HINDZINC,daily,2005-07-13,2005-07-13,ABSENT_ON_OBSERVED_NIFTY_50_SESSION
HINDZINC,daily,2005-07-14,2005-07-14,ABSENT_ON_OBSERVED_NIFTY_50_SESSION
HINDZINC,daily,2005-07-15,2005-07-15,ABSENT_ON_OBSERVED_NIFTY_50_SESSION
HINDZINC,daily,2005-07-18,2005-07-18,ABSENT_ON_OBSERVED_NIFTY_50_SESSION
HINDZINC,daily,2005-07-19,2005-07-19,ABSENT_ON_OBSERVED_NIFTY_50_SESSION
HINDZINC,daily,2005-07-20,2005-07-20,ABSENT_ON_OBSERVED_NIFTY_50_SESSION
HINDZINC,daily,2005-07-21,2005-07-21,ABSENT_ON_OBSERVED_NIFTY_50_SESSION
HINDZINC,daily,2005-07-22,2005-07-22,ABSENT_ON_OBSERVED_NIFTY_50_SESSION
HINDZINC,daily,2005-07-25,2005-07-25,ABSENT_ON_OBSERVED_NIFTY_50_SESSION
HINDZINC,daily,2005-07-26,2005-07-26,ABSENT_ON_OBSERVED_NIFTY_50_SESSION
HINDZINC,daily,2005-07-27,2005-07-27,ABSENT_ON_OBSERVED_NIFTY_50_SESSION
HINDZINC,daily,2005-07-29,2005-07-29,ABSENT_ON_OBSERVED_NIFTY_50_SESSION
HINDZINC,daily,2005-08-01,2005-08-01,ABSENT_ON_OBSERVED_NIFTY_50_SESSION
HINDZINC,daily,2005-08-02,2005-08-02,ABSENT_ON_OBSERVED_NIFTY_50_SESSION
HINDZINC,daily,2005-08-03,2005-08-03,ABSENT_ON_OBSERVED_NIFTY_50_SESSION
HINDZINC,daily,2005-08-04,2005-08-04,ABSENT_ON_OBSERVED_NIFTY_50_SESSION
HINDZINC,daily,2005-08-05,2005-08-05,ABSENT_ON_OBSERVED_NIFTY_50_SESSION
HINDZINC,daily,2005-08-08,2005-08-08,ABSENT_ON_OBSERVED_NIFTY_50_SESSION
HINDZINC,daily,2005-08-09,2005-08-09,ABSENT_ON_OBSERVED_NIFTY_50_SESSION
HINDZINC,daily,2005-08-10,2005-08-10,ABSENT_ON_OBSERVED_NIFTY_50_SESSION
HINDZINC,daily,2005-08-11,2005-08-11,ABSENT_ON_OBSERVED_NIFTY_50_SESSION
HINDZINC,daily,2005-08-12,2005-08-12,ABSENT_ON_OBSERVED_NIFTY_50_SESSION
HINDZINC,daily,2005-08-16,2005-08-16,ABSENT_ON_OBSERVED_NIFTY_50_SESSION
HINDZINC,daily,2005-08-17,2005-08-17,ABSENT_ON_OBSERVED_NIFTY_50_SESSION
HINDZINC,daily,2005-08-18,2005-08-18,ABSENT_ON_OBSERVED_NIFTY_50_SESSION
HINDZINC,daily,2005-08-19,2005-08-19,ABSENT_ON_OBSERVED_NIFTY_50_SESSION
HINDZINC,daily,2005-08-22,2005-08-22,ABSENT_ON_OBSERVED_NIFTY_50_SESSION
HINDZINC,daily,2005-08-23,2005-08-23,ABSENT_ON_OBSERVED_NIFTY_50_SESSION
HINDZINC,daily,2005-08-24,2005-08-24,ABSENT_ON_OBSERVED_NIFTY_50_SESSION
HINDZINC,daily,2005-08-25,2005-08-25,ABSENT_ON_OBSERVED_NIFTY_50_SESSION
HINDZINC,daily,2005-08-26,2005-08-26,ABSENT_ON_OBSERVED_NIFTY_50_SESSION
HINDZINC,daily,2005-08-29,2005-08-29,ABSENT_ON_OBSERVED_NIFTY_50_SESSION
HINDZINC,daily,2005-08-30,2005-08-30,ABSENT_ON_OBSERVED_NIFTY_50_SESSION
HINDZINC,daily,2005-08-31,2005-08-31,ABSENT_ON_OBSERVED_NIFTY_50_SESSION
HINDZINC,daily,2005-09-01,2005-09-01,ABSENT_ON_OBSERVED_NIFTY_50_SESSION
HINDZINC,daily,2005-09-02,2005-09-02,ABSENT_ON_OBSERVED_NIFTY_50_SESSION
HINDZINC,daily,2005-09-05,2005-09-05,ABSENT_ON_OBSERVED_NIFTY_50_SESSION
HINDZINC,daily,2005-09-06,2005-09-06,ABSENT_ON_OBSERVED_NIFTY_50_SESSION
HINDZINC,daily,2005-09-08,2005-09-08,ABSENT_ON_OBSERVED_NIFTY_50_SESSION
HINDZINC,daily,2005-09-09,2005-09-09,ABSENT_ON_OBSERVED_NIFTY_50_SESSION
HINDZINC,daily,2005-09-12,2005-09-12,ABSENT_ON_OBSERVED_NIFTY_50_SESSION
HINDZINC,daily,2005-09-13,2005-09-13,ABSENT_ON_OBSERVED_NIFTY_50_SESSION
HINDZINC,daily,2005-09-14,2005-09-14,ABSENT_ON_OBSERVED_NIFTY_50_SESSION
HINDZINC,daily,2005-09-15,2005-09-15,ABSENT_ON_OBSERVED_NIFTY_50_SESSION
HINDZINC,daily,2005-09-16,2005-09-16,ABSENT_ON_OBSERVED_NIFTY_50_SESSION
HINDZINC,daily,2005-09-19,2005-09-19,ABSENT_ON_OBSERVED_NIFTY_50_SESSION
HINDZINC,daily,2005-09-20,2005-09-20,ABSENT_ON_OBSERVED_NIFTY_50_SESSION
HINDZINC,daily,2005-09-21,2005-09-21,ABSENT_ON_OBSERVED_NIFTY_50_SESSION
HINDZINC,daily,2005-09-22,2005-09-22,ABSENT_ON_OBSERVED_NIFTY_50_SESSION
HINDZINC,daily,2005-09-23,2005-09-23,ABSENT_ON_OBSERVED_NIFTY_50_SESSION
HINDZINC,daily,2005-09-26,2005-09-26,ABSENT_ON_OBSERVED_NIFTY_50_SESSION
HINDZINC,daily,2005-09-27,2005-09-27,ABSENT_ON_OBSERVED_NIFTY_50_SESSION
HINDZINC,daily,2005-09-28,2005-09-28,ABSENT_ON_OBSERVED_NIFTY_50_SESSION
HINDZINC,daily,2005-09-29,2005-09-29,ABSENT_ON_OBSERVED_NIFTY_50_SESSION
HINDZINC,daily,2005-09-30,2005-09-30,ABSENT_ON_OBSERVED_NIFTY_50_SESSION
HINDZINC,daily,2005-10-03,2005-10-03,ABSENT_ON_OBSERVED_NIFTY_50_SESSION
HINDZINC,daily,2005-10-04,2005-10-04,ABSENT_ON_OBSERVED_NIFTY_50_SESSION
HINDZINC,daily,2005-10-05,2005-10-05,ABSENT_ON_OBSERVED_NIFTY_50_SESSION
HINDZINC,daily,2005-10-06,2005-10-06,ABSENT_ON_OBSERVED_NIFTY_50_SESSION
HINDZINC,daily,2005-10-07,2005-10-07,ABSENT_ON_OBSERVED_NIFTY_50_SESSION
HINDZINC,daily,2005-10-10,2005-10-10,ABSENT_ON_OBSERVED_NIFTY_50_SESSION
HINDZINC,daily,2005-10-11,2005-10-11,ABSENT_ON_OBSERVED_NIFTY_50_SESSION
HINDZINC,daily,2005-10-13,2005-10-13,ABSENT_ON_OBSERVED_NIFTY_50_SESSION
HINDZINC,daily,2005-10-14,2005-10-14,ABSENT_ON_OBSERVED_NIFTY_50_SESSION
HINDZINC,daily,2005-10-17,2005-10-17,ABSENT_ON_OBSERVED_NIFTY_50_SESSION
HINDZINC,daily,2005-10-18,2005-10-18,ABSENT_ON_OBSERVED_NIFTY_50_SESSION
HINDZINC,daily,2005-10-19,2005-10-19,ABSENT_ON_OBSERVED_NIFTY_50_SESSION
HINDZINC,daily,2005-10-20,2005-10-20,ABSENT_ON_OBSERVED_NIFTY_50_SESSION
HINDZINC,daily,2005-10-21,2005-10-21,ABSENT_ON_OBSERVED_NIFTY_50_SESSION
HINDZINC,daily,2005-10-24,2005-10-24,ABSENT_ON_OBSERVED_NIFTY_50_SESSION
HINDZINC,daily,2005-10-25,2005-10-25,ABSENT_ON_OBSERVED_NIFTY_50_SESSION
HINDZINC,daily,2005-10-26,2005-10-26,ABSENT_ON_OBSERVED_NIFTY_50_SESSION
HINDZINC,daily,2005-10-27,2005-10-27,ABSENT_ON_OBSERVED_NIFTY_50_SESSION
HINDZINC,daily,2005-10-28,2005-10-28,ABSENT_ON_OBSERVED_NIFTY_50_SESSION
HINDZINC,daily,2005-10-31,2005-10-31,ABSENT_ON_OBSERVED_NIFTY_50_SESSION
HINDZINC,daily,2005-11-01,2005-11-01,ABSENT_ON_OBSERVED_NIFTY_50_SESSION
HINDZINC,daily,2005-11-02,2005-11-02,ABSENT_ON_OBSERVED_NIFTY_50_SESSION
HINDZINC,daily,2005-11-07,2005-11-07,ABSENT_ON_OBSERVED_NIFTY_50_SESSION
HINDZINC,daily,2005-11-08,2005-11-08,ABSENT_ON_OBSERVED_NIFTY_50_SESSION
HINDZINC,daily,2005-11-09,2005-11-09,ABSENT_ON_OBSERVED_NIFTY_50_SESSION
HINDZINC,daily,2005-11-10,2005-11-10,ABSENT_ON_OBSERVED_NIFTY_50_SESSION
HINDZINC,daily,2005-11-11,2005-11-11,ABSENT_ON_OBSERVED_NIFTY_50_SESSION
HINDZINC,daily,2005-11-14,2005-11-14,ABSENT_ON_OBSERVED_NIFTY_50_SESSION
HINDZINC,daily,2005-11-16,2005-11-16,ABSENT_ON_OBSERVED_NIFTY_50_SESSION
HINDZINC,daily,2005-11-17,2005-11-17,ABSENT_ON_OBSERVED_NIFTY_50_SESSION
HINDZINC,daily,2005-11-18,2005-11-18,ABSENT_ON_OBSERVED_NIFTY_50_SESSION
HINDZINC,daily,2005-11-21,2005-11-21,ABSENT_ON_OBSERVED_NIFTY_50_SESSION
HINDZINC,daily,2005-11-22,2005-11-22,ABSENT_ON_OBSERVED_NIFTY_50_SESSION
HINDZINC,daily,2005-11-23,2005-11-23,ABSENT_ON_OBSERVED_NIFTY_50_SESSION
HINDZINC,daily,2005-11-24,2005-11-24,ABSENT_ON_OBSERVED_NIFTY_50_SESSION
HINDZINC,daily,2005-11-25,2005-11-25,ABSENT_ON_OBSERVED_NIFTY_50_SESSION
HINDZINC,daily,2005-11-26,2005-11-26,ABSENT_ON_OBSERVED_NIFTY_50_SESSION
HINDZINC,daily,2005-11-28,2005-11-28,ABSENT_ON_OBSERVED_NIFTY_50_SESSION
HINDZINC,daily,2005-11-29,2005-11-29,ABSENT_ON_OBSERVED_NIFTY_50_SESSION
HINDZINC,daily,2005-11-30,2005-11-30,ABSENT_ON_OBSERVED_NIFTY_50_SESSION
HINDZINC,daily,2005-12-01,2005-12-01,ABSENT_ON_OBSERVED_NIFTY_50_SESSION
HINDZINC,daily,2005-12-02,2005-12-02,ABSENT_ON_OBSERVED_NIFTY_50_SESSION
HINDZINC,daily,2005-12-05,2005-12-05,ABSENT_ON_OBSERVED_NIFTY_50_SESSION
HINDZINC,daily,2005-12-06,2005-12-06,ABSENT_ON_OBSERVED_NIFTY_50_SESSION
HINDZINC,daily,2005-12-07,2005-12-07,ABSENT_ON_OBSERVED_NIFTY_50_SESSION
HINDZINC,daily,2005-12-08,2005-12-08,ABSENT_ON_OBSERVED_NIFTY_50_SESSION
HINDZINC,daily,2005-12-09,2005-12-09,ABSENT_ON_OBSERVED_NIFTY_50_SESSION
HINDZINC,daily,2005-12-12,2005-12-12,ABSENT_ON_OBSERVED_NIFTY_50_SESSION
HINDZINC,daily,2005-12-13,2005-12-13,ABSENT_ON_OBSERVED_NIFTY_50_SESSION
HINDZINC,daily,2005-12-14,2005-12-14,ABSENT_ON_OBSERVED_NIFTY_50_SESSION
HINDZINC,daily,2005-12-15,2005-12-15,ABSENT_ON_OBSERVED_NIFTY_50_SESSION
HINDZINC,daily,2005-12-16,2005-12-16,ABSENT_ON_OBSERVED_NIFTY_50_SESSION
HINDZINC,daily,2005-12-19,2005-12-19,ABSENT_ON_OBSERVED_NIFTY_50_SESSION
HINDZINC,daily,2005-12-20,2005-12-20,ABSENT_ON_OBSERVED_NIFTY_50_SESSION
HINDZINC,daily,2005-12-21,2005-12-21,ABSENT_ON_OBSERVED_NIFTY_50_SESSION
HINDZINC,daily,2005-12-22,2005-12-22,ABSENT_ON_OBSERVED_NIFTY_50_SESSION
HINDZINC,daily,2005-12-23,2005-12-23,ABSENT_ON_OBSERVED_NIFTY_50_SESSION
HINDZINC,daily,2005-12-26,2005-12-26,ABSENT_ON_OBSERVED_NIFTY_50_SESSION
HINDZINC,daily,2005-12-27,2005-12-27,ABSENT_ON_OBSERVED_NIFTY_50_SESSION
HINDZINC,daily,2005-12-28,2005-12-28,ABSENT_ON_OBSERVED_NIFTY_50_SESSION
HINDZINC,daily,2005-12-29,2005-12-29,ABSENT_ON_OBSERVED_NIFTY_50_SESSION
HINDZINC,daily,2005-12-30,2005-12-30,ABSENT_ON_OBSERVED_NIFTY_50_SESSION
HINDZINC,daily,2006-01-02,2006-01-02,ABSENT_ON_OBSERVED_NIFTY_50_SESSION
HINDZINC,daily,2006-01-03,2006-01-03,ABSENT_ON_OBSERVED_NIFTY_50_SESSION
HINDZINC,daily,2006-01-04,2006-01-04,ABSENT_ON_OBSERVED_NIFTY_50_SESSION
HINDZINC,daily,2006-01-05,2006-01-05,ABSENT_ON_OBSERVED_NIFTY_50_SESSION
HINDZINC,daily,2006-01-06,2006-01-06,ABSENT_ON_OBSERVED_NIFTY_50_SESSION
HINDZINC,daily,2006-01-09,2006-01-09,ABSENT_ON_OBSERVED_NIFTY_50_SESSION
HINDZINC,daily,2006-01-10,2006-01-10,ABSENT_ON_OBSERVED_NIFTY_50_SESSION
HINDZINC,daily,2006-01-12,2006-01-12,ABSENT_ON_OBSERVED_NIFTY_50_SESSION
HINDZINC,daily,2006-01-13,2006-01-13,ABSENT_ON_OBSERVED_NIFTY_50_SESSION
HINDZINC,daily,2006-01-16,2006-01-16,ABSENT_ON_OBSERVED_NIFTY_50_SESSION
HINDZINC,daily,2006-01-17,2006-01-17,ABSENT_ON_OBSERVED_NIFTY_50_SESSION
HINDZINC,daily,2006-01-18,2006-01-18,ABSENT_ON_OBSERVED_NIFTY_50_SESSION
HINDZINC,daily,2006-01-19,2006-01-19,ABSENT_ON_OBSERVED_NIFTY_50_SESSION
HINDZINC,daily,2006-01-20,2006-01-20,ABSENT_ON_OBSERVED_NIFTY_50_SESSION
HINDZINC,daily,2006-01-23,2006-01-23,ABSENT_ON_OBSERVED_NIFTY_50_SESSION
HINDZINC,daily,2006-01-24,2006-01-24,ABSENT_ON_OBSERVED_NIFTY_50_SESSION
HINDZINC,daily,2006-01-25,2006-01-25,ABSENT_ON_OBSERVED_NIFTY_50_SESSION
HINDZINC,daily,2006-01-27,2006-01-27,ABSENT_ON_OBSERVED_NIFTY_50_SESSION
HINDZINC,daily,2006-01-30,2006-01-30,ABSENT_ON_OBSERVED_NIFTY_50_SESSION
HINDZINC,daily,2006-01-31,2006-01-31,ABSENT_ON_OBSERVED_NIFTY_50_SESSION
HINDZINC,daily,2006-02-01,2006-02-01,ABSENT_ON_OBSERVED_NIFTY_50_SESSION
HINDZINC,daily,2006-02-02,2006-02-02,ABSENT_ON_OBSERVED_NIFTY_50_SESSION
HINDZINC,daily,2006-02-03,2006-02-03,ABSENT_ON_OBSERVED_NIFTY_50_SESSION
HINDZINC,daily,2006-02-06,2006-02-06,ABSENT_ON_OBSERVED_NIFTY_50_SESSION
HINDZINC,daily,2006-02-07,2006-02-07,ABSENT_ON_OBSERVED_NIFTY_50_SESSION
HINDZINC,daily,2006-02-08,2006-02-08,ABSENT_ON_OBSERVED_NIFTY_50_SESSION
HINDZINC,daily,2006-02-10,2006-02-10,ABSENT_ON_OBSERVED_NIFTY_50_SESSION
HINDZINC,daily,2006-02-13,2006-02-13,ABSENT_ON_OBSERVED_NIFTY_50_SESSION
HINDZINC,daily,2006-02-14,2006-02-14,ABSENT_ON_OBSERVED_NIFTY_50_SESSION
HINDZINC,daily,2006-02-15,2006-02-15,ABSENT_ON_OBSERVED_NIFTY_50_SESSION
HINDZINC,daily,2006-02-16,2006-02-16,ABSENT_ON_OBSERVED_NIFTY_50_SESSION
HINDZINC,daily,2006-02-17,2006-02-17,ABSENT_ON_OBSERVED_NIFTY_50_SESSION
HINDZINC,daily,2006-02-20,2006-02-20,ABSENT_ON_OBSERVED_NIFTY_50_SESSION
HINDZINC,daily,2006-02-21,2006-02-21,ABSENT_ON_OBSERVED_NIFTY_50_SESSION
HINDZINC,daily,2006-02-22,2006-02-22,ABSENT_ON_OBSERVED_NIFTY_50_SESSION
HINDZINC,daily,2006-02-23,2006-02-23,ABSENT_ON_OBSERVED_NIFTY_50_SESSION
HINDZINC,daily,2006-02-24,2006-02-24,ABSENT_ON_OBSERVED_NIFTY_50_SESSION
HINDZINC,daily,2006-02-27,2006-02-27,ABSENT_ON_OBSERVED_NIFTY_50_SESSION
HINDZINC,daily,2006-02-28,2006-02-28,ABSENT_ON_OBSERVED_NIFTY_50_SESSION
HINDZINC,daily,2006-03-01,2006-03-01,ABSENT_ON_OBSERVED_NIFTY_50_SESSION
HINDZINC,daily,2006-03-02,2006-03-02,ABSENT_ON_OBSERVED_NIFTY_50_SESSION
HINDZINC,daily,2006-03-03,2006-03-03,ABSENT_ON_OBSERVED_NIFTY_50_SESSION
HINDZINC,daily,2006-03-06,2006-03-06,ABSENT_ON_OBSERVED_NIFTY_50_SESSION
HINDZINC,daily,2006-03-07,2006-03-07,ABSENT_ON_OBSERVED_NIFTY_50_SESSION
HINDZINC,daily,2006-03-08,2006-03-08,ABSENT_ON_OBSERVED_NIFTY_50_SESSION
HINDZINC,daily,2006-03-09,2006-03-09,ABSENT_ON_OBSERVED_NIFTY_50_SESSION
HINDZINC,daily,2006-03-10,2006-03-10,ABSENT_ON_OBSERVED_NIFTY_50_SESSION
HINDZINC,daily,2006-03-13,2006-03-13,ABSENT_ON_OBSERVED_NIFTY_50_SESSION
HINDZINC,daily,2006-03-14,2006-03-14,ABSENT_ON_OBSERVED_NIFTY_50_SESSION
HINDZINC,daily,2006-03-16,2006-03-16,ABSENT_ON_OBSERVED_NIFTY_50_SESSION
HINDZINC,daily,2006-03-17,2006-03-17,ABSENT_ON_OBSERVED_NIFTY_50_SESSION
HINDZINC,daily,2006-03-20,2006-03-20,ABSENT_ON_OBSERVED_NIFTY_50_SESSION
HINDZINC,daily,2006-03-21,2006-03-21,ABSENT_ON_OBSERVED_NIFTY_50_SESSION
HINDZINC,daily,2006-03-22,2006-03-22,ABSENT_ON_OBSERVED_NIFTY_50_SESSION
HINDZINC,daily,2006-03-23,2006-03-23,ABSENT_ON_OBSERVED_NIFTY_50_SESSION
HINDZINC,daily,2006-03-24,2006-03-24,ABSENT_ON_OBSERVED_NIFTY_50_SESSION
HINDZINC,daily,2006-03-27,2006-03-27,ABSENT_ON_OBSERVED_NIFTY_50_SESSION
HINDZINC,daily,2006-03-28,2006-03-28,ABSENT_ON_OBSERVED_NIFTY_50_SESSION
HINDZINC,daily,2006-03-29,2006-03-29,ABSENT_ON_OBSERVED_NIFTY_50_SESSION
HINDZINC,daily,2006-03-30,2006-03-30,ABSENT_ON_OBSERVED_NIFTY_50_SESSION
HINDZINC,daily,2006-03-31,2006-03-31,ABSENT_ON_OBSERVED_NIFTY_50_SESSION
HINDZINC,daily,2006-04-03,2006-04-03,ABSENT_ON_OBSERVED_NIFTY_50_SESSION
HINDZINC,daily,2006-04-04,2006-04-04,ABSENT_ON_OBSERVED_NIFTY_50_SESSION
HINDZINC,daily,2006-04-05,2006-04-05,ABSENT_ON_OBSERVED_NIFTY_50_SESSION
HINDZINC,daily,2006-04-07,2006-04-07,ABSENT_ON_OBSERVED_NIFTY_50_SESSION
HINDZINC,daily,2006-04-10,2006-04-10,ABSENT_ON_OBSERVED_NIFTY_50_SESSION
HINDZINC,daily,2006-04-12,2006-04-12,ABSENT_ON_OBSERVED_NIFTY_50_SESSION
HINDZINC,daily,2006-04-13,2006-04-13,ABSENT_ON_OBSERVED_NIFTY_50_SESSION
HINDZINC,daily,2006-04-17,2006-04-17,ABSENT_ON_OBSERVED_NIFTY_50_SESSION
HINDZINC,daily,2006-04-18,2006-04-18,ABSENT_ON_OBSERVED_NIFTY_50_SESSION
HINDZINC,daily,2006-04-19,2006-04-19,ABSENT_ON_OBSERVED_NIFTY_50_SESSION
HINDZINC,daily,2006-04-20,2006-04-20,ABSENT_ON_OBSERVED_NIFTY_50_SESSION
HINDZINC,daily,2006-04-21,2006-04-21,ABSENT_ON_OBSERVED_NIFTY_50_SESSION
HINDZINC,daily,2006-04-24,2006-04-24,ABSENT_ON_OBSERVED_NIFTY_50_SESSION
HINDZINC,daily,2006-04-25,2006-04-25,ABSENT_ON_OBSERVED_NIFTY_50_SESSION
HINDZINC,daily,2006-04-26,2006-04-26,ABSENT_ON_OBSERVED_NIFTY_50_SESSION
HINDZINC,daily,2006-04-27,2006-04-27,ABSENT_ON_OBSERVED_NIFTY_50_SESSION
HINDZINC,daily,2006-04-28,2006-04-28,ABSENT_ON_OBSERVED_NIFTY_50_SESSION
HINDZINC,daily,2006-04-29,2006-04-29,ABSENT_ON_OBSERVED_NIFTY_50_SESSION
HINDZINC,daily,2006-05-02,2006-05-02,ABSENT_ON_OBSERVED_NIFTY_50_SESSION
HINDZINC,daily,2006-05-03,2006-05-03,ABSENT_ON_OBSERVED_NIFTY_50_SESSION
HINDZINC,daily,2006-05-04,2006-05-04,ABSENT_ON_OBSERVED_NIFTY_50_SESSION
HINDZINC,daily,2006-05-05,2006-05-05,ABSENT_ON_OBSERVED_NIFTY_50_SESSION
HINDZINC,daily,2006-05-08,2006-05-08,ABSENT_ON_OBSERVED_NIFTY_50_SESSION
HINDZINC,daily,2006-05-09,2006-05-09,ABSENT_ON_OBSERVED_NIFTY_50_SESSION
HINDZINC,daily,2006-05-10,2006-05-10,ABSENT_ON_OBSERVED_NIFTY_50_SESSION
HINDZINC,daily,2006-05-11,2006-05-11,ABSENT_ON_OBSERVED_NIFTY_50_SESSION
HINDZINC,daily,2006-05-12,2006-05-12,ABSENT_ON_OBSERVED_NIFTY_50_SESSION
HINDZINC,daily,2006-05-15,2006-05-15,ABSENT_ON_OBSERVED_NIFTY_50_SESSION
HINDZINC,daily,2006-05-16,2006-05-16,ABSENT_ON_OBSERVED_NIFTY_50_SESSION
HINDZINC,daily,2006-05-17,2006-05-17,ABSENT_ON_OBSERVED_NIFTY_50_SESSION
HINDZINC,daily,2006-05-18,2006-05-18,ABSENT_ON_OBSERVED_NIFTY_50_SESSION
HINDZINC,daily,2006-05-19,2006-05-19,ABSENT_ON_OBSERVED_NIFTY_50_SESSION
HINDZINC,daily,2006-05-22,2006-05-22,ABSENT_ON_OBSERVED_NIFTY_50_SESSION
HINDZINC,daily,2006-05-23,2006-05-23,ABSENT_ON_OBSERVED_NIFTY_50_SESSION
HINDZINC,daily,2006-05-24,2006-05-24,ABSENT_ON_OBSERVED_NIFTY_50_SESSION
HINDZINC,daily,2006-05-25,2006-05-25,ABSENT_ON_OBSERVED_NIFTY_50_SESSION
HINDZINC,daily,2006-05-26,2006-05-26,ABSENT_ON_OBSERVED_NIFTY_50_SESSION
HINDZINC,daily,2006-05-29,2006-05-29,ABSENT_ON_OBSERVED_NIFTY_50_SESSION
HINDZINC,daily,2006-05-30,2006-05-30,ABSENT_ON_OBSERVED_NIFTY_50_SESSION
HINDZINC,daily,2006-05-31,2006-05-31,ABSENT_ON_OBSERVED_NIFTY_50_SESSION
HINDZINC,daily,2006-06-01,2006-06-01,ABSENT_ON_OBSERVED_NIFTY_50_SESSION
HINDZINC,daily,2006-06-02,2006-06-02,ABSENT_ON_OBSERVED_NIFTY_50_SESSION
HINDZINC,daily,2006-06-05,2006-06-05,ABSENT_ON_OBSERVED_NIFTY_50_SESSION
HINDZINC,daily,2006-06-06,2006-06-06,ABSENT_ON_OBSERVED_NIFTY_50_SESSION
HINDZINC,daily,2006-06-07,2006-06-07,ABSENT_ON_OBSERVED_NIFTY_50_SESSION
HINDZINC,daily,2006-06-08,2006-06-08,ABSENT_ON_OBSERVED_NIFTY_50_SESSION
HINDZINC,daily,2006-06-09,2006-06-09,ABSENT_ON_OBSERVED_NIFTY_50_SESSION
HINDZINC,daily,2006-06-12,2006-06-12,ABSENT_ON_OBSERVED_NIFTY_50_SESSION
HINDZINC,daily,2006-06-13,2006-06-13,ABSENT_ON_OBSERVED_NIFTY_50_SESSION
HINDZINC,daily,2006-06-14,2006-06-14,ABSENT_ON_OBSERVED_NIFTY_50_SESSION
HINDZINC,daily,2006-06-15,2006-06-15,ABSENT_ON_OBSERVED_NIFTY_50_SESSION
HINDZINC,daily,2006-06-16,2006-06-16,ABSENT_ON_OBSERVED_NIFTY_50_SESSION
HINDZINC,daily,2006-06-19,2006-06-19,ABSENT_ON_OBSERVED_NIFTY_50_SESSION
HINDZINC,daily,2006-06-20,2006-06-20,ABSENT_ON_OBSERVED_NIFTY_50_SESSION
HINDZINC,daily,2006-06-21,2006-06-21,ABSENT_ON_OBSERVED_NIFTY_50_SESSION
HINDZINC,daily,2006-06-22,2006-06-22,ABSENT_ON_OBSERVED_NIFTY_50_SESSION
HINDZINC,daily,2006-06-23,2006-06-23,ABSENT_ON_OBSERVED_NIFTY_50_SESSION
HINDZINC,daily,2006-06-25,2006-06-25,ABSENT_ON_OBSERVED_NIFTY_50_SESSION
HINDZINC,daily,2006-06-26,2006-06-26,ABSENT_ON_OBSERVED_NIFTY_50_SESSION
HINDZINC,daily,2006-06-27,2006-06-27,ABSENT_ON_OBSERVED_NIFTY_50_SESSION
HINDZINC,daily,2006-06-28,2006-06-28,ABSENT_ON_OBSERVED_NIFTY_50_SESSION
HINDZINC,daily,2006-06-29,2006-06-29,ABSENT_ON_OBSERVED_NIFTY_50_SESSION
HINDZINC,daily,2006-06-30,2006-06-30,ABSENT_ON_OBSERVED_NIFTY_50_SESSION
HINDZINC,daily,2006-07-03,2006-07-03,ABSENT_ON_OBSERVED_NIFTY_50_SESSION
HINDZINC,daily,2006-07-04,2006-07-04,ABSENT_ON_OBSERVED_NIFTY_50_SESSION
HINDZINC,daily,2006-07-05,2006-07-05,ABSENT_ON_OBSERVED_NIFTY_50_SESSION
HINDZINC,daily,2006-07-06,2006-07-06,ABSENT_ON_OBSERVED_NIFTY_50_SESSION
HINDZINC,daily,2006-07-07,2006-07-07,ABSENT_ON_OBSERVED_NIFTY_50_SESSION
HINDZINC,daily,2006-07-10,2006-07-10,ABSENT_ON_OBSERVED_NIFTY_50_SESSION
HINDZINC,daily,2006-07-11,2006-07-11,ABSENT_ON_OBSERVED_NIFTY_50_SESSION
HINDZINC,daily,2006-07-12,2006-07-12,ABSENT_ON_OBSERVED_NIFTY_50_SESSION
HINDZINC,daily,2006-07-13,2006-07-13,ABSENT_ON_OBSERVED_NIFTY_50_SESSION
HINDZINC,daily,2006-07-14,2006-07-14,ABSENT_ON_OBSERVED_NIFTY_50_SESSION
HINDZINC,daily,2006-07-17,2006-07-17,ABSENT_ON_OBSERVED_NIFTY_50_SESSION
HINDZINC,daily,2006-07-18,2006-07-18,ABSENT_ON_OBSERVED_NIFTY_50_SESSION
HINDZINC,daily,2006-07-19,2006-07-19,ABSENT_ON_OBSERVED_NIFTY_50_SESSION
HINDZINC,daily,2006-07-20,2006-07-20,ABSENT_ON_OBSERVED_NIFTY_50_SESSION
HINDZINC,daily,2006-07-21,2006-07-21,ABSENT_ON_OBSERVED_NIFTY_50_SESSION
HINDZINC,daily,2006-07-24,2006-07-24,ABSENT_ON_OBSERVED_NIFTY_50_SESSION
HINDZINC,daily,2006-07-25,2006-07-25,ABSENT_ON_OBSERVED_NIFTY_50_SESSION
HINDZINC,daily,2006-07-26,2006-07-26,ABSENT_ON_OBSERVED_NIFTY_50_SESSION
HINDZINC,daily,2006-07-27,2006-07-27,ABSENT_ON_OBSERVED_NIFTY_50_SESSION
HINDZINC,daily,2006-07-28,2006-07-28,ABSENT_ON_OBSERVED_NIFTY_50_SESSION
HINDZINC,daily,2006-07-31,2006-07-31,ABSENT_ON_OBSERVED_NIFTY_50_SESSION
HINDZINC,daily,2006-08-01,2006-08-01,ABSENT_ON_OBSERVED_NIFTY_50_SESSION
HINDZINC,daily,2006-08-02,2006-08-02,ABSENT_ON_OBSERVED_NIFTY_50_SESSION
HINDZINC,daily,2006-08-03,2006-08-03,ABSENT_ON_OBSERVED_NIFTY_50_SESSION
HINDZINC,daily,2006-08-04,2006-08-04,ABSENT_ON_OBSERVED_NIFTY_50_SESSION
HINDZINC,daily,2006-08-07,2006-08-07,ABSENT_ON_OBSERVED_NIFTY_50_SESSION
HINDZINC,daily,2006-08-08,2006-08-08,ABSENT_ON_OBSERVED_NIFTY_50_SESSION
HINDZINC,daily,2006-08-09,2006-08-09,ABSENT_ON_OBSERVED_NIFTY_50_SESSION
HINDZINC,daily,2006-08-10,2006-08-10,ABSENT_ON_OBSERVED_NIFTY_50_SESSION
HINDZINC,daily,2006-08-11,2006-08-11,ABSENT_ON_OBSERVED_NIFTY_50_SESSION
HINDZINC,daily,2006-08-14,2006-08-14,ABSENT_ON_OBSERVED_NIFTY_50_SESSION
HINDZINC,daily,2006-08-16,2006-08-16,ABSENT_ON_OBSERVED_NIFTY_50_SESSION
HINDZINC,daily,2006-08-17,2006-08-17,ABSENT_ON_OBSERVED_NIFTY_50_SESSION
HINDZINC,daily,2006-08-18,2006-08-18,ABSENT_ON_OBSERVED_NIFTY_50_SESSION
HINDZINC,daily,2006-08-21,2006-08-21,ABSENT_ON_OBSERVED_NIFTY_50_SESSION
HINDZINC,daily,2006-08-22,2006-08-22,ABSENT_ON_OBSERVED_NIFTY_50_SESSION
HINDZINC,daily,2006-08-23,2006-08-23,ABSENT_ON_OBSERVED_NIFTY_50_SESSION
HINDZINC,daily,2006-08-24,2006-08-24,ABSENT_ON_OBSERVED_NIFTY_50_SESSION
HINDZINC,daily,2006-08-25,2006-08-25,ABSENT_ON_OBSERVED_NIFTY_50_SESSION
HINDZINC,daily,2006-08-28,2006-08-28,ABSENT_ON_OBSERVED_NIFTY_50_SESSION
HINDZINC,daily,2006-08-29,2006-08-29,ABSENT_ON_OBSERVED_NIFTY_50_SESSION
HINDZINC,daily,2006-08-30,2006-08-30,ABSENT_ON_OBSERVED_NIFTY_50_SESSION
HINDZINC,daily,2006-08-31,2006-08-31,ABSENT_ON_OBSERVED_NIFTY_50_SESSION
HINDZINC,daily,2006-09-01,2006-09-01,ABSENT_ON_OBSERVED_NIFTY_50_SESSION
HINDZINC,daily,2006-09-04,2006-09-04,ABSENT_ON_OBSERVED_NIFTY_50_SESSION
HINDZINC,daily,2006-09-05,2006-09-05,ABSENT_ON_OBSERVED_NIFTY_50_SESSION
HINDZINC,daily,2006-09-06,2006-09-06,ABSENT_ON_OBSERVED_NIFTY_50_SESSION
HINDZINC,daily,2006-09-07,2006-09-07,ABSENT_ON_OBSERVED_NIFTY_50_SESSION
HINDZINC,daily,2006-09-08,2006-09-08,ABSENT_ON_OBSERVED_NIFTY_50_SESSION
HINDZINC,daily,2006-09-11,2006-09-11,ABSENT_ON_OBSERVED_NIFTY_50_SESSION
HINDZINC,daily,2006-09-12,2006-09-12,ABSENT_ON_OBSERVED_NIFTY_50_SESSION
HINDZINC,daily,2006-09-13,2006-09-13,ABSENT_ON_OBSERVED_NIFTY_50_SESSION
HINDZINC,daily,2006-09-14,2006-09-14,ABSENT_ON_OBSERVED_NIFTY_50_SESSION
HINDZINC,daily,2006-09-15,2006-09-15,ABSENT_ON_OBSERVED_NIFTY_50_SESSION
HINDZINC,daily,2006-09-18,2006-09-18,ABSENT_ON_OBSERVED_NIFTY_50_SESSION
HINDZINC,daily,2006-09-19,2006-09-19,ABSENT_ON_OBSERVED_NIFTY_50_SESSION
HINDZINC,daily,2006-09-20,2006-09-20,ABSENT_ON_OBSERVED_NIFTY_50_SESSION
HINDZINC,daily,2006-09-21,2006-09-21,ABSENT_ON_OBSERVED_NIFTY_50_SESSION
HINDZINC,daily,2006-09-22,2006-09-22,ABSENT_ON_OBSERVED_NIFTY_50_SESSION
HINDZINC,daily,2006-09-25,2006-09-25,ABSENT_ON_OBSERVED_NIFTY_50_SESSION
HINDZINC,daily,2006-09-26,2006-09-26,ABSENT_ON_OBSERVED_NIFTY_50_SESSION
HINDZINC,daily,2006-09-27,2006-09-27,ABSENT_ON_OBSERVED_NIFTY_50_SESSION
HINDZINC,daily,2006-09-28,2006-09-28,ABSENT_ON_OBSERVED_NIFTY_50_SESSION
HINDZINC,daily,2006-09-29,2006-09-29,ABSENT_ON_OBSERVED_NIFTY_50_SESSION
HINDZINC,daily,2006-10-03,2006-10-03,ABSENT_ON_OBSERVED_NIFTY_50_SESSION
HINDZINC,daily,2006-10-04,2006-10-04,ABSENT_ON_OBSERVED_NIFTY_50_SESSION
HINDZINC,daily,2006-10-05,2006-10-05,ABSENT_ON_OBSERVED_NIFTY_50_SESSION
HINDZINC,daily,2006-10-06,2006-10-06,ABSENT_ON_OBSERVED_NIFTY_50_SESSION
HINDZINC,daily,2006-10-09,2006-10-09,ABSENT_ON_OBSERVED_NIFTY_50_SESSION
HINDZINC,daily,2006-10-10,2006-10-10,ABSENT_ON_OBSERVED_NIFTY_50_SESSION
HINDZINC,daily,2006-10-11,2006-10-11,ABSENT_ON_OBSERVED_NIFTY_50_SESSION
HINDZINC,daily,2006-10-12,2006-10-12,ABSENT_ON_OBSERVED_NIFTY_50_SESSION
HINDZINC,daily,2006-10-13,2006-10-13,ABSENT_ON_OBSERVED_NIFTY_50_SESSION
HINDZINC,daily,2006-10-16,2006-10-16,ABSENT_ON_OBSERVED_NIFTY_50_SESSION
HINDZINC,daily,2006-10-17,2006-10-17,ABSENT_ON_OBSERVED_NIFTY_50_SESSION
HINDZINC,daily,2006-10-18,2006-10-18,ABSENT_ON_OBSERVED_NIFTY_50_SESSION
HINDZINC,daily,2006-10-19,2006-10-19,ABSENT_ON_OBSERVED_NIFTY_50_SESSION
HINDZINC,daily,2006-10-20,2006-10-20,ABSENT_ON_OBSERVED_NIFTY_50_SESSION
HINDZINC,daily,2006-10-21,2006-10-21,ABSENT_ON_OBSERVED_NIFTY_50_SESSION
HINDZINC,daily,2006-10-23,2006-10-23,ABSENT_ON_OBSERVED_NIFTY_50_SESSION
HINDZINC,daily,2006-10-26,2006-10-26,ABSENT_ON_OBSERVED_NIFTY_50_SESSION
HINDZINC,daily,2006-10-27,2006-10-27,ABSENT_ON_OBSERVED_NIFTY_50_SESSION
HINDZINC,daily,2006-10-30,2006-10-30,ABSENT_ON_OBSERVED_NIFTY_50_SESSION
HINDZINC,daily,2006-10-31,2006-10-31,ABSENT_ON_OBSERVED_NIFTY_50_SESSION
HINDZINC,daily,2006-11-01,2006-11-01,ABSENT_ON_OBSERVED_NIFTY_50_SESSION
HINDZINC,daily,2006-11-02,2006-11-02,ABSENT_ON_OBSERVED_NIFTY_50_SESSION
HINDZINC,daily,2006-11-03,2006-11-03,ABSENT_ON_OBSERVED_NIFTY_50_SESSION
HINDZINC,daily,2006-11-06,2006-11-06,ABSENT_ON_OBSERVED_NIFTY_50_SESSION
HINDZINC,daily,2006-11-07,2006-11-07,ABSENT_ON_OBSERVED_NIFTY_50_SESSION
HINDZINC,daily,2006-11-08,2006-11-08,ABSENT_ON_OBSERVED_NIFTY_50_SESSION
HINDZINC,daily,2006-11-09,2006-11-09,ABSENT_ON_OBSERVED_NIFTY_50_SESSION
HINDZINC,daily,2006-11-10,2006-11-10,ABSENT_ON_OBSERVED_NIFTY_50_SESSION
HINDZINC,daily,2006-11-13,2006-11-13,ABSENT_ON_OBSERVED_NIFTY_50_SESSION
HINDZINC,daily,2006-11-14,2006-11-14,ABSENT_ON_OBSERVED_NIFTY_50_SESSION
HINDZINC,daily,2006-11-15,2006-11-15,ABSENT_ON_OBSERVED_NIFTY_50_SESSION
HINDZINC,daily,2006-11-16,2006-11-16,ABSENT_ON_OBSERVED_NIFTY_50_SESSION
HINDZINC,daily,2006-11-17,2006-11-17,ABSENT_ON_OBSERVED_NIFTY_50_SESSION
HINDZINC,daily,2006-11-20,2006-11-20,ABSENT_ON_OBSERVED_NIFTY_50_SESSION
ICICIBANK,daily,2003-03-22,2003-03-22,ABSENT_ON_OBSERVED_NIFTY_50_SESSION
ICICIBANK,daily,2003-10-25,2003-10-25,ABSENT_ON_OBSERVED_NIFTY_50_SESSION
ICICIBANK,daily,2003-11-15,2003-11-15,ABSENT_ON_OBSERVED_NIFTY_50_SESSION
ICICIBANK,daily,2004-04-17,2004-04-17,ABSENT_ON_OBSERVED_NIFTY_50_SESSION
ICICIBANK,daily,2004-05-24,2004-05-24,ABSENT_ON_OBSERVED_NIFTY_50_SESSION
ICICIBANK,daily,2004-05-25,2004-05-25,ABSENT_ON_OBSERVED_NIFTY_50_SESSION
ICICIBANK,daily,2004-05-26,2004-05-26,ABSENT_ON_OBSERVED_NIFTY_50_SESSION
ICICIBANK,daily,2004-05-27,2004-05-27,ABSENT_ON_OBSERVED_NIFTY_50_SESSION
ICICIBANK,daily,2004-05-28,2004-05-28,ABSENT_ON_OBSERVED_NIFTY_50_SESSION
ICICIBANK,daily,2004-05-31,2004-05-31,ABSENT_ON_OBSERVED_NIFTY_50_SESSION
ICICIBANK,daily,2004-06-01,2004-06-01,ABSENT_ON_OBSERVED_NIFTY_50_SESSION
ICICIBANK,daily,2004-06-02,2004-06-02,ABSENT_ON_OBSERVED_NIFTY_50_SESSION
ICICIBANK,daily,2004-06-03,2004-06-03,ABSENT_ON_OBSERVED_NIFTY_50_SESSION
ICICIBANK,daily,2004-06-04,2004-06-04,ABSENT_ON_OBSERVED_NIFTY_50_SESSION
ICICIBANK,daily,2004-06-07,2004-06-07,ABSENT_ON_OBSERVED_NIFTY_50_SESSION
ICICIBANK,daily,2004-06-08,2004-06-08,ABSENT_ON_OBSERVED_NIFTY_50_SESSION
ICICIBANK,daily,2004-06-09,2004-06-09,ABSENT_ON_OBSERVED_NIFTY_50_SESSION
ICICIBANK,daily,2004-06-10,2004-06-10,ABSENT_ON_OBSERVED_NIFTY_50_SESSION
ICICIBANK,daily,2004-06-11,2004-06-11,ABSENT_ON_OBSERVED_NIFTY_50_SESSION
ICICIBANK,daily,2004-06-14,2004-06-14,ABSENT_ON_OBSERVED_NIFTY_50_SESSION
ICICIBANK,daily,2004-06-15,2004-06-15,ABSENT_ON_OBSERVED_NIFTY_50_SESSION
ICICIBANK,daily,2004-06-16,2004-06-16,ABSENT_ON_OBSERVED_NIFTY_50_SESSION
ICICIBANK,daily,2004-06-17,2004-06-17,ABSENT_ON_OBSERVED_NIFTY_50_SESSION
ICICIBANK,daily,2004-06-18,2004-06-18,ABSENT_ON_OBSERVED_NIFTY_50_SESSION
ICICIBANK,daily,2004-06-21,2004-06-21,ABSENT_ON_OBSERVED_NIFTY_50_SESSION
ICICIBANK,daily,2004-06-22,2004-06-22,ABSENT_ON_OBSERVED_NIFTY_50_SESSION
ICICIBANK,daily,2004-10-09,2004-10-09,ABSENT_ON_OBSERVED_NIFTY_50_SESSION
ICICIBANK,daily,2004-11-29,2004-11-29,ABSENT_ON_OBSERVED_NIFTY_50_SESSION
ICICIBANK,daily,2005-06-04,2005-06-04,ABSENT_ON_OBSERVED_NIFTY_50_SESSION
ICICIBANK,daily,2005-11-26,2005-11-26,ABSENT_ON_OBSERVED_NIFTY_50_SESSION
ICICIBANK,daily,2006-04-29,2006-04-29,ABSENT_ON_OBSERVED_NIFTY_50_SESSION
ICICIBANK,daily,2006-06-25,2006-06-25,ABSENT_ON_OBSERVED_NIFTY_50_SESSION
ICICIBANK,daily,2006-10-21,2006-10-21,ABSENT_ON_OBSERVED_NIFTY_50_SESSION
ICICIBANK,daily,2009-10-17,2009-10-17,ABSENT_ON_OBSERVED_NIFTY_50_SESSION
ICICIBANK,daily,2010-02-06,2010-02-06,ABSENT_ON_OBSERVED_NIFTY_50_SESSION
ICICIBANK,daily,2011-10-26,2011-10-26,ABSENT_ON_OBSERVED_NIFTY_50_SESSION
ICICIBANK,daily,2012-01-07,2012-01-07,ABSENT_ON_OBSERVED_NIFTY_50_SESSION
ICICIBANK,daily,2012-03-03,2012-03-03,ABSENT_ON_OBSERVED_NIFTY_50_SESSION
ICICIBANK,daily,2012-04-28,2012-04-28,ABSENT_ON_OBSERVED_NIFTY_50_SESSION
ICICIBANK,daily,2012-09-08,2012-09-08,ABSENT_ON_OBSERVED_NIFTY_50_SESSION
ICICIBANK,daily,2013-05-11,2013-05-11,ABSENT_ON_OBSERVED_NIFTY_50_SESSION
ICICIBANK,daily,2013-11-03,2013-11-03,ABSENT_ON_OBSERVED_NIFTY_50_SESSION
ICICIBANK,daily,2014-03-22,2014-03-22,ABSENT_ON_OBSERVED_NIFTY_50_SESSION
ICICIBANK,daily,2015-02-28,2015-02-28,ABSENT_ON_OBSERVED_NIFTY_50_SESSION
ICICIBANK,daily,2016-10-30,2016-10-30,ABSENT_ON_OBSERVED_NIFTY_50_SESSION
ICICIBANK,daily,2017-10-19,2017-10-19,ABSENT_ON_OBSERVED_NIFTY_50_SESSION
ICICIBANK,daily,2018-11-07,2018-11-07,ABSENT_ON_OBSERVED_NIFTY_50_SESSION
ICICIGI,daily,2017-10-19,2017-10-19,ABSENT_ON_OBSERVED_NIFTY_50_SESSION
ICICIGI,daily,2018-11-07,2018-11-07,ABSENT_ON_OBSERVED_NIFTY_50_SESSION
IDEA,daily,2009-10-17,2009-10-17,ABSENT_ON_OBSERVED_NIFTY_50_SESSION
IDEA,daily,2010-02-06,2010-02-06,ABSENT_ON_OBSERVED_NIFTY_50_SESSION
IDEA,daily,2011-10-26,2011-10-26,ABSENT_ON_OBSERVED_NIFTY_50_SESSION
IDEA,daily,2012-01-07,2012-01-07,ABSENT_ON_OBSERVED_NIFTY_50_SESSION
IDEA,daily,2012-03-03,2012-03-03,ABSENT_ON_OBSERVED_NIFTY_50_SESSION
IDEA,daily,2012-04-28,2012-04-28,ABSENT_ON_OBSERVED_NIFTY_50_SESSION
IDEA,daily,2012-09-08,2012-09-08,ABSENT_ON_OBSERVED_NIFTY_50_SESSION
IDEA,daily,2013-05-11,2013-05-11,ABSENT_ON_OBSERVED_NIFTY_50_SESSION
IDEA,daily,2013-11-03,2013-11-03,ABSENT_ON_OBSERVED_NIFTY_50_SESSION
IDEA,daily,2014-03-22,2014-03-22,ABSENT_ON_OBSERVED_NIFTY_50_SESSION
IDEA,daily,2015-02-28,2015-02-28,ABSENT_ON_OBSERVED_NIFTY_50_SESSION
IDEA,daily,2016-10-30,2016-10-30,ABSENT_ON_OBSERVED_NIFTY_50_SESSION
IDEA,daily,2017-10-19,2017-10-19,ABSENT_ON_OBSERVED_NIFTY_50_SESSION
IDEA,daily,2018-11-07,2018-11-07,ABSENT_ON_OBSERVED_NIFTY_50_SESSION
IDEA,daily,2024-08-30,2024-08-30,ABSENT_ON_OBSERVED_NIFTY_50_SESSION
IDFCFIRSTB,daily,2016-10-30,2016-10-30,ABSENT_ON_OBSERVED_NIFTY_50_SESSION
IDFCFIRSTB,daily,2017-10-19,2017-10-19,ABSENT_ON_OBSERVED_NIFTY_50_SESSION
IDFCFIRSTB,daily,2018-11-07,2018-11-07,ABSENT_ON_OBSERVED_NIFTY_50_SESSION
INDHOTEL,daily,2003-03-22,2003-03-22,ABSENT_ON_OBSERVED_NIFTY_50_SESSION
INDHOTEL,daily,2003-10-25,2003-10-25,ABSENT_ON_OBSERVED_NIFTY_50_SESSION
INDHOTEL,daily,2003-11-15,2003-11-15,ABSENT_ON_OBSERVED_NIFTY_50_SESSION
INDHOTEL,daily,2004-04-17,2004-04-17,ABSENT_ON_OBSERVED_NIFTY_50_SESSION
INDHOTEL,daily,2004-05-24,2004-05-24,ABSENT_ON_OBSERVED_NIFTY_50_SESSION
INDHOTEL,daily,2004-05-25,2004-05-25,ABSENT_ON_OBSERVED_NIFTY_50_SESSION
INDHOTEL,daily,2004-05-26,2004-05-26,ABSENT_ON_OBSERVED_NIFTY_50_SESSION
INDHOTEL,daily,2004-05-27,2004-05-27,ABSENT_ON_OBSERVED_NIFTY_50_SESSION
INDHOTEL,daily,2004-05-28,2004-05-28,ABSENT_ON_OBSERVED_NIFTY_50_SESSION
INDHOTEL,daily,2004-05-31,2004-05-31,ABSENT_ON_OBSERVED_NIFTY_50_SESSION
INDHOTEL,daily,2004-06-01,2004-06-01,ABSENT_ON_OBSERVED_NIFTY_50_SESSION
INDHOTEL,daily,2004-06-02,2004-06-02,ABSENT_ON_OBSERVED_NIFTY_50_SESSION
INDHOTEL,daily,2004-06-03,2004-06-03,ABSENT_ON_OBSERVED_NIFTY_50_SESSION
INDHOTEL,daily,2004-06-04,2004-06-04,ABSENT_ON_OBSERVED_NIFTY_50_SESSION
INDHOTEL,daily,2004-06-07,2004-06-07,ABSENT_ON_OBSERVED_NIFTY_50_SESSION
INDHOTEL,daily,2004-06-08,2004-06-08,ABSENT_ON_OBSERVED_NIFTY_50_SESSION
INDHOTEL,daily,2004-06-09,2004-06-09,ABSENT_ON_OBSERVED_NIFTY_50_SESSION
INDHOTEL,daily,2004-06-10,2004-06-10,ABSENT_ON_OBSERVED_NIFTY_50_SESSION
INDHOTEL,daily,2004-06-11,2004-06-11,ABSENT_ON_OBSERVED_NIFTY_50_SESSION
INDHOTEL,daily,2004-06-14,2004-06-14,ABSENT_ON_OBSERVED_NIFTY_50_SESSION
INDHOTEL,daily,2004-06-15,2004-06-15,ABSENT_ON_OBSERVED_NIFTY_50_SESSION
INDHOTEL,daily,2004-06-16,2004-06-16,ABSENT_ON_OBSERVED_NIFTY_50_SESSION
INDHOTEL,daily,2004-06-17,2004-06-17,ABSENT_ON_OBSERVED_NIFTY_50_SESSION
INDHOTEL,daily,2004-06-18,2004-06-18,ABSENT_ON_OBSERVED_NIFTY_50_SESSION
INDHOTEL,daily,2004-06-21,2004-06-21,ABSENT_ON_OBSERVED_NIFTY_50_SESSION
INDHOTEL,daily,2004-06-22,2004-06-22,ABSENT_ON_OBSERVED_NIFTY_50_SESSION
INDHOTEL,daily,2004-10-09,2004-10-09,ABSENT_ON_OBSERVED_NIFTY_50_SESSION
INDHOTEL,daily,2005-06-04,2005-06-04,ABSENT_ON_OBSERVED_NIFTY_50_SESSION
INDHOTEL,daily,2005-11-26,2005-11-26,ABSENT_ON_OBSERVED_NIFTY_50_SESSION
INDHOTEL,daily,2006-04-29,2006-04-29,ABSENT_ON_OBSERVED_NIFTY_50_SESSION
INDHOTEL,daily,2006-06-25,2006-06-25,ABSENT_ON_OBSERVED_NIFTY_50_SESSION
INDHOTEL,daily,2006-10-21,2006-10-21,ABSENT_ON_OBSERVED_NIFTY_50_SESSION
INDHOTEL,daily,2009-10-17,2009-10-17,ABSENT_ON_OBSERVED_NIFTY_50_SESSION
INDHOTEL,daily,2010-02-06,2010-02-06,ABSENT_ON_OBSERVED_NIFTY_50_SESSION
INDHOTEL,daily,2011-10-26,2011-10-26,ABSENT_ON_OBSERVED_NIFTY_50_SESSION
INDHOTEL,daily,2012-01-07,2012-01-07,ABSENT_ON_OBSERVED_NIFTY_50_SESSION
INDHOTEL,daily,2012-03-03,2012-03-03,ABSENT_ON_OBSERVED_NIFTY_50_SESSION
INDHOTEL,daily,2012-04-28,2012-04-28,ABSENT_ON_OBSERVED_NIFTY_50_SESSION
INDHOTEL,daily,2012-09-08,2012-09-08,ABSENT_ON_OBSERVED_NIFTY_50_SESSION
INDHOTEL,daily,2013-05-11,2013-05-11,ABSENT_ON_OBSERVED_NIFTY_50_SESSION
INDHOTEL,daily,2013-11-03,2013-11-03,ABSENT_ON_OBSERVED_NIFTY_50_SESSION
INDHOTEL,daily,2014-03-22,2014-03-22,ABSENT_ON_OBSERVED_NIFTY_50_SESSION
INDHOTEL,daily,2015-02-28,2015-02-28,ABSENT_ON_OBSERVED_NIFTY_50_SESSION
INDHOTEL,daily,2016-10-30,2016-10-30,ABSENT_ON_OBSERVED_NIFTY_50_SESSION
INDHOTEL,daily,2017-10-19,2017-10-19,ABSENT_ON_OBSERVED_NIFTY_50_SESSION
INDHOTEL,daily,2018-11-07,2018-11-07,ABSENT_ON_OBSERVED_NIFTY_50_SESSION
INDIANB,daily,2009-10-17,2009-10-17,ABSENT_ON_OBSERVED_NIFTY_50_SESSION
INDIANB,daily,2010-02-06,2010-02-06,ABSENT_ON_OBSERVED_NIFTY_50_SESSION
INDIANB,daily,2011-10-26,2011-10-26,ABSENT_ON_OBSERVED_NIFTY_50_SESSION
INDIANB,daily,2012-01-07,2012-01-07,ABSENT_ON_OBSERVED_NIFTY_50_SESSION
INDIANB,daily,2012-03-03,2012-03-03,ABSENT_ON_OBSERVED_NIFTY_50_SESSION
INDIANB,daily,2012-04-28,2012-04-28,ABSENT_ON_OBSERVED_NIFTY_50_SESSION
INDIANB,daily,2012-09-08,2012-09-08,ABSENT_ON_OBSERVED_NIFTY_50_SESSION
INDIANB,daily,2013-05-11,2013-05-11,ABSENT_ON_OBSERVED_NIFTY_50_SESSION
INDIANB,daily,2013-11-03,2013-11-03,ABSENT_ON_OBSERVED_NIFTY_50_SESSION
INDIANB,daily,2014-03-22,2014-03-22,ABSENT_ON_OBSERVED_NIFTY_50_SESSION
INDIANB,daily,2015-02-28,2015-02-28,ABSENT_ON_OBSERVED_NIFTY_50_SESSION
INDIANB,daily,2016-10-30,2016-10-30,ABSENT_ON_OBSERVED_NIFTY_50_SESSION
INDIANB,daily,2017-10-19,2017-10-19,ABSENT_ON_OBSERVED_NIFTY_50_SESSION
INDIANB,daily,2018-11-07,2018-11-07,ABSENT_ON_OBSERVED_NIFTY_50_SESSION
INDIGO,daily,2016-10-30,2016-10-30,ABSENT_ON_OBSERVED_NIFTY_50_SESSION
INDIGO,daily,2017-10-19,2017-10-19,ABSENT_ON_OBSERVED_NIFTY_50_SESSION
INDIGO,daily,2018-11-07,2018-11-07,ABSENT_ON_OBSERVED_NIFTY_50_SESSION
INDUSINDBK,daily,2003-03-22,2003-03-22,ABSENT_ON_OBSERVED_NIFTY_50_SESSION
INDUSINDBK,daily,2003-10-25,2003-10-25,ABSENT_ON_OBSERVED_NIFTY_50_SESSION
INDUSINDBK,daily,2003-11-15,2003-11-15,ABSENT_ON_OBSERVED_NIFTY_50_SESSION
INDUSINDBK,daily,2004-04-17,2004-04-17,ABSENT_ON_OBSERVED_NIFTY_50_SESSION
INDUSINDBK,daily,2004-05-24,2004-05-24,ABSENT_ON_OBSERVED_NIFTY_50_SESSION
INDUSINDBK,daily,2004-05-25,2004-05-25,ABSENT_ON_OBSERVED_NIFTY_50_SESSION
INDUSINDBK,daily,2004-05-26,2004-05-26,ABSENT_ON_OBSERVED_NIFTY_50_SESSION
INDUSINDBK,daily,2004-05-27,2004-05-27,ABSENT_ON_OBSERVED_NIFTY_50_SESSION
INDUSINDBK,daily,2004-05-28,2004-05-28,ABSENT_ON_OBSERVED_NIFTY_50_SESSION
INDUSINDBK,daily,2004-05-31,2004-05-31,ABSENT_ON_OBSERVED_NIFTY_50_SESSION
INDUSINDBK,daily,2004-06-01,2004-06-01,ABSENT_ON_OBSERVED_NIFTY_50_SESSION
INDUSINDBK,daily,2004-06-02,2004-06-02,ABSENT_ON_OBSERVED_NIFTY_50_SESSION
INDUSINDBK,daily,2004-06-03,2004-06-03,ABSENT_ON_OBSERVED_NIFTY_50_SESSION
INDUSINDBK,daily,2004-06-04,2004-06-04,ABSENT_ON_OBSERVED_NIFTY_50_SESSION
INDUSINDBK,daily,2004-06-07,2004-06-07,ABSENT_ON_OBSERVED_NIFTY_50_SESSION
INDUSINDBK,daily,2004-06-08,2004-06-08,ABSENT_ON_OBSERVED_NIFTY_50_SESSION
INDUSINDBK,daily,2004-06-09,2004-06-09,ABSENT_ON_OBSERVED_NIFTY_50_SESSION
INDUSINDBK,daily,2004-06-10,2004-06-10,ABSENT_ON_OBSERVED_NIFTY_50_SESSION
INDUSINDBK,daily,2004-06-11,2004-06-11,ABSENT_ON_OBSERVED_NIFTY_50_SESSION
INDUSINDBK,daily,2004-06-14,2004-06-14,ABSENT_ON_OBSERVED_NIFTY_50_SESSION
INDUSINDBK,daily,2004-06-15,2004-06-15,ABSENT_ON_OBSERVED_NIFTY_50_SESSION
INDUSINDBK,daily,2004-06-16,2004-06-16,ABSENT_ON_OBSERVED_NIFTY_50_SESSION
INDUSINDBK,daily,2004-06-17,2004-06-17,ABSENT_ON_OBSERVED_NIFTY_50_SESSION
INDUSINDBK,daily,2004-06-18,2004-06-18,ABSENT_ON_OBSERVED_NIFTY_50_SESSION
INDUSINDBK,daily,2004-06-21,2004-06-21,ABSENT_ON_OBSERVED_NIFTY_50_SESSION
INDUSINDBK,daily,2004-06-22,2004-06-22,ABSENT_ON_OBSERVED_NIFTY_50_SESSION
INDUSINDBK,daily,2004-10-09,2004-10-09,ABSENT_ON_OBSERVED_NIFTY_50_SESSION
INDUSINDBK,daily,2005-06-04,2005-06-04,ABSENT_ON_OBSERVED_NIFTY_50_SESSION
INDUSINDBK,daily,2005-11-26,2005-11-26,ABSENT_ON_OBSERVED_NIFTY_50_SESSION
INDUSINDBK,daily,2006-04-29,2006-04-29,ABSENT_ON_OBSERVED_NIFTY_50_SESSION
INDUSINDBK,daily,2006-06-25,2006-06-25,ABSENT_ON_OBSERVED_NIFTY_50_SESSION
INDUSINDBK,daily,2006-10-21,2006-10-21,ABSENT_ON_OBSERVED_NIFTY_50_SESSION
INDUSINDBK,daily,2009-10-17,2009-10-17,ABSENT_ON_OBSERVED_NIFTY_50_SESSION
INDUSINDBK,daily,2010-02-06,2010-02-06,ABSENT_ON_OBSERVED_NIFTY_50_SESSION
INDUSINDBK,daily,2011-10-26,2011-10-26,ABSENT_ON_OBSERVED_NIFTY_50_SESSION
INDUSINDBK,daily,2012-01-07,2012-01-07,ABSENT_ON_OBSERVED_NIFTY_50_SESSION
INDUSINDBK,daily,2012-03-03,2012-03-03,ABSENT_ON_OBSERVED_NIFTY_50_SESSION
INDUSINDBK,daily,2012-04-28,2012-04-28,ABSENT_ON_OBSERVED_NIFTY_50_SESSION
INDUSINDBK,daily,2012-09-08,2012-09-08,ABSENT_ON_OBSERVED_NIFTY_50_SESSION
INDUSINDBK,daily,2013-05-11,2013-05-11,ABSENT_ON_OBSERVED_NIFTY_50_SESSION
INDUSINDBK,daily,2013-11-03,2013-11-03,ABSENT_ON_OBSERVED_NIFTY_50_SESSION
INDUSINDBK,daily,2014-03-22,2014-03-22,ABSENT_ON_OBSERVED_NIFTY_50_SESSION
INDUSINDBK,daily,2015-02-28,2015-02-28,ABSENT_ON_OBSERVED_NIFTY_50_SESSION
INDUSINDBK,daily,2016-10-30,2016-10-30,ABSENT_ON_OBSERVED_NIFTY_50_SESSION
INDUSINDBK,daily,2017-10-19,2017-10-19,ABSENT_ON_OBSERVED_NIFTY_50_SESSION
INDUSINDBK,daily,2018-11-07,2018-11-07,ABSENT_ON_OBSERVED_NIFTY_50_SESSION
INDUSTOWER,daily,2013-05-11,2013-05-11,ABSENT_ON_OBSERVED_NIFTY_50_SESSION
INDUSTOWER,daily,2013-11-03,2013-11-03,ABSENT_ON_OBSERVED_NIFTY_50_SESSION
INDUSTOWER,daily,2014-03-22,2014-03-22,ABSENT_ON_OBSERVED_NIFTY_50_SESSION
INDUSTOWER,daily,2015-02-28,2015-02-28,ABSENT_ON_OBSERVED_NIFTY_50_SESSION
INDUSTOWER,daily,2016-10-30,2016-10-30,ABSENT_ON_OBSERVED_NIFTY_50_SESSION
INDUSTOWER,daily,2017-10-19,2017-10-19,ABSENT_ON_OBSERVED_NIFTY_50_SESSION
INDUSTOWER,daily,2018-11-07,2018-11-07,ABSENT_ON_OBSERVED_NIFTY_50_SESSION
INFY,daily,2003-03-22,2003-03-22,ABSENT_ON_OBSERVED_NIFTY_50_SESSION
INFY,daily,2003-10-25,2003-10-25,ABSENT_ON_OBSERVED_NIFTY_50_SESSION
INFY,daily,2003-11-15,2003-11-15,ABSENT_ON_OBSERVED_NIFTY_50_SESSION
INFY,daily,2004-04-17,2004-04-17,ABSENT_ON_OBSERVED_NIFTY_50_SESSION
INFY,daily,2004-05-24,2004-05-24,ABSENT_ON_OBSERVED_NIFTY_50_SESSION
INFY,daily,2004-05-25,2004-05-25,ABSENT_ON_OBSERVED_NIFTY_50_SESSION
INFY,daily,2004-05-26,2004-05-26,ABSENT_ON_OBSERVED_NIFTY_50_SESSION
INFY,daily,2004-05-27,2004-05-27,ABSENT_ON_OBSERVED_NIFTY_50_SESSION
INFY,daily,2004-05-28,2004-05-28,ABSENT_ON_OBSERVED_NIFTY_50_SESSION
INFY,daily,2004-05-31,2004-05-31,ABSENT_ON_OBSERVED_NIFTY_50_SESSION
INFY,daily,2004-06-01,2004-06-01,ABSENT_ON_OBSERVED_NIFTY_50_SESSION
INFY,daily,2004-06-02,2004-06-02,ABSENT_ON_OBSERVED_NIFTY_50_SESSION
INFY,daily,2004-06-03,2004-06-03,ABSENT_ON_OBSERVED_NIFTY_50_SESSION
INFY,daily,2004-06-04,2004-06-04,ABSENT_ON_OBSERVED_NIFTY_50_SESSION
INFY,daily,2004-06-07,2004-06-07,ABSENT_ON_OBSERVED_NIFTY_50_SESSION
INFY,daily,2004-06-08,2004-06-08,ABSENT_ON_OBSERVED_NIFTY_50_SESSION
INFY,daily,2004-06-09,2004-06-09,ABSENT_ON_OBSERVED_NIFTY_50_SESSION
INFY,daily,2004-06-10,2004-06-10,ABSENT_ON_OBSERVED_NIFTY_50_SESSION
INFY,daily,2004-06-11,2004-06-11,ABSENT_ON_OBSERVED_NIFTY_50_SESSION
INFY,daily,2004-06-14,2004-06-14,ABSENT_ON_OBSERVED_NIFTY_50_SESSION
INFY,daily,2004-06-15,2004-06-15,ABSENT_ON_OBSERVED_NIFTY_50_SESSION
INFY,daily,2004-06-16,2004-06-16,ABSENT_ON_OBSERVED_NIFTY_50_SESSION
INFY,daily,2004-06-17,2004-06-17,ABSENT_ON_OBSERVED_NIFTY_50_SESSION
INFY,daily,2004-06-18,2004-06-18,ABSENT_ON_OBSERVED_NIFTY_50_SESSION
INFY,daily,2004-06-21,2004-06-21,ABSENT_ON_OBSERVED_NIFTY_50_SESSION
INFY,daily,2004-06-22,2004-06-22,ABSENT_ON_OBSERVED_NIFTY_50_SESSION
INFY,daily,2004-10-09,2004-10-09,ABSENT_ON_OBSERVED_NIFTY_50_SESSION
INFY,daily,2005-06-04,2005-06-04,ABSENT_ON_OBSERVED_NIFTY_50_SESSION
INFY,daily,2005-11-26,2005-11-26,ABSENT_ON_OBSERVED_NIFTY_50_SESSION
INFY,daily,2006-04-29,2006-04-29,ABSENT_ON_OBSERVED_NIFTY_50_SESSION
INFY,daily,2006-06-25,2006-06-25,ABSENT_ON_OBSERVED_NIFTY_50_SESSION
INFY,daily,2006-10-21,2006-10-21,ABSENT_ON_OBSERVED_NIFTY_50_SESSION
INFY,daily,2009-10-17,2009-10-17,ABSENT_ON_OBSERVED_NIFTY_50_SESSION
INFY,daily,2010-02-06,2010-02-06,ABSENT_ON_OBSERVED_NIFTY_50_SESSION
INFY,daily,2011-10-26,2011-10-26,ABSENT_ON_OBSERVED_NIFTY_50_SESSION
INFY,daily,2012-01-07,2012-01-07,ABSENT_ON_OBSERVED_NIFTY_50_SESSION
INFY,daily,2012-03-03,2012-03-03,ABSENT_ON_OBSERVED_NIFTY_50_SESSION
INFY,daily,2012-04-28,2012-04-28,ABSENT_ON_OBSERVED_NIFTY_50_SESSION
INFY,daily,2012-09-08,2012-09-08,ABSENT_ON_OBSERVED_NIFTY_50_SESSION
INFY,daily,2013-05-11,2013-05-11,ABSENT_ON_OBSERVED_NIFTY_50_SESSION
INFY,daily,2013-11-03,2013-11-03,ABSENT_ON_OBSERVED_NIFTY_50_SESSION
INFY,daily,2014-03-22,2014-03-22,ABSENT_ON_OBSERVED_NIFTY_50_SESSION
INFY,daily,2015-02-28,2015-02-28,ABSENT_ON_OBSERVED_NIFTY_50_SESSION
INFY,daily,2016-10-30,2016-10-30,ABSENT_ON_OBSERVED_NIFTY_50_SESSION
INFY,daily,2017-10-19,2017-10-19,ABSENT_ON_OBSERVED_NIFTY_50_SESSION
INFY,daily,2018-11-07,2018-11-07,ABSENT_ON_OBSERVED_NIFTY_50_SESSION
IOC,daily,2003-03-22,2003-03-22,ABSENT_ON_OBSERVED_NIFTY_50_SESSION
IOC,daily,2003-10-25,2003-10-25,ABSENT_ON_OBSERVED_NIFTY_50_SESSION
IOC,daily,2003-11-15,2003-11-15,ABSENT_ON_OBSERVED_NIFTY_50_SESSION
IOC,daily,2004-04-17,2004-04-17,ABSENT_ON_OBSERVED_NIFTY_50_SESSION
IOC,daily,2004-05-24,2004-05-24,ABSENT_ON_OBSERVED_NIFTY_50_SESSION
IOC,daily,2004-05-25,2004-05-25,ABSENT_ON_OBSERVED_NIFTY_50_SESSION
IOC,daily,2004-05-26,2004-05-26,ABSENT_ON_OBSERVED_NIFTY_50_SESSION
IOC,daily,2004-05-27,2004-05-27,ABSENT_ON_OBSERVED_NIFTY_50_SESSION
IOC,daily,2004-05-28,2004-05-28,ABSENT_ON_OBSERVED_NIFTY_50_SESSION
IOC,daily,2004-05-31,2004-05-31,ABSENT_ON_OBSERVED_NIFTY_50_SESSION
IOC,daily,2004-06-01,2004-06-01,ABSENT_ON_OBSERVED_NIFTY_50_SESSION
IOC,daily,2004-06-02,2004-06-02,ABSENT_ON_OBSERVED_NIFTY_50_SESSION
IOC,daily,2004-06-03,2004-06-03,ABSENT_ON_OBSERVED_NIFTY_50_SESSION
IOC,daily,2004-06-04,2004-06-04,ABSENT_ON_OBSERVED_NIFTY_50_SESSION
IOC,daily,2004-06-07,2004-06-07,ABSENT_ON_OBSERVED_NIFTY_50_SESSION
IOC,daily,2004-06-08,2004-06-08,ABSENT_ON_OBSERVED_NIFTY_50_SESSION
IOC,daily,2004-06-09,2004-06-09,ABSENT_ON_OBSERVED_NIFTY_50_SESSION
IOC,daily,2004-06-10,2004-06-10,ABSENT_ON_OBSERVED_NIFTY_50_SESSION
IOC,daily,2004-06-11,2004-06-11,ABSENT_ON_OBSERVED_NIFTY_50_SESSION
IOC,daily,2004-06-14,2004-06-14,ABSENT_ON_OBSERVED_NIFTY_50_SESSION
IOC,daily,2004-06-15,2004-06-15,ABSENT_ON_OBSERVED_NIFTY_50_SESSION
IOC,daily,2004-06-16,2004-06-16,ABSENT_ON_OBSERVED_NIFTY_50_SESSION
IOC,daily,2004-06-17,2004-06-17,ABSENT_ON_OBSERVED_NIFTY_50_SESSION
IOC,daily,2004-06-18,2004-06-18,ABSENT_ON_OBSERVED_NIFTY_50_SESSION
IOC,daily,2004-06-21,2004-06-21,ABSENT_ON_OBSERVED_NIFTY_50_SESSION
IOC,daily,2004-06-22,2004-06-22,ABSENT_ON_OBSERVED_NIFTY_50_SESSION
IOC,daily,2004-10-09,2004-10-09,ABSENT_ON_OBSERVED_NIFTY_50_SESSION
IOC,daily,2005-06-04,2005-06-04,ABSENT_ON_OBSERVED_NIFTY_50_SESSION
IOC,daily,2005-11-26,2005-11-26,ABSENT_ON_OBSERVED_NIFTY_50_SESSION
IOC,daily,2006-04-29,2006-04-29,ABSENT_ON_OBSERVED_NIFTY_50_SESSION
IOC,daily,2006-06-25,2006-06-25,ABSENT_ON_OBSERVED_NIFTY_50_SESSION
IOC,daily,2006-10-21,2006-10-21,ABSENT_ON_OBSERVED_NIFTY_50_SESSION
IOC,daily,2009-10-17,2009-10-17,ABSENT_ON_OBSERVED_NIFTY_50_SESSION
IOC,daily,2010-02-06,2010-02-06,ABSENT_ON_OBSERVED_NIFTY_50_SESSION
IOC,daily,2011-10-26,2011-10-26,ABSENT_ON_OBSERVED_NIFTY_50_SESSION
IOC,daily,2012-01-07,2012-01-07,ABSENT_ON_OBSERVED_NIFTY_50_SESSION
IOC,daily,2012-03-03,2012-03-03,ABSENT_ON_OBSERVED_NIFTY_50_SESSION
IOC,daily,2012-04-28,2012-04-28,ABSENT_ON_OBSERVED_NIFTY_50_SESSION
IOC,daily,2012-09-08,2012-09-08,ABSENT_ON_OBSERVED_NIFTY_50_SESSION
IOC,daily,2013-05-11,2013-05-11,ABSENT_ON_OBSERVED_NIFTY_50_SESSION
IOC,daily,2013-11-03,2013-11-03,ABSENT_ON_OBSERVED_NIFTY_50_SESSION
IOC,daily,2014-03-22,2014-03-22,ABSENT_ON_OBSERVED_NIFTY_50_SESSION
IOC,daily,2015-02-28,2015-02-28,ABSENT_ON_OBSERVED_NIFTY_50_SESSION
IOC,daily,2016-10-30,2016-10-30,ABSENT_ON_OBSERVED_NIFTY_50_SESSION
IOC,daily,2017-10-19,2017-10-19,ABSENT_ON_OBSERVED_NIFTY_50_SESSION
IOC,daily,2018-11-07,2018-11-07,ABSENT_ON_OBSERVED_NIFTY_50_SESSION
ITC,daily,2003-03-22,2003-03-22,ABSENT_ON_OBSERVED_NIFTY_50_SESSION
ITC,daily,2003-10-25,2003-10-25,ABSENT_ON_OBSERVED_NIFTY_50_SESSION
ITC,daily,2003-11-15,2003-11-15,ABSENT_ON_OBSERVED_NIFTY_50_SESSION
ITC,daily,2004-04-17,2004-04-17,ABSENT_ON_OBSERVED_NIFTY_50_SESSION
ITC,daily,2004-05-24,2004-05-24,ABSENT_ON_OBSERVED_NIFTY_50_SESSION
ITC,daily,2004-05-25,2004-05-25,ABSENT_ON_OBSERVED_NIFTY_50_SESSION
ITC,daily,2004-05-26,2004-05-26,ABSENT_ON_OBSERVED_NIFTY_50_SESSION
ITC,daily,2004-05-27,2004-05-27,ABSENT_ON_OBSERVED_NIFTY_50_SESSION
ITC,daily,2004-05-28,2004-05-28,ABSENT_ON_OBSERVED_NIFTY_50_SESSION
ITC,daily,2004-05-31,2004-05-31,ABSENT_ON_OBSERVED_NIFTY_50_SESSION
ITC,daily,2004-06-01,2004-06-01,ABSENT_ON_OBSERVED_NIFTY_50_SESSION
ITC,daily,2004-06-02,2004-06-02,ABSENT_ON_OBSERVED_NIFTY_50_SESSION
ITC,daily,2004-06-03,2004-06-03,ABSENT_ON_OBSERVED_NIFTY_50_SESSION
ITC,daily,2004-06-04,2004-06-04,ABSENT_ON_OBSERVED_NIFTY_50_SESSION
ITC,daily,2004-06-07,2004-06-07,ABSENT_ON_OBSERVED_NIFTY_50_SESSION
ITC,daily,2004-06-08,2004-06-08,ABSENT_ON_OBSERVED_NIFTY_50_SESSION
ITC,daily,2004-06-09,2004-06-09,ABSENT_ON_OBSERVED_NIFTY_50_SESSION
ITC,daily,2004-06-10,2004-06-10,ABSENT_ON_OBSERVED_NIFTY_50_SESSION
ITC,daily,2004-06-11,2004-06-11,ABSENT_ON_OBSERVED_NIFTY_50_SESSION
ITC,daily,2004-06-14,2004-06-14,ABSENT_ON_OBSERVED_NIFTY_50_SESSION
ITC,daily,2004-06-15,2004-06-15,ABSENT_ON_OBSERVED_NIFTY_50_SESSION
ITC,daily,2004-06-16,2004-06-16,ABSENT_ON_OBSERVED_NIFTY_50_SESSION
ITC,daily,2004-06-17,2004-06-17,ABSENT_ON_OBSERVED_NIFTY_50_SESSION
ITC,daily,2004-06-18,2004-06-18,ABSENT_ON_OBSERVED_NIFTY_50_SESSION
ITC,daily,2004-06-21,2004-06-21,ABSENT_ON_OBSERVED_NIFTY_50_SESSION
ITC,daily,2004-06-22,2004-06-22,ABSENT_ON_OBSERVED_NIFTY_50_SESSION
ITC,daily,2004-10-09,2004-10-09,ABSENT_ON_OBSERVED_NIFTY_50_SESSION
ITC,daily,2005-06-04,2005-06-04,ABSENT_ON_OBSERVED_NIFTY_50_SESSION
ITC,daily,2005-11-26,2005-11-26,ABSENT_ON_OBSERVED_NIFTY_50_SESSION
ITC,daily,2006-04-29,2006-04-29,ABSENT_ON_OBSERVED_NIFTY_50_SESSION
ITC,daily,2006-06-25,2006-06-25,ABSENT_ON_OBSERVED_NIFTY_50_SESSION
ITC,daily,2006-10-21,2006-10-21,ABSENT_ON_OBSERVED_NIFTY_50_SESSION
ITC,daily,2009-10-17,2009-10-17,ABSENT_ON_OBSERVED_NIFTY_50_SESSION
ITC,daily,2010-02-06,2010-02-06,ABSENT_ON_OBSERVED_NIFTY_50_SESSION
ITC,daily,2011-10-26,2011-10-26,ABSENT_ON_OBSERVED_NIFTY_50_SESSION
ITC,daily,2012-01-07,2012-01-07,ABSENT_ON_OBSERVED_NIFTY_50_SESSION
ITC,daily,2012-03-03,2012-03-03,ABSENT_ON_OBSERVED_NIFTY_50_SESSION
ITC,daily,2012-04-28,2012-04-28,ABSENT_ON_OBSERVED_NIFTY_50_SESSION
ITC,daily,2012-09-08,2012-09-08,ABSENT_ON_OBSERVED_NIFTY_50_SESSION
ITC,daily,2013-05-11,2013-05-11,ABSENT_ON_OBSERVED_NIFTY_50_SESSION
ITC,daily,2013-11-03,2013-11-03,ABSENT_ON_OBSERVED_NIFTY_50_SESSION
ITC,daily,2014-03-22,2014-03-22,ABSENT_ON_OBSERVED_NIFTY_50_SESSION
ITC,daily,2015-02-28,2015-02-28,ABSENT_ON_OBSERVED_NIFTY_50_SESSION
ITC,daily,2016-10-30,2016-10-30,ABSENT_ON_OBSERVED_NIFTY_50_SESSION
ITC,daily,2017-10-19,2017-10-19,ABSENT_ON_OBSERVED_NIFTY_50_SESSION
ITC,daily,2018-11-07,2018-11-07,ABSENT_ON_OBSERVED_NIFTY_50_SESSION
JINDALSTEL,daily,2003-03-22,2003-03-22,ABSENT_ON_OBSERVED_NIFTY_50_SESSION
JINDALSTEL,daily,2003-10-25,2003-10-25,ABSENT_ON_OBSERVED_NIFTY_50_SESSION
JINDALSTEL,daily,2003-11-15,2003-11-15,ABSENT_ON_OBSERVED_NIFTY_50_SESSION
JINDALSTEL,daily,2004-04-17,2004-04-17,ABSENT_ON_OBSERVED_NIFTY_50_SESSION
JINDALSTEL,daily,2004-05-24,2004-05-24,ABSENT_ON_OBSERVED_NIFTY_50_SESSION
JINDALSTEL,daily,2004-05-25,2004-05-25,ABSENT_ON_OBSERVED_NIFTY_50_SESSION
JINDALSTEL,daily,2004-05-26,2004-05-26,ABSENT_ON_OBSERVED_NIFTY_50_SESSION
JINDALSTEL,daily,2004-05-27,2004-05-27,ABSENT_ON_OBSERVED_NIFTY_50_SESSION
JINDALSTEL,daily,2004-05-28,2004-05-28,ABSENT_ON_OBSERVED_NIFTY_50_SESSION
JINDALSTEL,daily,2004-05-31,2004-05-31,ABSENT_ON_OBSERVED_NIFTY_50_SESSION
JINDALSTEL,daily,2004-06-01,2004-06-01,ABSENT_ON_OBSERVED_NIFTY_50_SESSION
JINDALSTEL,daily,2004-06-02,2004-06-02,ABSENT_ON_OBSERVED_NIFTY_50_SESSION
JINDALSTEL,daily,2004-06-03,2004-06-03,ABSENT_ON_OBSERVED_NIFTY_50_SESSION
JINDALSTEL,daily,2004-06-04,2004-06-04,ABSENT_ON_OBSERVED_NIFTY_50_SESSION
JINDALSTEL,daily,2004-06-07,2004-06-07,ABSENT_ON_OBSERVED_NIFTY_50_SESSION
JINDALSTEL,daily,2004-06-08,2004-06-08,ABSENT_ON_OBSERVED_NIFTY_50_SESSION
JINDALSTEL,daily,2004-06-09,2004-06-09,ABSENT_ON_OBSERVED_NIFTY_50_SESSION
JINDALSTEL,daily,2004-06-10,2004-06-10,ABSENT_ON_OBSERVED_NIFTY_50_SESSION
JINDALSTEL,daily,2004-06-11,2004-06-11,ABSENT_ON_OBSERVED_NIFTY_50_SESSION
JINDALSTEL,daily,2004-06-14,2004-06-14,ABSENT_ON_OBSERVED_NIFTY_50_SESSION
JINDALSTEL,daily,2004-06-15,2004-06-15,ABSENT_ON_OBSERVED_NIFTY_50_SESSION
JINDALSTEL,daily,2004-06-16,2004-06-16,ABSENT_ON_OBSERVED_NIFTY_50_SESSION
JINDALSTEL,daily,2004-06-17,2004-06-17,ABSENT_ON_OBSERVED_NIFTY_50_SESSION
JINDALSTEL,daily,2004-06-18,2004-06-18,ABSENT_ON_OBSERVED_NIFTY_50_SESSION
JINDALSTEL,daily,2004-06-21,2004-06-21,ABSENT_ON_OBSERVED_NIFTY_50_SESSION
JINDALSTEL,daily,2004-06-22,2004-06-22,ABSENT_ON_OBSERVED_NIFTY_50_SESSION
JINDALSTEL,daily,2004-10-09,2004-10-09,ABSENT_ON_OBSERVED_NIFTY_50_SESSION
JINDALSTEL,daily,2005-06-04,2005-06-04,ABSENT_ON_OBSERVED_NIFTY_50_SESSION
JINDALSTEL,daily,2005-11-26,2005-11-26,ABSENT_ON_OBSERVED_NIFTY_50_SESSION
JINDALSTEL,daily,2006-04-29,2006-04-29,ABSENT_ON_OBSERVED_NIFTY_50_SESSION
JINDALSTEL,daily,2006-06-25,2006-06-25,ABSENT_ON_OBSERVED_NIFTY_50_SESSION
JINDALSTEL,daily,2006-10-21,2006-10-21,ABSENT_ON_OBSERVED_NIFTY_50_SESSION
JINDALSTEL,daily,2009-10-17,2009-10-17,ABSENT_ON_OBSERVED_NIFTY_50_SESSION
JINDALSTEL,daily,2010-02-06,2010-02-06,ABSENT_ON_OBSERVED_NIFTY_50_SESSION
JINDALSTEL,daily,2011-10-26,2011-10-26,ABSENT_ON_OBSERVED_NIFTY_50_SESSION
JINDALSTEL,daily,2012-01-07,2012-01-07,ABSENT_ON_OBSERVED_NIFTY_50_SESSION
JINDALSTEL,daily,2012-03-03,2012-03-03,ABSENT_ON_OBSERVED_NIFTY_50_SESSION
JINDALSTEL,daily,2012-04-28,2012-04-28,ABSENT_ON_OBSERVED_NIFTY_50_SESSION
JINDALSTEL,daily,2012-09-08,2012-09-08,ABSENT_ON_OBSERVED_NIFTY_50_SESSION
JINDALSTEL,daily,2013-05-11,2013-05-11,ABSENT_ON_OBSERVED_NIFTY_50_SESSION
JINDALSTEL,daily,2013-11-03,2013-11-03,ABSENT_ON_OBSERVED_NIFTY_50_SESSION
JINDALSTEL,daily,2014-03-22,2014-03-22,ABSENT_ON_OBSERVED_NIFTY_50_SESSION
JINDALSTEL,daily,2015-02-28,2015-02-28,ABSENT_ON_OBSERVED_NIFTY_50_SESSION
JINDALSTEL,daily,2016-10-30,2016-10-30,ABSENT_ON_OBSERVED_NIFTY_50_SESSION
JINDALSTEL,daily,2017-10-19,2017-10-19,ABSENT_ON_OBSERVED_NIFTY_50_SESSION
JINDALSTEL,daily,2018-11-07,2018-11-07,ABSENT_ON_OBSERVED_NIFTY_50_SESSION
JSWENERGY,daily,2010-02-06,2010-02-06,ABSENT_ON_OBSERVED_NIFTY_50_SESSION
JSWENERGY,daily,2011-10-26,2011-10-26,ABSENT_ON_OBSERVED_NIFTY_50_SESSION
JSWENERGY,daily,2012-01-07,2012-01-07,ABSENT_ON_OBSERVED_NIFTY_50_SESSION
JSWENERGY,daily,2012-03-03,2012-03-03,ABSENT_ON_OBSERVED_NIFTY_50_SESSION
JSWENERGY,daily,2012-04-28,2012-04-28,ABSENT_ON_OBSERVED_NIFTY_50_SESSION
JSWENERGY,daily,2012-09-08,2012-09-08,ABSENT_ON_OBSERVED_NIFTY_50_SESSION
JSWENERGY,daily,2013-05-11,2013-05-11,ABSENT_ON_OBSERVED_NIFTY_50_SESSION
JSWENERGY,daily,2013-11-03,2013-11-03,ABSENT_ON_OBSERVED_NIFTY_50_SESSION
JSWENERGY,daily,2014-03-22,2014-03-22,ABSENT_ON_OBSERVED_NIFTY_50_SESSION
JSWENERGY,daily,2015-02-28,2015-02-28,ABSENT_ON_OBSERVED_NIFTY_50_SESSION
JSWENERGY,daily,2016-10-30,2016-10-30,ABSENT_ON_OBSERVED_NIFTY_50_SESSION
JSWENERGY,daily,2017-10-19,2017-10-19,ABSENT_ON_OBSERVED_NIFTY_50_SESSION
JSWENERGY,daily,2018-11-07,2018-11-07,ABSENT_ON_OBSERVED_NIFTY_50_SESSION
JSWSTEEL,daily,2005-06-04,2005-06-04,ABSENT_ON_OBSERVED_NIFTY_50_SESSION
JSWSTEEL,daily,2005-11-26,2005-11-26,ABSENT_ON_OBSERVED_NIFTY_50_SESSION
JSWSTEEL,daily,2006-04-29,2006-04-29,ABSENT_ON_OBSERVED_NIFTY_50_SESSION
JSWSTEEL,daily,2006-06-25,2006-06-25,ABSENT_ON_OBSERVED_NIFTY_50_SESSION
JSWSTEEL,daily,2006-10-21,2006-10-21,ABSENT_ON_OBSERVED_NIFTY_50_SESSION
JSWSTEEL,daily,2009-10-17,2009-10-17,ABSENT_ON_OBSERVED_NIFTY_50_SESSION
JSWSTEEL,daily,2010-02-06,2010-02-06,ABSENT_ON_OBSERVED_NIFTY_50_SESSION
JSWSTEEL,daily,2011-10-26,2011-10-26,ABSENT_ON_OBSERVED_NIFTY_50_SESSION
JSWSTEEL,daily,2012-01-07,2012-01-07,ABSENT_ON_OBSERVED_NIFTY_50_SESSION
JSWSTEEL,daily,2012-03-03,2012-03-03,ABSENT_ON_OBSERVED_NIFTY_50_SESSION
JSWSTEEL,daily,2012-04-28,2012-04-28,ABSENT_ON_OBSERVED_NIFTY_50_SESSION
JSWSTEEL,daily,2012-09-08,2012-09-08,ABSENT_ON_OBSERVED_NIFTY_50_SESSION
JSWSTEEL,daily,2013-05-11,2013-05-11,ABSENT_ON_OBSERVED_NIFTY_50_SESSION
JSWSTEEL,daily,2013-11-03,2013-11-03,ABSENT_ON_OBSERVED_NIFTY_50_SESSION
JSWSTEEL,daily,2014-03-22,2014-03-22,ABSENT_ON_OBSERVED_NIFTY_50_SESSION
JSWSTEEL,daily,2015-02-28,2015-02-28,ABSENT_ON_OBSERVED_NIFTY_50_SESSION
JSWSTEEL,daily,2016-10-30,2016-10-30,ABSENT_ON_OBSERVED_NIFTY_50_SESSION
JSWSTEEL,daily,2017-10-19,2017-10-19,ABSENT_ON_OBSERVED_NIFTY_50_SESSION
JSWSTEEL,daily,2018-11-07,2018-11-07,ABSENT_ON_OBSERVED_NIFTY_50_SESSION
JUBLFOOD,daily,2011-10-26,2011-10-26,ABSENT_ON_OBSERVED_NIFTY_50_SESSION
JUBLFOOD,daily,2012-01-07,2012-01-07,ABSENT_ON_OBSERVED_NIFTY_50_SESSION
JUBLFOOD,daily,2012-03-03,2012-03-03,ABSENT_ON_OBSERVED_NIFTY_50_SESSION
JUBLFOOD,daily,2012-04-28,2012-04-28,ABSENT_ON_OBSERVED_NIFTY_50_SESSION
JUBLFOOD,daily,2012-09-08,2012-09-08,ABSENT_ON_OBSERVED_NIFTY_50_SESSION
JUBLFOOD,daily,2013-05-11,2013-05-11,ABSENT_ON_OBSERVED_NIFTY_50_SESSION
JUBLFOOD,daily,2013-11-03,2013-11-03,ABSENT_ON_OBSERVED_NIFTY_50_SESSION
JUBLFOOD,daily,2014-03-22,2014-03-22,ABSENT_ON_OBSERVED_NIFTY_50_SESSION
JUBLFOOD,daily,2015-02-28,2015-02-28,ABSENT_ON_OBSERVED_NIFTY_50_SESSION
JUBLFOOD,daily,2016-10-30,2016-10-30,ABSENT_ON_OBSERVED_NIFTY_50_SESSION
JUBLFOOD,daily,2017-10-19,2017-10-19,ABSENT_ON_OBSERVED_NIFTY_50_SESSION
JUBLFOOD,daily,2018-11-07,2018-11-07,ABSENT_ON_OBSERVED_NIFTY_50_SESSION
KEI,daily,2006-04-29,2006-04-29,ABSENT_ON_OBSERVED_NIFTY_50_SESSION
KEI,daily,2006-06-25,2006-06-25,ABSENT_ON_OBSERVED_NIFTY_50_SESSION
KEI,daily,2006-10-21,2006-10-21,ABSENT_ON_OBSERVED_NIFTY_50_SESSION
KEI,daily,2009-10-17,2009-10-17,ABSENT_ON_OBSERVED_NIFTY_50_SESSION
KEI,daily,2010-02-06,2010-02-06,ABSENT_ON_OBSERVED_NIFTY_50_SESSION
KEI,daily,2011-10-26,2011-10-26,ABSENT_ON_OBSERVED_NIFTY_50_SESSION
KEI,daily,2012-01-07,2012-01-07,ABSENT_ON_OBSERVED_NIFTY_50_SESSION
KEI,daily,2012-03-03,2012-03-03,ABSENT_ON_OBSERVED_NIFTY_50_SESSION
KEI,daily,2012-04-28,2012-04-28,ABSENT_ON_OBSERVED_NIFTY_50_SESSION
KEI,daily,2012-09-08,2012-09-08,ABSENT_ON_OBSERVED_NIFTY_50_SESSION
KEI,daily,2013-05-11,2013-05-11,ABSENT_ON_OBSERVED_NIFTY_50_SESSION
KEI,daily,2013-11-03,2013-11-03,ABSENT_ON_OBSERVED_NIFTY_50_SESSION
KEI,daily,2014-03-22,2014-03-22,ABSENT_ON_OBSERVED_NIFTY_50_SESSION
KEI,daily,2015-02-28,2015-02-28,ABSENT_ON_OBSERVED_NIFTY_50_SESSION
KEI,daily,2016-10-30,2016-10-30,ABSENT_ON_OBSERVED_NIFTY_50_SESSION
KEI,daily,2017-10-19,2017-10-19,ABSENT_ON_OBSERVED_NIFTY_50_SESSION
KEI,daily,2018-11-07,2018-11-07,ABSENT_ON_OBSERVED_NIFTY_50_SESSION
KOTAKBANK,daily,2003-03-22,2003-03-22,ABSENT_ON_OBSERVED_NIFTY_50_SESSION
KOTAKBANK,daily,2003-10-25,2003-10-25,ABSENT_ON_OBSERVED_NIFTY_50_SESSION
KOTAKBANK,daily,2003-11-15,2003-11-15,ABSENT_ON_OBSERVED_NIFTY_50_SESSION
KOTAKBANK,daily,2004-04-17,2004-04-17,ABSENT_ON_OBSERVED_NIFTY_50_SESSION
KOTAKBANK,daily,2004-05-24,2004-05-24,ABSENT_ON_OBSERVED_NIFTY_50_SESSION
KOTAKBANK,daily,2004-05-25,2004-05-25,ABSENT_ON_OBSERVED_NIFTY_50_SESSION
KOTAKBANK,daily,2004-05-26,2004-05-26,ABSENT_ON_OBSERVED_NIFTY_50_SESSION
KOTAKBANK,daily,2004-05-27,2004-05-27,ABSENT_ON_OBSERVED_NIFTY_50_SESSION
KOTAKBANK,daily,2004-05-28,2004-05-28,ABSENT_ON_OBSERVED_NIFTY_50_SESSION
KOTAKBANK,daily,2004-05-31,2004-05-31,ABSENT_ON_OBSERVED_NIFTY_50_SESSION
KOTAKBANK,daily,2004-06-01,2004-06-01,ABSENT_ON_OBSERVED_NIFTY_50_SESSION
KOTAKBANK,daily,2004-06-02,2004-06-02,ABSENT_ON_OBSERVED_NIFTY_50_SESSION
KOTAKBANK,daily,2004-06-03,2004-06-03,ABSENT_ON_OBSERVED_NIFTY_50_SESSION
KOTAKBANK,daily,2004-06-04,2004-06-04,ABSENT_ON_OBSERVED_NIFTY_50_SESSION
KOTAKBANK,daily,2004-06-07,2004-06-07,ABSENT_ON_OBSERVED_NIFTY_50_SESSION
KOTAKBANK,daily,2004-06-08,2004-06-08,ABSENT_ON_OBSERVED_NIFTY_50_SESSION
KOTAKBANK,daily,2004-06-09,2004-06-09,ABSENT_ON_OBSERVED_NIFTY_50_SESSION
KOTAKBANK,daily,2004-06-10,2004-06-10,ABSENT_ON_OBSERVED_NIFTY_50_SESSION
KOTAKBANK,daily,2004-06-11,2004-06-11,ABSENT_ON_OBSERVED_NIFTY_50_SESSION
KOTAKBANK,daily,2004-06-14,2004-06-14,ABSENT_ON_OBSERVED_NIFTY_50_SESSION
KOTAKBANK,daily,2004-06-15,2004-06-15,ABSENT_ON_OBSERVED_NIFTY_50_SESSION
KOTAKBANK,daily,2004-06-16,2004-06-16,ABSENT_ON_OBSERVED_NIFTY_50_SESSION
KOTAKBANK,daily,2004-06-17,2004-06-17,ABSENT_ON_OBSERVED_NIFTY_50_SESSION
KOTAKBANK,daily,2004-06-18,2004-06-18,ABSENT_ON_OBSERVED_NIFTY_50_SESSION
KOTAKBANK,daily,2004-06-21,2004-06-21,ABSENT_ON_OBSERVED_NIFTY_50_SESSION
KOTAKBANK,daily,2004-06-22,2004-06-22,ABSENT_ON_OBSERVED_NIFTY_50_SESSION
KOTAKBANK,daily,2004-10-09,2004-10-09,ABSENT_ON_OBSERVED_NIFTY_50_SESSION
KOTAKBANK,daily,2005-06-04,2005-06-04,ABSENT_ON_OBSERVED_NIFTY_50_SESSION
KOTAKBANK,daily,2005-11-26,2005-11-26,ABSENT_ON_OBSERVED_NIFTY_50_SESSION
KOTAKBANK,daily,2006-04-29,2006-04-29,ABSENT_ON_OBSERVED_NIFTY_50_SESSION
KOTAKBANK,daily,2006-06-25,2006-06-25,ABSENT_ON_OBSERVED_NIFTY_50_SESSION
KOTAKBANK,daily,2006-10-21,2006-10-21,ABSENT_ON_OBSERVED_NIFTY_50_SESSION
KOTAKBANK,daily,2009-10-17,2009-10-17,ABSENT_ON_OBSERVED_NIFTY_50_SESSION
KOTAKBANK,daily,2010-02-06,2010-02-06,ABSENT_ON_OBSERVED_NIFTY_50_SESSION
KOTAKBANK,daily,2011-10-26,2011-10-26,ABSENT_ON_OBSERVED_NIFTY_50_SESSION
KOTAKBANK,daily,2012-01-07,2012-01-07,ABSENT_ON_OBSERVED_NIFTY_50_SESSION
KOTAKBANK,daily,2012-03-03,2012-03-03,ABSENT_ON_OBSERVED_NIFTY_50_SESSION
KOTAKBANK,daily,2012-04-28,2012-04-28,ABSENT_ON_OBSERVED_NIFTY_50_SESSION
KOTAKBANK,daily,2012-09-08,2012-09-08,ABSENT_ON_OBSERVED_NIFTY_50_SESSION
KOTAKBANK,daily,2013-05-11,2013-05-11,ABSENT_ON_OBSERVED_NIFTY_50_SESSION
KOTAKBANK,daily,2013-11-03,2013-11-03,ABSENT_ON_OBSERVED_NIFTY_50_SESSION
KOTAKBANK,daily,2014-03-22,2014-03-22,ABSENT_ON_OBSERVED_NIFTY_50_SESSION
KOTAKBANK,daily,2015-02-28,2015-02-28,ABSENT_ON_OBSERVED_NIFTY_50_SESSION
KOTAKBANK,daily,2016-10-30,2016-10-30,ABSENT_ON_OBSERVED_NIFTY_50_SESSION
KOTAKBANK,daily,2017-10-19,2017-10-19,ABSENT_ON_OBSERVED_NIFTY_50_SESSION
KOTAKBANK,daily,2018-11-07,2018-11-07,ABSENT_ON_OBSERVED_NIFTY_50_SESSION
LAURUSLABS,daily,2017-10-19,2017-10-19,ABSENT_ON_OBSERVED_NIFTY_50_SESSION
LAURUSLABS,daily,2018-11-07,2018-11-07,ABSENT_ON_OBSERVED_NIFTY_50_SESSION
LICHSGFIN,daily,2003-03-22,2003-03-22,ABSENT_ON_OBSERVED_NIFTY_50_SESSION
LICHSGFIN,daily,2003-10-25,2003-10-25,ABSENT_ON_OBSERVED_NIFTY_50_SESSION
LICHSGFIN,daily,2003-11-15,2003-11-15,ABSENT_ON_OBSERVED_NIFTY_50_SESSION
LICHSGFIN,daily,2004-04-17,2004-04-17,ABSENT_ON_OBSERVED_NIFTY_50_SESSION
LICHSGFIN,daily,2004-05-24,2004-05-24,ABSENT_ON_OBSERVED_NIFTY_50_SESSION
LICHSGFIN,daily,2004-05-25,2004-05-25,ABSENT_ON_OBSERVED_NIFTY_50_SESSION
LICHSGFIN,daily,2004-05-26,2004-05-26,ABSENT_ON_OBSERVED_NIFTY_50_SESSION
LICHSGFIN,daily,2004-05-27,2004-05-27,ABSENT_ON_OBSERVED_NIFTY_50_SESSION
LICHSGFIN,daily,2004-05-28,2004-05-28,ABSENT_ON_OBSERVED_NIFTY_50_SESSION
LICHSGFIN,daily,2004-05-31,2004-05-31,ABSENT_ON_OBSERVED_NIFTY_50_SESSION
LICHSGFIN,daily,2004-06-01,2004-06-01,ABSENT_ON_OBSERVED_NIFTY_50_SESSION
LICHSGFIN,daily,2004-06-02,2004-06-02,ABSENT_ON_OBSERVED_NIFTY_50_SESSION
LICHSGFIN,daily,2004-06-03,2004-06-03,ABSENT_ON_OBSERVED_NIFTY_50_SESSION
LICHSGFIN,daily,2004-06-04,2004-06-04,ABSENT_ON_OBSERVED_NIFTY_50_SESSION
LICHSGFIN,daily,2004-06-07,2004-06-07,ABSENT_ON_OBSERVED_NIFTY_50_SESSION
LICHSGFIN,daily,2004-06-08,2004-06-08,ABSENT_ON_OBSERVED_NIFTY_50_SESSION
LICHSGFIN,daily,2004-06-09,2004-06-09,ABSENT_ON_OBSERVED_NIFTY_50_SESSION
LICHSGFIN,daily,2004-06-10,2004-06-10,ABSENT_ON_OBSERVED_NIFTY_50_SESSION
LICHSGFIN,daily,2004-06-11,2004-06-11,ABSENT_ON_OBSERVED_NIFTY_50_SESSION
LICHSGFIN,daily,2004-06-14,2004-06-14,ABSENT_ON_OBSERVED_NIFTY_50_SESSION
LICHSGFIN,daily,2004-06-15,2004-06-15,ABSENT_ON_OBSERVED_NIFTY_50_SESSION
LICHSGFIN,daily,2004-06-16,2004-06-16,ABSENT_ON_OBSERVED_NIFTY_50_SESSION
LICHSGFIN,daily,2004-06-17,2004-06-17,ABSENT_ON_OBSERVED_NIFTY_50_SESSION
LICHSGFIN,daily,2004-06-18,2004-06-18,ABSENT_ON_OBSERVED_NIFTY_50_SESSION
LICHSGFIN,daily,2004-06-21,2004-06-21,ABSENT_ON_OBSERVED_NIFTY_50_SESSION
LICHSGFIN,daily,2004-06-22,2004-06-22,ABSENT_ON_OBSERVED_NIFTY_50_SESSION
LICHSGFIN,daily,2004-10-09,2004-10-09,ABSENT_ON_OBSERVED_NIFTY_50_SESSION
LICHSGFIN,daily,2005-06-04,2005-06-04,ABSENT_ON_OBSERVED_NIFTY_50_SESSION
LICHSGFIN,daily,2005-11-26,2005-11-26,ABSENT_ON_OBSERVED_NIFTY_50_SESSION
LICHSGFIN,daily,2006-04-29,2006-04-29,ABSENT_ON_OBSERVED_NIFTY_50_SESSION
LICHSGFIN,daily,2006-06-25,2006-06-25,ABSENT_ON_OBSERVED_NIFTY_50_SESSION
LICHSGFIN,daily,2006-10-21,2006-10-21,ABSENT_ON_OBSERVED_NIFTY_50_SESSION
LICHSGFIN,daily,2009-10-17,2009-10-17,ABSENT_ON_OBSERVED_NIFTY_50_SESSION
LICHSGFIN,daily,2010-02-06,2010-02-06,ABSENT_ON_OBSERVED_NIFTY_50_SESSION
LICHSGFIN,daily,2011-10-26,2011-10-26,ABSENT_ON_OBSERVED_NIFTY_50_SESSION
LICHSGFIN,daily,2012-01-07,2012-01-07,ABSENT_ON_OBSERVED_NIFTY_50_SESSION
LICHSGFIN,daily,2012-03-03,2012-03-03,ABSENT_ON_OBSERVED_NIFTY_50_SESSION
LICHSGFIN,daily,2012-04-28,2012-04-28,ABSENT_ON_OBSERVED_NIFTY_50_SESSION
LICHSGFIN,daily,2012-09-08,2012-09-08,ABSENT_ON_OBSERVED_NIFTY_50_SESSION
LICHSGFIN,daily,2013-05-11,2013-05-11,ABSENT_ON_OBSERVED_NIFTY_50_SESSION
LICHSGFIN,daily,2013-11-03,2013-11-03,ABSENT_ON_OBSERVED_NIFTY_50_SESSION
LICHSGFIN,daily,2014-03-22,2014-03-22,ABSENT_ON_OBSERVED_NIFTY_50_SESSION
LICHSGFIN,daily,2015-02-28,2015-02-28,ABSENT_ON_OBSERVED_NIFTY_50_SESSION
LICHSGFIN,daily,2016-10-30,2016-10-30,ABSENT_ON_OBSERVED_NIFTY_50_SESSION
LICHSGFIN,daily,2017-10-19,2017-10-19,ABSENT_ON_OBSERVED_NIFTY_50_SESSION
LICHSGFIN,daily,2018-11-07,2018-11-07,ABSENT_ON_OBSERVED_NIFTY_50_SESSION
LT,daily,2003-03-22,2003-03-22,ABSENT_ON_OBSERVED_NIFTY_50_SESSION
LT,daily,2003-10-25,2003-10-25,ABSENT_ON_OBSERVED_NIFTY_50_SESSION
LT,daily,2003-11-15,2003-11-15,ABSENT_ON_OBSERVED_NIFTY_50_SESSION
LT,daily,2004-04-17,2004-04-17,ABSENT_ON_OBSERVED_NIFTY_50_SESSION
LT,daily,2004-05-24,2004-05-24,ABSENT_ON_OBSERVED_NIFTY_50_SESSION
LT,daily,2004-05-25,2004-05-25,ABSENT_ON_OBSERVED_NIFTY_50_SESSION
LT,daily,2004-05-26,2004-05-26,ABSENT_ON_OBSERVED_NIFTY_50_SESSION
LT,daily,2004-05-27,2004-05-27,ABSENT_ON_OBSERVED_NIFTY_50_SESSION
LT,daily,2004-05-28,2004-05-28,ABSENT_ON_OBSERVED_NIFTY_50_SESSION
LT,daily,2004-05-31,2004-05-31,ABSENT_ON_OBSERVED_NIFTY_50_SESSION
LT,daily,2004-06-01,2004-06-01,ABSENT_ON_OBSERVED_NIFTY_50_SESSION
LT,daily,2004-06-02,2004-06-02,ABSENT_ON_OBSERVED_NIFTY_50_SESSION
LT,daily,2004-06-03,2004-06-03,ABSENT_ON_OBSERVED_NIFTY_50_SESSION
LT,daily,2004-06-04,2004-06-04,ABSENT_ON_OBSERVED_NIFTY_50_SESSION
LT,daily,2004-06-07,2004-06-07,ABSENT_ON_OBSERVED_NIFTY_50_SESSION
LT,daily,2004-06-08,2004-06-08,ABSENT_ON_OBSERVED_NIFTY_50_SESSION
LT,daily,2004-06-09,2004-06-09,ABSENT_ON_OBSERVED_NIFTY_50_SESSION
LT,daily,2004-06-10,2004-06-10,ABSENT_ON_OBSERVED_NIFTY_50_SESSION
LT,daily,2004-06-11,2004-06-11,ABSENT_ON_OBSERVED_NIFTY_50_SESSION
LT,daily,2004-06-14,2004-06-14,ABSENT_ON_OBSERVED_NIFTY_50_SESSION
LT,daily,2004-06-15,2004-06-15,ABSENT_ON_OBSERVED_NIFTY_50_SESSION
LT,daily,2004-06-16,2004-06-16,ABSENT_ON_OBSERVED_NIFTY_50_SESSION
LT,daily,2004-06-17,2004-06-17,ABSENT_ON_OBSERVED_NIFTY_50_SESSION
LT,daily,2004-06-18,2004-06-18,ABSENT_ON_OBSERVED_NIFTY_50_SESSION
LT,daily,2004-06-21,2004-06-21,ABSENT_ON_OBSERVED_NIFTY_50_SESSION
LT,daily,2004-06-22,2004-06-22,ABSENT_ON_OBSERVED_NIFTY_50_SESSION
LT,daily,2004-10-09,2004-10-09,ABSENT_ON_OBSERVED_NIFTY_50_SESSION
LT,daily,2005-06-04,2005-06-04,ABSENT_ON_OBSERVED_NIFTY_50_SESSION
LT,daily,2005-11-26,2005-11-26,ABSENT_ON_OBSERVED_NIFTY_50_SESSION
LT,daily,2006-04-29,2006-04-29,ABSENT_ON_OBSERVED_NIFTY_50_SESSION
LT,daily,2006-06-25,2006-06-25,ABSENT_ON_OBSERVED_NIFTY_50_SESSION
LT,daily,2006-10-21,2006-10-21,ABSENT_ON_OBSERVED_NIFTY_50_SESSION
LT,daily,2009-10-17,2009-10-17,ABSENT_ON_OBSERVED_NIFTY_50_SESSION
LT,daily,2010-02-06,2010-02-06,ABSENT_ON_OBSERVED_NIFTY_50_SESSION
LT,daily,2011-10-26,2011-10-26,ABSENT_ON_OBSERVED_NIFTY_50_SESSION
LT,daily,2012-01-07,2012-01-07,ABSENT_ON_OBSERVED_NIFTY_50_SESSION
LT,daily,2012-03-03,2012-03-03,ABSENT_ON_OBSERVED_NIFTY_50_SESSION
LT,daily,2012-04-28,2012-04-28,ABSENT_ON_OBSERVED_NIFTY_50_SESSION
LT,daily,2012-09-08,2012-09-08,ABSENT_ON_OBSERVED_NIFTY_50_SESSION
LT,daily,2013-05-11,2013-05-11,ABSENT_ON_OBSERVED_NIFTY_50_SESSION
LT,daily,2013-11-03,2013-11-03,ABSENT_ON_OBSERVED_NIFTY_50_SESSION
LT,daily,2014-03-22,2014-03-22,ABSENT_ON_OBSERVED_NIFTY_50_SESSION
LT,daily,2015-02-28,2015-02-28,ABSENT_ON_OBSERVED_NIFTY_50_SESSION
LT,daily,2016-10-30,2016-10-30,ABSENT_ON_OBSERVED_NIFTY_50_SESSION
LT,daily,2017-10-19,2017-10-19,ABSENT_ON_OBSERVED_NIFTY_50_SESSION
LT,daily,2018-11-07,2018-11-07,ABSENT_ON_OBSERVED_NIFTY_50_SESSION
LTF,daily,2011-10-26,2011-10-26,ABSENT_ON_OBSERVED_NIFTY_50_SESSION
LTF,daily,2012-01-07,2012-01-07,ABSENT_ON_OBSERVED_NIFTY_50_SESSION
LTF,daily,2012-03-03,2012-03-03,ABSENT_ON_OBSERVED_NIFTY_50_SESSION
LTF,daily,2012-04-28,2012-04-28,ABSENT_ON_OBSERVED_NIFTY_50_SESSION
LTF,daily,2012-09-08,2012-09-08,ABSENT_ON_OBSERVED_NIFTY_50_SESSION
LTF,daily,2013-05-11,2013-05-11,ABSENT_ON_OBSERVED_NIFTY_50_SESSION
LTF,daily,2013-11-03,2013-11-03,ABSENT_ON_OBSERVED_NIFTY_50_SESSION
LTF,daily,2014-03-22,2014-03-22,ABSENT_ON_OBSERVED_NIFTY_50_SESSION
LTF,daily,2015-02-28,2015-02-28,ABSENT_ON_OBSERVED_NIFTY_50_SESSION
LTF,daily,2016-10-30,2016-10-30,ABSENT_ON_OBSERVED_NIFTY_50_SESSION
LTF,daily,2017-10-19,2017-10-19,ABSENT_ON_OBSERVED_NIFTY_50_SESSION
LTF,daily,2018-11-07,2018-11-07,ABSENT_ON_OBSERVED_NIFTY_50_SESSION
LTM,daily,2016-10-30,2016-10-30,ABSENT_ON_OBSERVED_NIFTY_50_SESSION
LTM,daily,2017-10-19,2017-10-19,ABSENT_ON_OBSERVED_NIFTY_50_SESSION
LTM,daily,2018-11-07,2018-11-07,ABSENT_ON_OBSERVED_NIFTY_50_SESSION
LUPIN,daily,2003-03-22,2003-03-22,ABSENT_ON_OBSERVED_NIFTY_50_SESSION
LUPIN,daily,2003-10-25,2003-10-25,ABSENT_ON_OBSERVED_NIFTY_50_SESSION
LUPIN,daily,2003-11-15,2003-11-15,ABSENT_ON_OBSERVED_NIFTY_50_SESSION
LUPIN,daily,2004-04-17,2004-04-17,ABSENT_ON_OBSERVED_NIFTY_50_SESSION
LUPIN,daily,2004-05-24,2004-05-24,ABSENT_ON_OBSERVED_NIFTY_50_SESSION
LUPIN,daily,2004-05-25,2004-05-25,ABSENT_ON_OBSERVED_NIFTY_50_SESSION
LUPIN,daily,2004-05-26,2004-05-26,ABSENT_ON_OBSERVED_NIFTY_50_SESSION
LUPIN,daily,2004-05-27,2004-05-27,ABSENT_ON_OBSERVED_NIFTY_50_SESSION
LUPIN,daily,2004-05-28,2004-05-28,ABSENT_ON_OBSERVED_NIFTY_50_SESSION
LUPIN,daily,2004-05-31,2004-05-31,ABSENT_ON_OBSERVED_NIFTY_50_SESSION
LUPIN,daily,2004-06-01,2004-06-01,ABSENT_ON_OBSERVED_NIFTY_50_SESSION
LUPIN,daily,2004-06-02,2004-06-02,ABSENT_ON_OBSERVED_NIFTY_50_SESSION
LUPIN,daily,2004-06-03,2004-06-03,ABSENT_ON_OBSERVED_NIFTY_50_SESSION
LUPIN,daily,2004-06-04,2004-06-04,ABSENT_ON_OBSERVED_NIFTY_50_SESSION
LUPIN,daily,2004-06-07,2004-06-07,ABSENT_ON_OBSERVED_NIFTY_50_SESSION
LUPIN,daily,2004-06-08,2004-06-08,ABSENT_ON_OBSERVED_NIFTY_50_SESSION
LUPIN,daily,2004-06-09,2004-06-09,ABSENT_ON_OBSERVED_NIFTY_50_SESSION
LUPIN,daily,2004-06-10,2004-06-10,ABSENT_ON_OBSERVED_NIFTY_50_SESSION
LUPIN,daily,2004-06-11,2004-06-11,ABSENT_ON_OBSERVED_NIFTY_50_SESSION
LUPIN,daily,2004-06-14,2004-06-14,ABSENT_ON_OBSERVED_NIFTY_50_SESSION
LUPIN,daily,2004-06-15,2004-06-15,ABSENT_ON_OBSERVED_NIFTY_50_SESSION
LUPIN,daily,2004-06-16,2004-06-16,ABSENT_ON_OBSERVED_NIFTY_50_SESSION
LUPIN,daily,2004-06-17,2004-06-17,ABSENT_ON_OBSERVED_NIFTY_50_SESSION
LUPIN,daily,2004-06-18,2004-06-18,ABSENT_ON_OBSERVED_NIFTY_50_SESSION
LUPIN,daily,2004-06-21,2004-06-21,ABSENT_ON_OBSERVED_NIFTY_50_SESSION
LUPIN,daily,2004-06-22,2004-06-22,ABSENT_ON_OBSERVED_NIFTY_50_SESSION
LUPIN,daily,2004-10-09,2004-10-09,ABSENT_ON_OBSERVED_NIFTY_50_SESSION
LUPIN,daily,2005-06-04,2005-06-04,ABSENT_ON_OBSERVED_NIFTY_50_SESSION
LUPIN,daily,2005-11-26,2005-11-26,ABSENT_ON_OBSERVED_NIFTY_50_SESSION
LUPIN,daily,2006-04-29,2006-04-29,ABSENT_ON_OBSERVED_NIFTY_50_SESSION
LUPIN,daily,2006-06-25,2006-06-25,ABSENT_ON_OBSERVED_NIFTY_50_SESSION
LUPIN,daily,2006-10-21,2006-10-21,ABSENT_ON_OBSERVED_NIFTY_50_SESSION
LUPIN,daily,2009-10-17,2009-10-17,ABSENT_ON_OBSERVED_NIFTY_50_SESSION
LUPIN,daily,2010-02-06,2010-02-06,ABSENT_ON_OBSERVED_NIFTY_50_SESSION
LUPIN,daily,2011-10-26,2011-10-26,ABSENT_ON_OBSERVED_NIFTY_50_SESSION
LUPIN,daily,2012-01-07,2012-01-07,ABSENT_ON_OBSERVED_NIFTY_50_SESSION
LUPIN,daily,2012-03-03,2012-03-03,ABSENT_ON_OBSERVED_NIFTY_50_SESSION
LUPIN,daily,2012-04-28,2012-04-28,ABSENT_ON_OBSERVED_NIFTY_50_SESSION
LUPIN,daily,2012-09-08,2012-09-08,ABSENT_ON_OBSERVED_NIFTY_50_SESSION
LUPIN,daily,2013-05-11,2013-05-11,ABSENT_ON_OBSERVED_NIFTY_50_SESSION
LUPIN,daily,2013-11-03,2013-11-03,ABSENT_ON_OBSERVED_NIFTY_50_SESSION
LUPIN,daily,2014-03-22,2014-03-22,ABSENT_ON_OBSERVED_NIFTY_50_SESSION
LUPIN,daily,2015-02-28,2015-02-28,ABSENT_ON_OBSERVED_NIFTY_50_SESSION
LUPIN,daily,2016-10-30,2016-10-30,ABSENT_ON_OBSERVED_NIFTY_50_SESSION
LUPIN,daily,2017-10-19,2017-10-19,ABSENT_ON_OBSERVED_NIFTY_50_SESSION
LUPIN,daily,2018-11-07,2018-11-07,ABSENT_ON_OBSERVED_NIFTY_50_SESSION
M&M,daily,2003-03-22,2003-03-22,ABSENT_ON_OBSERVED_NIFTY_50_SESSION
M&M,daily,2003-10-25,2003-10-25,ABSENT_ON_OBSERVED_NIFTY_50_SESSION
M&M,daily,2003-11-15,2003-11-15,ABSENT_ON_OBSERVED_NIFTY_50_SESSION
M&M,daily,2004-04-17,2004-04-17,ABSENT_ON_OBSERVED_NIFTY_50_SESSION
M&M,daily,2004-05-24,2004-05-24,ABSENT_ON_OBSERVED_NIFTY_50_SESSION
M&M,daily,2004-05-25,2004-05-25,ABSENT_ON_OBSERVED_NIFTY_50_SESSION
M&M,daily,2004-05-26,2004-05-26,ABSENT_ON_OBSERVED_NIFTY_50_SESSION
M&M,daily,2004-05-27,2004-05-27,ABSENT_ON_OBSERVED_NIFTY_50_SESSION
M&M,daily,2004-05-28,2004-05-28,ABSENT_ON_OBSERVED_NIFTY_50_SESSION
M&M,daily,2004-05-31,2004-05-31,ABSENT_ON_OBSERVED_NIFTY_50_SESSION
M&M,daily,2004-06-01,2004-06-01,ABSENT_ON_OBSERVED_NIFTY_50_SESSION
M&M,daily,2004-06-02,2004-06-02,ABSENT_ON_OBSERVED_NIFTY_50_SESSION
M&M,daily,2004-06-03,2004-06-03,ABSENT_ON_OBSERVED_NIFTY_50_SESSION
M&M,daily,2004-06-04,2004-06-04,ABSENT_ON_OBSERVED_NIFTY_50_SESSION
M&M,daily,2004-06-07,2004-06-07,ABSENT_ON_OBSERVED_NIFTY_50_SESSION
M&M,daily,2004-06-08,2004-06-08,ABSENT_ON_OBSERVED_NIFTY_50_SESSION
M&M,daily,2004-06-09,2004-06-09,ABSENT_ON_OBSERVED_NIFTY_50_SESSION
M&M,daily,2004-06-10,2004-06-10,ABSENT_ON_OBSERVED_NIFTY_50_SESSION
M&M,daily,2004-06-11,2004-06-11,ABSENT_ON_OBSERVED_NIFTY_50_SESSION
M&M,daily,2004-06-14,2004-06-14,ABSENT_ON_OBSERVED_NIFTY_50_SESSION
M&M,daily,2004-06-15,2004-06-15,ABSENT_ON_OBSERVED_NIFTY_50_SESSION
M&M,daily,2004-06-16,2004-06-16,ABSENT_ON_OBSERVED_NIFTY_50_SESSION
M&M,daily,2004-06-17,2004-06-17,ABSENT_ON_OBSERVED_NIFTY_50_SESSION
M&M,daily,2004-06-18,2004-06-18,ABSENT_ON_OBSERVED_NIFTY_50_SESSION
M&M,daily,2004-06-21,2004-06-21,ABSENT_ON_OBSERVED_NIFTY_50_SESSION
M&M,daily,2004-06-22,2004-06-22,ABSENT_ON_OBSERVED_NIFTY_50_SESSION
M&M,daily,2004-10-09,2004-10-09,ABSENT_ON_OBSERVED_NIFTY_50_SESSION
M&M,daily,2005-06-04,2005-06-04,ABSENT_ON_OBSERVED_NIFTY_50_SESSION
M&M,daily,2005-11-26,2005-11-26,ABSENT_ON_OBSERVED_NIFTY_50_SESSION
M&M,daily,2006-04-29,2006-04-29,ABSENT_ON_OBSERVED_NIFTY_50_SESSION
M&M,daily,2006-06-25,2006-06-25,ABSENT_ON_OBSERVED_NIFTY_50_SESSION
M&M,daily,2006-10-21,2006-10-21,ABSENT_ON_OBSERVED_NIFTY_50_SESSION
M&M,daily,2009-10-17,2009-10-17,ABSENT_ON_OBSERVED_NIFTY_50_SESSION
M&M,daily,2010-02-06,2010-02-06,ABSENT_ON_OBSERVED_NIFTY_50_SESSION
M&M,daily,2011-10-26,2011-10-26,ABSENT_ON_OBSERVED_NIFTY_50_SESSION
M&M,daily,2012-01-07,2012-01-07,ABSENT_ON_OBSERVED_NIFTY_50_SESSION
M&M,daily,2012-03-03,2012-03-03,ABSENT_ON_OBSERVED_NIFTY_50_SESSION
M&M,daily,2012-04-28,2012-04-28,ABSENT_ON_OBSERVED_NIFTY_50_SESSION
M&M,daily,2012-09-08,2012-09-08,ABSENT_ON_OBSERVED_NIFTY_50_SESSION
M&M,daily,2013-05-11,2013-05-11,ABSENT_ON_OBSERVED_NIFTY_50_SESSION
M&M,daily,2013-11-03,2013-11-03,ABSENT_ON_OBSERVED_NIFTY_50_SESSION
M&M,daily,2014-03-22,2014-03-22,ABSENT_ON_OBSERVED_NIFTY_50_SESSION
M&M,daily,2015-02-28,2015-02-28,ABSENT_ON_OBSERVED_NIFTY_50_SESSION
M&M,daily,2016-10-30,2016-10-30,ABSENT_ON_OBSERVED_NIFTY_50_SESSION
M&M,daily,2017-10-19,2017-10-19,ABSENT_ON_OBSERVED_NIFTY_50_SESSION
M&M,daily,2018-11-07,2018-11-07,ABSENT_ON_OBSERVED_NIFTY_50_SESSION
M&MFIN,daily,2006-04-29,2006-04-29,ABSENT_ON_OBSERVED_NIFTY_50_SESSION
M&MFIN,daily,2006-06-25,2006-06-25,ABSENT_ON_OBSERVED_NIFTY_50_SESSION
M&MFIN,daily,2006-10-21,2006-10-21,ABSENT_ON_OBSERVED_NIFTY_50_SESSION
M&MFIN,daily,2009-10-17,2009-10-17,ABSENT_ON_OBSERVED_NIFTY_50_SESSION
M&MFIN,daily,2010-02-06,2010-02-06,ABSENT_ON_OBSERVED_NIFTY_50_SESSION
M&MFIN,daily,2011-10-26,2011-10-26,ABSENT_ON_OBSERVED_NIFTY_50_SESSION
M&MFIN,daily,2012-01-07,2012-01-07,ABSENT_ON_OBSERVED_NIFTY_50_SESSION
M&MFIN,daily,2012-03-03,2012-03-03,ABSENT_ON_OBSERVED_NIFTY_50_SESSION
M&MFIN,daily,2012-04-28,2012-04-28,ABSENT_ON_OBSERVED_NIFTY_50_SESSION
M&MFIN,daily,2012-09-08,2012-09-08,ABSENT_ON_OBSERVED_NIFTY_50_SESSION
M&MFIN,daily,2013-05-11,2013-05-11,ABSENT_ON_OBSERVED_NIFTY_50_SESSION
M&MFIN,daily,2013-11-03,2013-11-03,ABSENT_ON_OBSERVED_NIFTY_50_SESSION
M&MFIN,daily,2014-03-22,2014-03-22,ABSENT_ON_OBSERVED_NIFTY_50_SESSION
M&MFIN,daily,2015-02-28,2015-02-28,ABSENT_ON_OBSERVED_NIFTY_50_SESSION
M&MFIN,daily,2016-10-30,2016-10-30,ABSENT_ON_OBSERVED_NIFTY_50_SESSION
M&MFIN,daily,2017-10-19,2017-10-19,ABSENT_ON_OBSERVED_NIFTY_50_SESSION
M&MFIN,daily,2018-11-07,2018-11-07,ABSENT_ON_OBSERVED_NIFTY_50_SESSION
MAHABANK,daily,2004-04-17,2004-04-17,ABSENT_ON_OBSERVED_NIFTY_50_SESSION
MAHABANK,daily,2004-05-24,2004-05-24,ABSENT_ON_OBSERVED_NIFTY_50_SESSION
MAHABANK,daily,2004-05-25,2004-05-25,ABSENT_ON_OBSERVED_NIFTY_50_SESSION
MAHABANK,daily,2004-05-26,2004-05-26,ABSENT_ON_OBSERVED_NIFTY_50_SESSION
MAHABANK,daily,2004-05-27,2004-05-27,ABSENT_ON_OBSERVED_NIFTY_50_SESSION
MAHABANK,daily,2004-05-28,2004-05-28,ABSENT_ON_OBSERVED_NIFTY_50_SESSION
MAHABANK,daily,2004-05-31,2004-05-31,ABSENT_ON_OBSERVED_NIFTY_50_SESSION
MAHABANK,daily,2004-06-01,2004-06-01,ABSENT_ON_OBSERVED_NIFTY_50_SESSION
MAHABANK,daily,2004-06-02,2004-06-02,ABSENT_ON_OBSERVED_NIFTY_50_SESSION
MAHABANK,daily,2004-06-03,2004-06-03,ABSENT_ON_OBSERVED_NIFTY_50_SESSION
MAHABANK,daily,2004-06-04,2004-06-04,ABSENT_ON_OBSERVED_NIFTY_50_SESSION
MAHABANK,daily,2004-06-07,2004-06-07,ABSENT_ON_OBSERVED_NIFTY_50_SESSION
MAHABANK,daily,2004-06-08,2004-06-08,ABSENT_ON_OBSERVED_NIFTY_50_SESSION
MAHABANK,daily,2004-06-09,2004-06-09,ABSENT_ON_OBSERVED_NIFTY_50_SESSION
MAHABANK,daily,2004-06-10,2004-06-10,ABSENT_ON_OBSERVED_NIFTY_50_SESSION
MAHABANK,daily,2004-06-11,2004-06-11,ABSENT_ON_OBSERVED_NIFTY_50_SESSION
MAHABANK,daily,2004-06-14,2004-06-14,ABSENT_ON_OBSERVED_NIFTY_50_SESSION
MAHABANK,daily,2004-06-15,2004-06-15,ABSENT_ON_OBSERVED_NIFTY_50_SESSION
MAHABANK,daily,2004-06-16,2004-06-16,ABSENT_ON_OBSERVED_NIFTY_50_SESSION
MAHABANK,daily,2004-06-17,2004-06-17,ABSENT_ON_OBSERVED_NIFTY_50_SESSION
MAHABANK,daily,2004-06-18,2004-06-18,ABSENT_ON_OBSERVED_NIFTY_50_SESSION
MAHABANK,daily,2004-06-21,2004-06-21,ABSENT_ON_OBSERVED_NIFTY_50_SESSION
MAHABANK,daily,2004-06-22,2004-06-22,ABSENT_ON_OBSERVED_NIFTY_50_SESSION
MAHABANK,daily,2004-10-09,2004-10-09,ABSENT_ON_OBSERVED_NIFTY_50_SESSION
MAHABANK,daily,2005-06-04,2005-06-04,ABSENT_ON_OBSERVED_NIFTY_50_SESSION
MAHABANK,daily,2005-11-26,2005-11-26,ABSENT_ON_OBSERVED_NIFTY_50_SESSION
MAHABANK,daily,2006-04-29,2006-04-29,ABSENT_ON_OBSERVED_NIFTY_50_SESSION
MAHABANK,daily,2006-06-25,2006-06-25,ABSENT_ON_OBSERVED_NIFTY_50_SESSION
MAHABANK,daily,2006-10-21,2006-10-21,ABSENT_ON_OBSERVED_NIFTY_50_SESSION
MAHABANK,daily,2009-10-17,2009-10-17,ABSENT_ON_OBSERVED_NIFTY_50_SESSION
MAHABANK,daily,2010-02-06,2010-02-06,ABSENT_ON_OBSERVED_NIFTY_50_SESSION
MAHABANK,daily,2011-10-26,2011-10-26,ABSENT_ON_OBSERVED_NIFTY_50_SESSION
MAHABANK,daily,2012-01-07,2012-01-07,ABSENT_ON_OBSERVED_NIFTY_50_SESSION
MAHABANK,daily,2012-03-03,2012-03-03,ABSENT_ON_OBSERVED_NIFTY_50_SESSION
MAHABANK,daily,2012-04-28,2012-04-28,ABSENT_ON_OBSERVED_NIFTY_50_SESSION
MAHABANK,daily,2012-09-08,2012-09-08,ABSENT_ON_OBSERVED_NIFTY_50_SESSION
MAHABANK,daily,2013-05-11,2013-05-11,ABSENT_ON_OBSERVED_NIFTY_50_SESSION
MAHABANK,daily,2013-11-03,2013-11-03,ABSENT_ON_OBSERVED_NIFTY_50_SESSION
MAHABANK,daily,2014-03-22,2014-03-22,ABSENT_ON_OBSERVED_NIFTY_50_SESSION
MAHABANK,daily,2015-02-28,2015-02-28,ABSENT_ON_OBSERVED_NIFTY_50_SESSION
MAHABANK,daily,2016-10-30,2016-10-30,ABSENT_ON_OBSERVED_NIFTY_50_SESSION
MAHABANK,daily,2017-10-19,2017-10-19,ABSENT_ON_OBSERVED_NIFTY_50_SESSION
MAHABANK,daily,2018-11-07,2018-11-07,ABSENT_ON_OBSERVED_NIFTY_50_SESSION
MARICO,daily,2003-03-22,2003-03-22,ABSENT_ON_OBSERVED_NIFTY_50_SESSION
MARICO,daily,2003-10-25,2003-10-25,ABSENT_ON_OBSERVED_NIFTY_50_SESSION
MARICO,daily,2003-11-15,2003-11-15,ABSENT_ON_OBSERVED_NIFTY_50_SESSION
MARICO,daily,2004-04-17,2004-04-17,ABSENT_ON_OBSERVED_NIFTY_50_SESSION
MARICO,daily,2004-05-24,2004-05-24,ABSENT_ON_OBSERVED_NIFTY_50_SESSION
MARICO,daily,2004-05-25,2004-05-25,ABSENT_ON_OBSERVED_NIFTY_50_SESSION
MARICO,daily,2004-05-26,2004-05-26,ABSENT_ON_OBSERVED_NIFTY_50_SESSION
MARICO,daily,2004-05-27,2004-05-27,ABSENT_ON_OBSERVED_NIFTY_50_SESSION
MARICO,daily,2004-05-28,2004-05-28,ABSENT_ON_OBSERVED_NIFTY_50_SESSION
MARICO,daily,2004-05-31,2004-05-31,ABSENT_ON_OBSERVED_NIFTY_50_SESSION
MARICO,daily,2004-06-01,2004-06-01,ABSENT_ON_OBSERVED_NIFTY_50_SESSION
MARICO,daily,2004-06-02,2004-06-02,ABSENT_ON_OBSERVED_NIFTY_50_SESSION
MARICO,daily,2004-06-03,2004-06-03,ABSENT_ON_OBSERVED_NIFTY_50_SESSION
MARICO,daily,2004-06-04,2004-06-04,ABSENT_ON_OBSERVED_NIFTY_50_SESSION
MARICO,daily,2004-06-07,2004-06-07,ABSENT_ON_OBSERVED_NIFTY_50_SESSION
MARICO,daily,2004-06-08,2004-06-08,ABSENT_ON_OBSERVED_NIFTY_50_SESSION
MARICO,daily,2004-06-09,2004-06-09,ABSENT_ON_OBSERVED_NIFTY_50_SESSION
MARICO,daily,2004-06-10,2004-06-10,ABSENT_ON_OBSERVED_NIFTY_50_SESSION
MARICO,daily,2004-06-11,2004-06-11,ABSENT_ON_OBSERVED_NIFTY_50_SESSION
MARICO,daily,2004-06-14,2004-06-14,ABSENT_ON_OBSERVED_NIFTY_50_SESSION
MARICO,daily,2004-06-15,2004-06-15,ABSENT_ON_OBSERVED_NIFTY_50_SESSION
MARICO,daily,2004-06-16,2004-06-16,ABSENT_ON_OBSERVED_NIFTY_50_SESSION
MARICO,daily,2004-06-17,2004-06-17,ABSENT_ON_OBSERVED_NIFTY_50_SESSION
MARICO,daily,2004-06-18,2004-06-18,ABSENT_ON_OBSERVED_NIFTY_50_SESSION
MARICO,daily,2004-06-21,2004-06-21,ABSENT_ON_OBSERVED_NIFTY_50_SESSION
MARICO,daily,2004-06-22,2004-06-22,ABSENT_ON_OBSERVED_NIFTY_50_SESSION
MARICO,daily,2004-10-09,2004-10-09,ABSENT_ON_OBSERVED_NIFTY_50_SESSION
MARICO,daily,2005-06-04,2005-06-04,ABSENT_ON_OBSERVED_NIFTY_50_SESSION
MARICO,daily,2005-11-26,2005-11-26,ABSENT_ON_OBSERVED_NIFTY_50_SESSION
MARICO,daily,2006-04-29,2006-04-29,ABSENT_ON_OBSERVED_NIFTY_50_SESSION
MARICO,daily,2006-06-25,2006-06-25,ABSENT_ON_OBSERVED_NIFTY_50_SESSION
MARICO,daily,2006-10-21,2006-10-21,ABSENT_ON_OBSERVED_NIFTY_50_SESSION
MARICO,daily,2009-10-17,2009-10-17,ABSENT_ON_OBSERVED_NIFTY_50_SESSION
MARICO,daily,2010-02-06,2010-02-06,ABSENT_ON_OBSERVED_NIFTY_50_SESSION
MARICO,daily,2011-10-26,2011-10-26,ABSENT_ON_OBSERVED_NIFTY_50_SESSION
MARICO,daily,2012-01-07,2012-01-07,ABSENT_ON_OBSERVED_NIFTY_50_SESSION
MARICO,daily,2012-03-03,2012-03-03,ABSENT_ON_OBSERVED_NIFTY_50_SESSION
MARICO,daily,2012-04-28,2012-04-28,ABSENT_ON_OBSERVED_NIFTY_50_SESSION
MARICO,daily,2012-09-08,2012-09-08,ABSENT_ON_OBSERVED_NIFTY_50_SESSION
MARICO,daily,2013-05-11,2013-05-11,ABSENT_ON_OBSERVED_NIFTY_50_SESSION
MARICO,daily,2013-11-03,2013-11-03,ABSENT_ON_OBSERVED_NIFTY_50_SESSION
MARICO,daily,2014-03-22,2014-03-22,ABSENT_ON_OBSERVED_NIFTY_50_SESSION
MARICO,daily,2015-02-28,2015-02-28,ABSENT_ON_OBSERVED_NIFTY_50_SESSION
MARICO,daily,2016-10-30,2016-10-30,ABSENT_ON_OBSERVED_NIFTY_50_SESSION
MARICO,daily,2017-10-19,2017-10-19,ABSENT_ON_OBSERVED_NIFTY_50_SESSION
MARICO,daily,2018-11-07,2018-11-07,ABSENT_ON_OBSERVED_NIFTY_50_SESSION
MARUTI,daily,2003-10-25,2003-10-25,ABSENT_ON_OBSERVED_NIFTY_50_SESSION
MARUTI,daily,2003-11-15,2003-11-15,ABSENT_ON_OBSERVED_NIFTY_50_SESSION
MARUTI,daily,2004-04-17,2004-04-17,ABSENT_ON_OBSERVED_NIFTY_50_SESSION
MARUTI,daily,2004-05-24,2004-05-24,ABSENT_ON_OBSERVED_NIFTY_50_SESSION
MARUTI,daily,2004-05-25,2004-05-25,ABSENT_ON_OBSERVED_NIFTY_50_SESSION
MARUTI,daily,2004-05-26,2004-05-26,ABSENT_ON_OBSERVED_NIFTY_50_SESSION
MARUTI,daily,2004-05-27,2004-05-27,ABSENT_ON_OBSERVED_NIFTY_50_SESSION
MARUTI,daily,2004-05-28,2004-05-28,ABSENT_ON_OBSERVED_NIFTY_50_SESSION
MARUTI,daily,2004-05-31,2004-05-31,ABSENT_ON_OBSERVED_NIFTY_50_SESSION
MARUTI,daily,2004-06-01,2004-06-01,ABSENT_ON_OBSERVED_NIFTY_50_SESSION
MARUTI,daily,2004-06-02,2004-06-02,ABSENT_ON_OBSERVED_NIFTY_50_SESSION
MARUTI,daily,2004-06-03,2004-06-03,ABSENT_ON_OBSERVED_NIFTY_50_SESSION
MARUTI,daily,2004-06-04,2004-06-04,ABSENT_ON_OBSERVED_NIFTY_50_SESSION
MARUTI,daily,2004-06-07,2004-06-07,ABSENT_ON_OBSERVED_NIFTY_50_SESSION
MARUTI,daily,2004-06-08,2004-06-08,ABSENT_ON_OBSERVED_NIFTY_50_SESSION
MARUTI,daily,2004-06-09,2004-06-09,ABSENT_ON_OBSERVED_NIFTY_50_SESSION
MARUTI,daily,2004-06-10,2004-06-10,ABSENT_ON_OBSERVED_NIFTY_50_SESSION
MARUTI,daily,2004-06-11,2004-06-11,ABSENT_ON_OBSERVED_NIFTY_50_SESSION
MARUTI,daily,2004-06-14,2004-06-14,ABSENT_ON_OBSERVED_NIFTY_50_SESSION
MARUTI,daily,2004-06-15,2004-06-15,ABSENT_ON_OBSERVED_NIFTY_50_SESSION
MARUTI,daily,2004-06-16,2004-06-16,ABSENT_ON_OBSERVED_NIFTY_50_SESSION
MARUTI,daily,2004-06-17,2004-06-17,ABSENT_ON_OBSERVED_NIFTY_50_SESSION
MARUTI,daily,2004-06-18,2004-06-18,ABSENT_ON_OBSERVED_NIFTY_50_SESSION
MARUTI,daily,2004-06-21,2004-06-21,ABSENT_ON_OBSERVED_NIFTY_50_SESSION
MARUTI,daily,2004-06-22,2004-06-22,ABSENT_ON_OBSERVED_NIFTY_50_SESSION
MARUTI,daily,2004-10-09,2004-10-09,ABSENT_ON_OBSERVED_NIFTY_50_SESSION
MARUTI,daily,2005-06-04,2005-06-04,ABSENT_ON_OBSERVED_NIFTY_50_SESSION
MARUTI,daily,2005-11-26,2005-11-26,ABSENT_ON_OBSERVED_NIFTY_50_SESSION
MARUTI,daily,2006-04-29,2006-04-29,ABSENT_ON_OBSERVED_NIFTY_50_SESSION
MARUTI,daily,2006-06-25,2006-06-25,ABSENT_ON_OBSERVED_NIFTY_50_SESSION
MARUTI,daily,2006-10-21,2006-10-21,ABSENT_ON_OBSERVED_NIFTY_50_SESSION
MARUTI,daily,2009-10-17,2009-10-17,ABSENT_ON_OBSERVED_NIFTY_50_SESSION
MARUTI,daily,2010-02-06,2010-02-06,ABSENT_ON_OBSERVED_NIFTY_50_SESSION
MARUTI,daily,2011-10-26,2011-10-26,ABSENT_ON_OBSERVED_NIFTY_50_SESSION
MARUTI,daily,2012-01-07,2012-01-07,ABSENT_ON_OBSERVED_NIFTY_50_SESSION
MARUTI,daily,2012-03-03,2012-03-03,ABSENT_ON_OBSERVED_NIFTY_50_SESSION
MARUTI,daily,2012-04-28,2012-04-28,ABSENT_ON_OBSERVED_NIFTY_50_SESSION
MARUTI,daily,2012-09-08,2012-09-08,ABSENT_ON_OBSERVED_NIFTY_50_SESSION
MARUTI,daily,2013-05-11,2013-05-11,ABSENT_ON_OBSERVED_NIFTY_50_SESSION
MARUTI,daily,2013-11-03,2013-11-03,ABSENT_ON_OBSERVED_NIFTY_50_SESSION
MARUTI,daily,2014-03-22,2014-03-22,ABSENT_ON_OBSERVED_NIFTY_50_SESSION
MARUTI,daily,2015-02-28,2015-02-28,ABSENT_ON_OBSERVED_NIFTY_50_SESSION
MARUTI,daily,2016-10-30,2016-10-30,ABSENT_ON_OBSERVED_NIFTY_50_SESSION
MARUTI,daily,2017-10-19,2017-10-19,ABSENT_ON_OBSERVED_NIFTY_50_SESSION
MARUTI,daily,2018-11-07,2018-11-07,ABSENT_ON_OBSERVED_NIFTY_50_SESSION
MCX,daily,2012-04-28,2012-04-28,ABSENT_ON_OBSERVED_NIFTY_50_SESSION
MCX,daily,2012-09-08,2012-09-08,ABSENT_ON_OBSERVED_NIFTY_50_SESSION
MCX,daily,2013-05-11,2013-05-11,ABSENT_ON_OBSERVED_NIFTY_50_SESSION
MCX,daily,2013-11-03,2013-11-03,ABSENT_ON_OBSERVED_NIFTY_50_SESSION
MCX,daily,2014-03-22,2014-03-22,ABSENT_ON_OBSERVED_NIFTY_50_SESSION
MCX,daily,2015-02-28,2015-02-28,ABSENT_ON_OBSERVED_NIFTY_50_SESSION
MCX,daily,2016-10-30,2016-10-30,ABSENT_ON_OBSERVED_NIFTY_50_SESSION
MCX,daily,2017-10-19,2017-10-19,ABSENT_ON_OBSERVED_NIFTY_50_SESSION
MCX,daily,2018-11-07,2018-11-07,ABSENT_ON_OBSERVED_NIFTY_50_SESSION
MFSL,daily,2003-03-22,2003-03-22,ABSENT_ON_OBSERVED_NIFTY_50_SESSION
MFSL,daily,2003-10-25,2003-10-25,ABSENT_ON_OBSERVED_NIFTY_50_SESSION
MFSL,daily,2003-11-15,2003-11-15,ABSENT_ON_OBSERVED_NIFTY_50_SESSION
MFSL,daily,2004-04-17,2004-04-17,ABSENT_ON_OBSERVED_NIFTY_50_SESSION
MFSL,daily,2004-05-24,2004-05-24,ABSENT_ON_OBSERVED_NIFTY_50_SESSION
MFSL,daily,2004-05-25,2004-05-25,ABSENT_ON_OBSERVED_NIFTY_50_SESSION
MFSL,daily,2004-05-26,2004-05-26,ABSENT_ON_OBSERVED_NIFTY_50_SESSION
MFSL,daily,2004-05-27,2004-05-27,ABSENT_ON_OBSERVED_NIFTY_50_SESSION
MFSL,daily,2004-05-28,2004-05-28,ABSENT_ON_OBSERVED_NIFTY_50_SESSION
MFSL,daily,2004-05-31,2004-05-31,ABSENT_ON_OBSERVED_NIFTY_50_SESSION
MFSL,daily,2004-06-01,2004-06-01,ABSENT_ON_OBSERVED_NIFTY_50_SESSION
MFSL,daily,2004-06-02,2004-06-02,ABSENT_ON_OBSERVED_NIFTY_50_SESSION
MFSL,daily,2004-06-03,2004-06-03,ABSENT_ON_OBSERVED_NIFTY_50_SESSION
MFSL,daily,2004-06-04,2004-06-04,ABSENT_ON_OBSERVED_NIFTY_50_SESSION
MFSL,daily,2004-06-07,2004-06-07,ABSENT_ON_OBSERVED_NIFTY_50_SESSION
MFSL,daily,2004-06-08,2004-06-08,ABSENT_ON_OBSERVED_NIFTY_50_SESSION
MFSL,daily,2004-06-09,2004-06-09,ABSENT_ON_OBSERVED_NIFTY_50_SESSION
MFSL,daily,2004-06-10,2004-06-10,ABSENT_ON_OBSERVED_NIFTY_50_SESSION
MFSL,daily,2004-06-11,2004-06-11,ABSENT_ON_OBSERVED_NIFTY_50_SESSION
MFSL,daily,2004-06-14,2004-06-14,ABSENT_ON_OBSERVED_NIFTY_50_SESSION
MFSL,daily,2004-06-15,2004-06-15,ABSENT_ON_OBSERVED_NIFTY_50_SESSION
MFSL,daily,2004-06-16,2004-06-16,ABSENT_ON_OBSERVED_NIFTY_50_SESSION
MFSL,daily,2004-06-17,2004-06-17,ABSENT_ON_OBSERVED_NIFTY_50_SESSION
MFSL,daily,2004-06-18,2004-06-18,ABSENT_ON_OBSERVED_NIFTY_50_SESSION
MFSL,daily,2004-06-21,2004-06-21,ABSENT_ON_OBSERVED_NIFTY_50_SESSION
MFSL,daily,2004-06-22,2004-06-22,ABSENT_ON_OBSERVED_NIFTY_50_SESSION
MFSL,daily,2004-10-09,2004-10-09,ABSENT_ON_OBSERVED_NIFTY_50_SESSION
MFSL,daily,2005-06-04,2005-06-04,ABSENT_ON_OBSERVED_NIFTY_50_SESSION
MFSL,daily,2005-11-26,2005-11-26,ABSENT_ON_OBSERVED_NIFTY_50_SESSION
MFSL,daily,2006-04-29,2006-04-29,ABSENT_ON_OBSERVED_NIFTY_50_SESSION
MFSL,daily,2006-06-25,2006-06-25,ABSENT_ON_OBSERVED_NIFTY_50_SESSION
MFSL,daily,2006-10-21,2006-10-21,ABSENT_ON_OBSERVED_NIFTY_50_SESSION
MFSL,daily,2009-10-17,2009-10-17,ABSENT_ON_OBSERVED_NIFTY_50_SESSION
MFSL,daily,2010-02-06,2010-02-06,ABSENT_ON_OBSERVED_NIFTY_50_SESSION
MFSL,daily,2011-10-26,2011-10-26,ABSENT_ON_OBSERVED_NIFTY_50_SESSION
MFSL,daily,2012-01-07,2012-01-07,ABSENT_ON_OBSERVED_NIFTY_50_SESSION
MFSL,daily,2012-03-03,2012-03-03,ABSENT_ON_OBSERVED_NIFTY_50_SESSION
MFSL,daily,2012-04-28,2012-04-28,ABSENT_ON_OBSERVED_NIFTY_50_SESSION
MFSL,daily,2012-09-08,2012-09-08,ABSENT_ON_OBSERVED_NIFTY_50_SESSION
MFSL,daily,2013-05-11,2013-05-11,ABSENT_ON_OBSERVED_NIFTY_50_SESSION
MFSL,daily,2013-11-03,2013-11-03,ABSENT_ON_OBSERVED_NIFTY_50_SESSION
MFSL,daily,2014-03-22,2014-03-22,ABSENT_ON_OBSERVED_NIFTY_50_SESSION
MFSL,daily,2015-02-28,2015-02-28,ABSENT_ON_OBSERVED_NIFTY_50_SESSION
MFSL,daily,2016-10-30,2016-10-30,ABSENT_ON_OBSERVED_NIFTY_50_SESSION
MFSL,daily,2017-10-19,2017-10-19,ABSENT_ON_OBSERVED_NIFTY_50_SESSION
MFSL,daily,2018-11-07,2018-11-07,ABSENT_ON_OBSERVED_NIFTY_50_SESSION
MOTHERSON,daily,2003-03-22,2003-03-22,ABSENT_ON_OBSERVED_NIFTY_50_SESSION
MOTHERSON,daily,2003-10-25,2003-10-25,ABSENT_ON_OBSERVED_NIFTY_50_SESSION
MOTHERSON,daily,2003-11-15,2003-11-15,ABSENT_ON_OBSERVED_NIFTY_50_SESSION
MOTHERSON,daily,2004-04-17,2004-04-17,ABSENT_ON_OBSERVED_NIFTY_50_SESSION
MOTHERSON,daily,2004-05-24,2004-05-24,ABSENT_ON_OBSERVED_NIFTY_50_SESSION
MOTHERSON,daily,2004-05-25,2004-05-25,ABSENT_ON_OBSERVED_NIFTY_50_SESSION
MOTHERSON,daily,2004-05-26,2004-05-26,ABSENT_ON_OBSERVED_NIFTY_50_SESSION
MOTHERSON,daily,2004-05-27,2004-05-27,ABSENT_ON_OBSERVED_NIFTY_50_SESSION
MOTHERSON,daily,2004-05-28,2004-05-28,ABSENT_ON_OBSERVED_NIFTY_50_SESSION
MOTHERSON,daily,2004-05-31,2004-05-31,ABSENT_ON_OBSERVED_NIFTY_50_SESSION
MOTHERSON,daily,2004-06-01,2004-06-01,ABSENT_ON_OBSERVED_NIFTY_50_SESSION
MOTHERSON,daily,2004-06-02,2004-06-02,ABSENT_ON_OBSERVED_NIFTY_50_SESSION
MOTHERSON,daily,2004-06-03,2004-06-03,ABSENT_ON_OBSERVED_NIFTY_50_SESSION
MOTHERSON,daily,2004-06-04,2004-06-04,ABSENT_ON_OBSERVED_NIFTY_50_SESSION
MOTHERSON,daily,2004-06-07,2004-06-07,ABSENT_ON_OBSERVED_NIFTY_50_SESSION
MOTHERSON,daily,2004-06-08,2004-06-08,ABSENT_ON_OBSERVED_NIFTY_50_SESSION
MOTHERSON,daily,2004-06-09,2004-06-09,ABSENT_ON_OBSERVED_NIFTY_50_SESSION
MOTHERSON,daily,2004-06-10,2004-06-10,ABSENT_ON_OBSERVED_NIFTY_50_SESSION
MOTHERSON,daily,2004-06-11,2004-06-11,ABSENT_ON_OBSERVED_NIFTY_50_SESSION
MOTHERSON,daily,2004-06-14,2004-06-14,ABSENT_ON_OBSERVED_NIFTY_50_SESSION
MOTHERSON,daily,2004-06-15,2004-06-15,ABSENT_ON_OBSERVED_NIFTY_50_SESSION
MOTHERSON,daily,2004-06-16,2004-06-16,ABSENT_ON_OBSERVED_NIFTY_50_SESSION
MOTHERSON,daily,2004-06-17,2004-06-17,ABSENT_ON_OBSERVED_NIFTY_50_SESSION
MOTHERSON,daily,2004-06-18,2004-06-18,ABSENT_ON_OBSERVED_NIFTY_50_SESSION
MOTHERSON,daily,2004-06-21,2004-06-21,ABSENT_ON_OBSERVED_NIFTY_50_SESSION
MOTHERSON,daily,2004-06-22,2004-06-22,ABSENT_ON_OBSERVED_NIFTY_50_SESSION
MOTHERSON,daily,2004-10-09,2004-10-09,ABSENT_ON_OBSERVED_NIFTY_50_SESSION
MOTHERSON,daily,2005-06-04,2005-06-04,ABSENT_ON_OBSERVED_NIFTY_50_SESSION
MOTHERSON,daily,2005-11-26,2005-11-26,ABSENT_ON_OBSERVED_NIFTY_50_SESSION
MOTHERSON,daily,2006-04-29,2006-04-29,ABSENT_ON_OBSERVED_NIFTY_50_SESSION
MOTHERSON,daily,2006-06-25,2006-06-25,ABSENT_ON_OBSERVED_NIFTY_50_SESSION
MOTHERSON,daily,2006-10-21,2006-10-21,ABSENT_ON_OBSERVED_NIFTY_50_SESSION
MOTHERSON,daily,2009-10-17,2009-10-17,ABSENT_ON_OBSERVED_NIFTY_50_SESSION
MOTHERSON,daily,2010-02-06,2010-02-06,ABSENT_ON_OBSERVED_NIFTY_50_SESSION
MOTHERSON,daily,2011-10-26,2011-10-26,ABSENT_ON_OBSERVED_NIFTY_50_SESSION
MOTHERSON,daily,2012-01-07,2012-01-07,ABSENT_ON_OBSERVED_NIFTY_50_SESSION
MOTHERSON,daily,2012-03-03,2012-03-03,ABSENT_ON_OBSERVED_NIFTY_50_SESSION
MOTHERSON,daily,2012-04-28,2012-04-28,ABSENT_ON_OBSERVED_NIFTY_50_SESSION
MOTHERSON,daily,2012-09-08,2012-09-08,ABSENT_ON_OBSERVED_NIFTY_50_SESSION
MOTHERSON,daily,2013-05-11,2013-05-11,ABSENT_ON_OBSERVED_NIFTY_50_SESSION
MOTHERSON,daily,2013-11-03,2013-11-03,ABSENT_ON_OBSERVED_NIFTY_50_SESSION
MOTHERSON,daily,2014-03-22,2014-03-22,ABSENT_ON_OBSERVED_NIFTY_50_SESSION
MOTHERSON,daily,2015-02-28,2015-02-28,ABSENT_ON_OBSERVED_NIFTY_50_SESSION
MOTHERSON,daily,2016-10-30,2016-10-30,ABSENT_ON_OBSERVED_NIFTY_50_SESSION
MOTHERSON,daily,2017-10-19,2017-10-19,ABSENT_ON_OBSERVED_NIFTY_50_SESSION
MOTHERSON,daily,2018-11-07,2018-11-07,ABSENT_ON_OBSERVED_NIFTY_50_SESSION
MOTILALOFS,daily,2009-10-17,2009-10-17,ABSENT_ON_OBSERVED_NIFTY_50_SESSION
MOTILALOFS,daily,2010-02-06,2010-02-06,ABSENT_ON_OBSERVED_NIFTY_50_SESSION
MOTILALOFS,daily,2011-10-26,2011-10-26,ABSENT_ON_OBSERVED_NIFTY_50_SESSION
MOTILALOFS,daily,2012-01-07,2012-01-07,ABSENT_ON_OBSERVED_NIFTY_50_SESSION
MOTILALOFS,daily,2012-03-03,2012-03-03,ABSENT_ON_OBSERVED_NIFTY_50_SESSION
MOTILALOFS,daily,2012-04-28,2012-04-28,ABSENT_ON_OBSERVED_NIFTY_50_SESSION
MOTILALOFS,daily,2012-09-08,2012-09-08,ABSENT_ON_OBSERVED_NIFTY_50_SESSION
MOTILALOFS,daily,2013-05-11,2013-05-11,ABSENT_ON_OBSERVED_NIFTY_50_SESSION
MOTILALOFS,daily,2013-11-03,2013-11-03,ABSENT_ON_OBSERVED_NIFTY_50_SESSION
MOTILALOFS,daily,2014-03-22,2014-03-22,ABSENT_ON_OBSERVED_NIFTY_50_SESSION
MOTILALOFS,daily,2015-02-28,2015-02-28,ABSENT_ON_OBSERVED_NIFTY_50_SESSION
MOTILALOFS,daily,2016-10-30,2016-10-30,ABSENT_ON_OBSERVED_NIFTY_50_SESSION
MOTILALOFS,daily,2017-10-19,2017-10-19,ABSENT_ON_OBSERVED_NIFTY_50_SESSION
MOTILALOFS,daily,2018-11-07,2018-11-07,ABSENT_ON_OBSERVED_NIFTY_50_SESSION
MPHASIS,daily,2003-03-22,2003-03-22,ABSENT_ON_OBSERVED_NIFTY_50_SESSION
MPHASIS,daily,2003-10-25,2003-10-25,ABSENT_ON_OBSERVED_NIFTY_50_SESSION
MPHASIS,daily,2003-11-15,2003-11-15,ABSENT_ON_OBSERVED_NIFTY_50_SESSION
MPHASIS,daily,2004-04-17,2004-04-17,ABSENT_ON_OBSERVED_NIFTY_50_SESSION
MPHASIS,daily,2004-05-24,2004-05-24,ABSENT_ON_OBSERVED_NIFTY_50_SESSION
MPHASIS,daily,2004-05-25,2004-05-25,ABSENT_ON_OBSERVED_NIFTY_50_SESSION
MPHASIS,daily,2004-05-26,2004-05-26,ABSENT_ON_OBSERVED_NIFTY_50_SESSION
MPHASIS,daily,2004-05-27,2004-05-27,ABSENT_ON_OBSERVED_NIFTY_50_SESSION
MPHASIS,daily,2004-05-28,2004-05-28,ABSENT_ON_OBSERVED_NIFTY_50_SESSION
MPHASIS,daily,2004-05-31,2004-05-31,ABSENT_ON_OBSERVED_NIFTY_50_SESSION
MPHASIS,daily,2004-06-01,2004-06-01,ABSENT_ON_OBSERVED_NIFTY_50_SESSION
MPHASIS,daily,2004-06-02,2004-06-02,ABSENT_ON_OBSERVED_NIFTY_50_SESSION
MPHASIS,daily,2004-06-03,2004-06-03,ABSENT_ON_OBSERVED_NIFTY_50_SESSION
MPHASIS,daily,2004-06-04,2004-06-04,ABSENT_ON_OBSERVED_NIFTY_50_SESSION
MPHASIS,daily,2004-06-07,2004-06-07,ABSENT_ON_OBSERVED_NIFTY_50_SESSION
MPHASIS,daily,2004-06-08,2004-06-08,ABSENT_ON_OBSERVED_NIFTY_50_SESSION
MPHASIS,daily,2004-06-09,2004-06-09,ABSENT_ON_OBSERVED_NIFTY_50_SESSION
MPHASIS,daily,2004-06-10,2004-06-10,ABSENT_ON_OBSERVED_NIFTY_50_SESSION
MPHASIS,daily,2004-06-11,2004-06-11,ABSENT_ON_OBSERVED_NIFTY_50_SESSION
MPHASIS,daily,2004-06-14,2004-06-14,ABSENT_ON_OBSERVED_NIFTY_50_SESSION
MPHASIS,daily,2004-06-15,2004-06-15,ABSENT_ON_OBSERVED_NIFTY_50_SESSION
MPHASIS,daily,2004-06-16,2004-06-16,ABSENT_ON_OBSERVED_NIFTY_50_SESSION
MPHASIS,daily,2004-06-17,2004-06-17,ABSENT_ON_OBSERVED_NIFTY_50_SESSION
MPHASIS,daily,2004-06-18,2004-06-18,ABSENT_ON_OBSERVED_NIFTY_50_SESSION
MPHASIS,daily,2004-06-21,2004-06-21,ABSENT_ON_OBSERVED_NIFTY_50_SESSION
MPHASIS,daily,2004-06-22,2004-06-22,ABSENT_ON_OBSERVED_NIFTY_50_SESSION
MPHASIS,daily,2004-10-09,2004-10-09,ABSENT_ON_OBSERVED_NIFTY_50_SESSION
MPHASIS,daily,2005-06-04,2005-06-04,ABSENT_ON_OBSERVED_NIFTY_50_SESSION
MPHASIS,daily,2005-11-26,2005-11-26,ABSENT_ON_OBSERVED_NIFTY_50_SESSION
MPHASIS,daily,2006-04-29,2006-04-29,ABSENT_ON_OBSERVED_NIFTY_50_SESSION
MPHASIS,daily,2006-06-25,2006-06-25,ABSENT_ON_OBSERVED_NIFTY_50_SESSION
MPHASIS,daily,2006-10-21,2006-10-21,ABSENT_ON_OBSERVED_NIFTY_50_SESSION
MPHASIS,daily,2009-10-17,2009-10-17,ABSENT_ON_OBSERVED_NIFTY_50_SESSION
MPHASIS,daily,2010-02-06,2010-02-06,ABSENT_ON_OBSERVED_NIFTY_50_SESSION
MPHASIS,daily,2011-10-26,2011-10-26,ABSENT_ON_OBSERVED_NIFTY_50_SESSION
MPHASIS,daily,2012-01-07,2012-01-07,ABSENT_ON_OBSERVED_NIFTY_50_SESSION
MPHASIS,daily,2012-03-03,2012-03-03,ABSENT_ON_OBSERVED_NIFTY_50_SESSION
MPHASIS,daily,2012-04-28,2012-04-28,ABSENT_ON_OBSERVED_NIFTY_50_SESSION
MPHASIS,daily,2012-09-08,2012-09-08,ABSENT_ON_OBSERVED_NIFTY_50_SESSION
MPHASIS,daily,2013-05-11,2013-05-11,ABSENT_ON_OBSERVED_NIFTY_50_SESSION
MPHASIS,daily,2013-11-03,2013-11-03,ABSENT_ON_OBSERVED_NIFTY_50_SESSION
MPHASIS,daily,2014-03-22,2014-03-22,ABSENT_ON_OBSERVED_NIFTY_50_SESSION
MPHASIS,daily,2015-02-28,2015-02-28,ABSENT_ON_OBSERVED_NIFTY_50_SESSION
MPHASIS,daily,2016-10-30,2016-10-30,ABSENT_ON_OBSERVED_NIFTY_50_SESSION
MPHASIS,daily,2017-10-19,2017-10-19,ABSENT_ON_OBSERVED_NIFTY_50_SESSION
MPHASIS,daily,2018-11-07,2018-11-07,ABSENT_ON_OBSERVED_NIFTY_50_SESSION
MRF,daily,2003-03-22,2003-03-22,ABSENT_ON_OBSERVED_NIFTY_50_SESSION
MRF,daily,2003-10-25,2003-10-25,ABSENT_ON_OBSERVED_NIFTY_50_SESSION
MRF,daily,2003-11-15,2003-11-15,ABSENT_ON_OBSERVED_NIFTY_50_SESSION
MRF,daily,2004-04-17,2004-04-17,ABSENT_ON_OBSERVED_NIFTY_50_SESSION
MRF,daily,2004-05-24,2004-05-24,ABSENT_ON_OBSERVED_NIFTY_50_SESSION
MRF,daily,2004-05-25,2004-05-25,ABSENT_ON_OBSERVED_NIFTY_50_SESSION
MRF,daily,2004-05-26,2004-05-26,ABSENT_ON_OBSERVED_NIFTY_50_SESSION
MRF,daily,2004-05-27,2004-05-27,ABSENT_ON_OBSERVED_NIFTY_50_SESSION
MRF,daily,2004-05-28,2004-05-28,ABSENT_ON_OBSERVED_NIFTY_50_SESSION
MRF,daily,2004-05-31,2004-05-31,ABSENT_ON_OBSERVED_NIFTY_50_SESSION
MRF,daily,2004-06-01,2004-06-01,ABSENT_ON_OBSERVED_NIFTY_50_SESSION
MRF,daily,2004-06-02,2004-06-02,ABSENT_ON_OBSERVED_NIFTY_50_SESSION
MRF,daily,2004-06-03,2004-06-03,ABSENT_ON_OBSERVED_NIFTY_50_SESSION
MRF,daily,2004-06-04,2004-06-04,ABSENT_ON_OBSERVED_NIFTY_50_SESSION
MRF,daily,2004-06-07,2004-06-07,ABSENT_ON_OBSERVED_NIFTY_50_SESSION
MRF,daily,2004-06-08,2004-06-08,ABSENT_ON_OBSERVED_NIFTY_50_SESSION
MRF,daily,2004-06-09,2004-06-09,ABSENT_ON_OBSERVED_NIFTY_50_SESSION
MRF,daily,2004-06-10,2004-06-10,ABSENT_ON_OBSERVED_NIFTY_50_SESSION
MRF,daily,2004-06-11,2004-06-11,ABSENT_ON_OBSERVED_NIFTY_50_SESSION
MRF,daily,2004-06-14,2004-06-14,ABSENT_ON_OBSERVED_NIFTY_50_SESSION
MRF,daily,2004-06-15,2004-06-15,ABSENT_ON_OBSERVED_NIFTY_50_SESSION
MRF,daily,2004-06-16,2004-06-16,ABSENT_ON_OBSERVED_NIFTY_50_SESSION
MRF,daily,2004-06-17,2004-06-17,ABSENT_ON_OBSERVED_NIFTY_50_SESSION
MRF,daily,2004-06-18,2004-06-18,ABSENT_ON_OBSERVED_NIFTY_50_SESSION
MRF,daily,2004-06-21,2004-06-21,ABSENT_ON_OBSERVED_NIFTY_50_SESSION
MRF,daily,2004-06-22,2004-06-22,ABSENT_ON_OBSERVED_NIFTY_50_SESSION
MRF,daily,2004-10-09,2004-10-09,ABSENT_ON_OBSERVED_NIFTY_50_SESSION
MRF,daily,2005-06-04,2005-06-04,ABSENT_ON_OBSERVED_NIFTY_50_SESSION
MRF,daily,2005-11-26,2005-11-26,ABSENT_ON_OBSERVED_NIFTY_50_SESSION
MRF,daily,2006-04-29,2006-04-29,ABSENT_ON_OBSERVED_NIFTY_50_SESSION
MRF,daily,2006-06-25,2006-06-25,ABSENT_ON_OBSERVED_NIFTY_50_SESSION
MRF,daily,2006-10-21,2006-10-21,ABSENT_ON_OBSERVED_NIFTY_50_SESSION
MRF,daily,2009-10-17,2009-10-17,ABSENT_ON_OBSERVED_NIFTY_50_SESSION
MRF,daily,2010-02-06,2010-02-06,ABSENT_ON_OBSERVED_NIFTY_50_SESSION
MRF,daily,2011-10-26,2011-10-26,ABSENT_ON_OBSERVED_NIFTY_50_SESSION
MRF,daily,2012-01-07,2012-01-07,ABSENT_ON_OBSERVED_NIFTY_50_SESSION
MRF,daily,2012-03-03,2012-03-03,ABSENT_ON_OBSERVED_NIFTY_50_SESSION
MRF,daily,2012-04-28,2012-04-28,ABSENT_ON_OBSERVED_NIFTY_50_SESSION
MRF,daily,2012-09-08,2012-09-08,ABSENT_ON_OBSERVED_NIFTY_50_SESSION
MRF,daily,2013-05-11,2013-05-11,ABSENT_ON_OBSERVED_NIFTY_50_SESSION
MRF,daily,2013-11-03,2013-11-03,ABSENT_ON_OBSERVED_NIFTY_50_SESSION
MRF,daily,2014-03-22,2014-03-22,ABSENT_ON_OBSERVED_NIFTY_50_SESSION
MRF,daily,2015-02-28,2015-02-28,ABSENT_ON_OBSERVED_NIFTY_50_SESSION
MRF,daily,2016-10-30,2016-10-30,ABSENT_ON_OBSERVED_NIFTY_50_SESSION
MRF,daily,2017-10-19,2017-10-19,ABSENT_ON_OBSERVED_NIFTY_50_SESSION
MRF,daily,2018-11-07,2018-11-07,ABSENT_ON_OBSERVED_NIFTY_50_SESSION
MUTHOOTFIN,daily,2011-10-26,2011-10-26,ABSENT_ON_OBSERVED_NIFTY_50_SESSION
MUTHOOTFIN,daily,2012-01-07,2012-01-07,ABSENT_ON_OBSERVED_NIFTY_50_SESSION
MUTHOOTFIN,daily,2012-03-03,2012-03-03,ABSENT_ON_OBSERVED_NIFTY_50_SESSION
MUTHOOTFIN,daily,2012-04-28,2012-04-28,ABSENT_ON_OBSERVED_NIFTY_50_SESSION
MUTHOOTFIN,daily,2012-09-08,2012-09-08,ABSENT_ON_OBSERVED_NIFTY_50_SESSION
MUTHOOTFIN,daily,2013-05-11,2013-05-11,ABSENT_ON_OBSERVED_NIFTY_50_SESSION
MUTHOOTFIN,daily,2013-11-03,2013-11-03,ABSENT_ON_OBSERVED_NIFTY_50_SESSION
MUTHOOTFIN,daily,2014-03-22,2014-03-22,ABSENT_ON_OBSERVED_NIFTY_50_SESSION
MUTHOOTFIN,daily,2015-02-28,2015-02-28,ABSENT_ON_OBSERVED_NIFTY_50_SESSION
MUTHOOTFIN,daily,2016-10-30,2016-10-30,ABSENT_ON_OBSERVED_NIFTY_50_SESSION
MUTHOOTFIN,daily,2017-10-19,2017-10-19,ABSENT_ON_OBSERVED_NIFTY_50_SESSION
MUTHOOTFIN,daily,2018-11-07,2018-11-07,ABSENT_ON_OBSERVED_NIFTY_50_SESSION
NATIONALUM,daily,2003-03-22,2003-03-22,ABSENT_ON_OBSERVED_NIFTY_50_SESSION
NATIONALUM,daily,2003-10-25,2003-10-25,ABSENT_ON_OBSERVED_NIFTY_50_SESSION
NATIONALUM,daily,2003-11-15,2003-11-15,ABSENT_ON_OBSERVED_NIFTY_50_SESSION
NATIONALUM,daily,2004-04-17,2004-04-17,ABSENT_ON_OBSERVED_NIFTY_50_SESSION
NATIONALUM,daily,2004-05-24,2004-05-24,ABSENT_ON_OBSERVED_NIFTY_50_SESSION
NATIONALUM,daily,2004-05-25,2004-05-25,ABSENT_ON_OBSERVED_NIFTY_50_SESSION
NATIONALUM,daily,2004-05-26,2004-05-26,ABSENT_ON_OBSERVED_NIFTY_50_SESSION
NATIONALUM,daily,2004-05-27,2004-05-27,ABSENT_ON_OBSERVED_NIFTY_50_SESSION
NATIONALUM,daily,2004-05-28,2004-05-28,ABSENT_ON_OBSERVED_NIFTY_50_SESSION
NATIONALUM,daily,2004-05-31,2004-05-31,ABSENT_ON_OBSERVED_NIFTY_50_SESSION
NATIONALUM,daily,2004-06-01,2004-06-01,ABSENT_ON_OBSERVED_NIFTY_50_SESSION
NATIONALUM,daily,2004-06-02,2004-06-02,ABSENT_ON_OBSERVED_NIFTY_50_SESSION
NATIONALUM,daily,2004-06-03,2004-06-03,ABSENT_ON_OBSERVED_NIFTY_50_SESSION
NATIONALUM,daily,2004-06-04,2004-06-04,ABSENT_ON_OBSERVED_NIFTY_50_SESSION
NATIONALUM,daily,2004-06-07,2004-06-07,ABSENT_ON_OBSERVED_NIFTY_50_SESSION
NATIONALUM,daily,2004-06-08,2004-06-08,ABSENT_ON_OBSERVED_NIFTY_50_SESSION
NATIONALUM,daily,2004-06-09,2004-06-09,ABSENT_ON_OBSERVED_NIFTY_50_SESSION
NATIONALUM,daily,2004-06-10,2004-06-10,ABSENT_ON_OBSERVED_NIFTY_50_SESSION
NATIONALUM,daily,2004-06-11,2004-06-11,ABSENT_ON_OBSERVED_NIFTY_50_SESSION
NATIONALUM,daily,2004-06-14,2004-06-14,ABSENT_ON_OBSERVED_NIFTY_50_SESSION
NATIONALUM,daily,2004-06-15,2004-06-15,ABSENT_ON_OBSERVED_NIFTY_50_SESSION
NATIONALUM,daily,2004-06-16,2004-06-16,ABSENT_ON_OBSERVED_NIFTY_50_SESSION
NATIONALUM,daily,2004-06-17,2004-06-17,ABSENT_ON_OBSERVED_NIFTY_50_SESSION
NATIONALUM,daily,2004-06-18,2004-06-18,ABSENT_ON_OBSERVED_NIFTY_50_SESSION
NATIONALUM,daily,2004-06-21,2004-06-21,ABSENT_ON_OBSERVED_NIFTY_50_SESSION
NATIONALUM,daily,2004-06-22,2004-06-22,ABSENT_ON_OBSERVED_NIFTY_50_SESSION
NATIONALUM,daily,2004-10-09,2004-10-09,ABSENT_ON_OBSERVED_NIFTY_50_SESSION
NATIONALUM,daily,2005-06-04,2005-06-04,ABSENT_ON_OBSERVED_NIFTY_50_SESSION
NATIONALUM,daily,2005-11-26,2005-11-26,ABSENT_ON_OBSERVED_NIFTY_50_SESSION
NATIONALUM,daily,2006-04-29,2006-04-29,ABSENT_ON_OBSERVED_NIFTY_50_SESSION
NATIONALUM,daily,2006-06-25,2006-06-25,ABSENT_ON_OBSERVED_NIFTY_50_SESSION
NATIONALUM,daily,2006-10-21,2006-10-21,ABSENT_ON_OBSERVED_NIFTY_50_SESSION
NATIONALUM,daily,2009-10-17,2009-10-17,ABSENT_ON_OBSERVED_NIFTY_50_SESSION
NATIONALUM,daily,2010-02-06,2010-02-06,ABSENT_ON_OBSERVED_NIFTY_50_SESSION
NATIONALUM,daily,2011-10-26,2011-10-26,ABSENT_ON_OBSERVED_NIFTY_50_SESSION
NATIONALUM,daily,2012-01-07,2012-01-07,ABSENT_ON_OBSERVED_NIFTY_50_SESSION
NATIONALUM,daily,2012-03-03,2012-03-03,ABSENT_ON_OBSERVED_NIFTY_50_SESSION
NATIONALUM,daily,2012-04-28,2012-04-28,ABSENT_ON_OBSERVED_NIFTY_50_SESSION
NATIONALUM,daily,2012-09-08,2012-09-08,ABSENT_ON_OBSERVED_NIFTY_50_SESSION
NATIONALUM,daily,2013-05-11,2013-05-11,ABSENT_ON_OBSERVED_NIFTY_50_SESSION
NATIONALUM,daily,2013-11-03,2013-11-03,ABSENT_ON_OBSERVED_NIFTY_50_SESSION
NATIONALUM,daily,2014-03-22,2014-03-22,ABSENT_ON_OBSERVED_NIFTY_50_SESSION
NATIONALUM,daily,2015-02-28,2015-02-28,ABSENT_ON_OBSERVED_NIFTY_50_SESSION
NATIONALUM,daily,2016-10-30,2016-10-30,ABSENT_ON_OBSERVED_NIFTY_50_SESSION
NATIONALUM,daily,2017-10-19,2017-10-19,ABSENT_ON_OBSERVED_NIFTY_50_SESSION
NATIONALUM,daily,2018-11-07,2018-11-07,ABSENT_ON_OBSERVED_NIFTY_50_SESSION
NAUKRI,daily,2009-10-17,2009-10-17,ABSENT_ON_OBSERVED_NIFTY_50_SESSION
NAUKRI,daily,2010-02-06,2010-02-06,ABSENT_ON_OBSERVED_NIFTY_50_SESSION
NAUKRI,daily,2011-10-26,2011-10-26,ABSENT_ON_OBSERVED_NIFTY_50_SESSION
NAUKRI,daily,2012-01-07,2012-01-07,ABSENT_ON_OBSERVED_NIFTY_50_SESSION
NAUKRI,daily,2012-03-03,2012-03-03,ABSENT_ON_OBSERVED_NIFTY_50_SESSION
NAUKRI,daily,2012-04-28,2012-04-28,ABSENT_ON_OBSERVED_NIFTY_50_SESSION
NAUKRI,daily,2012-09-08,2012-09-08,ABSENT_ON_OBSERVED_NIFTY_50_SESSION
NAUKRI,daily,2013-05-11,2013-05-11,ABSENT_ON_OBSERVED_NIFTY_50_SESSION
NAUKRI,daily,2013-11-03,2013-11-03,ABSENT_ON_OBSERVED_NIFTY_50_SESSION
NAUKRI,daily,2014-03-22,2014-03-22,ABSENT_ON_OBSERVED_NIFTY_50_SESSION
NAUKRI,daily,2015-02-28,2015-02-28,ABSENT_ON_OBSERVED_NIFTY_50_SESSION
NAUKRI,daily,2016-10-30,2016-10-30,ABSENT_ON_OBSERVED_NIFTY_50_SESSION
NAUKRI,daily,2017-10-19,2017-10-19,ABSENT_ON_OBSERVED_NIFTY_50_SESSION
NAUKRI,daily,2018-11-07,2018-11-07,ABSENT_ON_OBSERVED_NIFTY_50_SESSION
NESTLEIND,daily,2010-02-06,2010-02-06,ABSENT_ON_OBSERVED_NIFTY_50_SESSION
NESTLEIND,daily,2011-10-26,2011-10-26,ABSENT_ON_OBSERVED_NIFTY_50_SESSION
NESTLEIND,daily,2012-01-07,2012-01-07,ABSENT_ON_OBSERVED_NIFTY_50_SESSION
NESTLEIND,daily,2012-03-03,2012-03-03,ABSENT_ON_OBSERVED_NIFTY_50_SESSION
NESTLEIND,daily,2012-04-28,2012-04-28,ABSENT_ON_OBSERVED_NIFTY_50_SESSION
NESTLEIND,daily,2012-09-08,2012-09-08,ABSENT_ON_OBSERVED_NIFTY_50_SESSION
NESTLEIND,daily,2013-05-11,2013-05-11,ABSENT_ON_OBSERVED_NIFTY_50_SESSION
NESTLEIND,daily,2013-11-03,2013-11-03,ABSENT_ON_OBSERVED_NIFTY_50_SESSION
NESTLEIND,daily,2014-03-22,2014-03-22,ABSENT_ON_OBSERVED_NIFTY_50_SESSION
NESTLEIND,daily,2015-02-28,2015-02-28,ABSENT_ON_OBSERVED_NIFTY_50_SESSION
NESTLEIND,daily,2016-10-30,2016-10-30,ABSENT_ON_OBSERVED_NIFTY_50_SESSION
NESTLEIND,daily,2017-10-19,2017-10-19,ABSENT_ON_OBSERVED_NIFTY_50_SESSION
NESTLEIND,daily,2018-11-07,2018-11-07,ABSENT_ON_OBSERVED_NIFTY_50_SESSION
NHPC,daily,2009-10-17,2009-10-17,ABSENT_ON_OBSERVED_NIFTY_50_SESSION
NHPC,daily,2010-02-06,2010-02-06,ABSENT_ON_OBSERVED_NIFTY_50_SESSION
NHPC,daily,2011-10-26,2011-10-26,ABSENT_ON_OBSERVED_NIFTY_50_SESSION
NHPC,daily,2012-01-07,2012-01-07,ABSENT_ON_OBSERVED_NIFTY_50_SESSION
NHPC,daily,2012-03-03,2012-03-03,ABSENT_ON_OBSERVED_NIFTY_50_SESSION
NHPC,daily,2012-04-28,2012-04-28,ABSENT_ON_OBSERVED_NIFTY_50_SESSION
NHPC,daily,2012-09-08,2012-09-08,ABSENT_ON_OBSERVED_NIFTY_50_SESSION
NHPC,daily,2013-05-11,2013-05-11,ABSENT_ON_OBSERVED_NIFTY_50_SESSION
NHPC,daily,2013-11-03,2013-11-03,ABSENT_ON_OBSERVED_NIFTY_50_SESSION
NHPC,daily,2014-03-22,2014-03-22,ABSENT_ON_OBSERVED_NIFTY_50_SESSION
NHPC,daily,2015-02-28,2015-02-28,ABSENT_ON_OBSERVED_NIFTY_50_SESSION
NHPC,daily,2016-10-30,2016-10-30,ABSENT_ON_OBSERVED_NIFTY_50_SESSION
NHPC,daily,2017-10-19,2017-10-19,ABSENT_ON_OBSERVED_NIFTY_50_SESSION
NHPC,daily,2018-11-07,2018-11-07,ABSENT_ON_OBSERVED_NIFTY_50_SESSION
NIFTY_ENERGY,daily,2015-05-26,2015-05-26,ABSENT_ON_OBSERVED_NIFTY_50_SESSION
NIFTY_ENERGY,daily,2015-11-09,2015-11-09,ABSENT_ON_OBSERVED_NIFTY_50_SESSION
NIFTY_FIN_SERVICE,daily,2015-11-09,2015-11-09,ABSENT_ON_OBSERVED_NIFTY_50_SESSION
NIFTY_FMCG,daily,1996-10-30,1996-10-30,ABSENT_ON_OBSERVED_NIFTY_50_SESSION
NIFTY_FMCG,daily,2015-05-26,2015-05-26,ABSENT_ON_OBSERVED_NIFTY_50_SESSION
NIFTY_FMCG,daily,2015-11-09,2015-11-09,ABSENT_ON_OBSERVED_NIFTY_50_SESSION
NIFTY_HEALTHCARE,daily,2022-02-24,2022-02-24,ABSENT_ON_OBSERVED_NIFTY_50_SESSION
NIFTY_HEALTHCARE,daily,2022-02-25,2022-02-25,ABSENT_ON_OBSERVED_NIFTY_50_SESSION
NIFTY_HEALTHCARE,daily,2022-02-28,2022-02-28,ABSENT_ON_OBSERVED_NIFTY_50_SESSION
NIFTY_HEALTHCARE,daily,2022-03-02,2022-03-02,ABSENT_ON_OBSERVED_NIFTY_50_SESSION
NIFTY_HEALTHCARE,daily,2022-03-03,2022-03-03,ABSENT_ON_OBSERVED_NIFTY_50_SESSION
NIFTY_HEALTHCARE,daily,2022-09-26,2022-09-26,ABSENT_ON_OBSERVED_NIFTY_50_SESSION
NIFTY_HEALTHCARE,daily,2022-09-27,2022-09-27,ABSENT_ON_OBSERVED_NIFTY_50_SESSION
NIFTY_HEALTHCARE,daily,2022-09-29,2022-09-29,ABSENT_ON_OBSERVED_NIFTY_50_SESSION
NIFTY_HEALTHCARE,daily,2022-09-30,2022-09-30,ABSENT_ON_OBSERVED_NIFTY_50_SESSION
NIFTY_HEALTHCARE,daily,2022-10-03,2022-10-03,ABSENT_ON_OBSERVED_NIFTY_50_SESSION
NIFTY_HEALTHCARE,daily,2022-10-04,2022-10-04,ABSENT_ON_OBSERVED_NIFTY_50_SESSION
NIFTY_HEALTHCARE,daily,2022-10-06,2022-10-06,ABSENT_ON_OBSERVED_NIFTY_50_SESSION
NIFTY_INFRA,daily,2015-11-09,2015-11-09,ABSENT_ON_OBSERVED_NIFTY_50_SESSION
NIFTY_INFRA,daily,2018-12-03,2018-12-03,ABSENT_ON_OBSERVED_NIFTY_50_SESSION
NIFTY_INFRA,daily,2018-12-04,2018-12-04,ABSENT_ON_OBSERVED_NIFTY_50_SESSION
NIFTY_INFRA,daily,2018-12-05,2018-12-05,ABSENT_ON_OBSERVED_NIFTY_50_SESSION
NIFTY_INFRA,daily,2018-12-06,2018-12-06,ABSENT_ON_OBSERVED_NIFTY_50_SESSION
NIFTY_INFRA,daily,2018-12-07,2018-12-07,ABSENT_ON_OBSERVED_NIFTY_50_SESSION
NIFTY_INFRA,daily,2018-12-10,2018-12-10,ABSENT_ON_OBSERVED_NIFTY_50_SESSION
NIFTY_INFRA,daily,2018-12-11,2018-12-11,ABSENT_ON_OBSERVED_NIFTY_50_SESSION
NIFTY_INFRA,daily,2018-12-12,2018-12-12,ABSENT_ON_OBSERVED_NIFTY_50_SESSION
NIFTY_INFRA,daily,2018-12-13,2018-12-13,ABSENT_ON_OBSERVED_NIFTY_50_SESSION
NIFTY_INFRA,daily,2018-12-14,2018-12-14,ABSENT_ON_OBSERVED_NIFTY_50_SESSION
NIFTY_INFRA,daily,2018-12-17,2018-12-17,ABSENT_ON_OBSERVED_NIFTY_50_SESSION
NIFTY_INFRA,daily,2018-12-18,2018-12-18,ABSENT_ON_OBSERVED_NIFTY_50_SESSION
NIFTY_INFRA,daily,2018-12-19,2018-12-19,ABSENT_ON_OBSERVED_NIFTY_50_SESSION
NIFTY_INFRA,daily,2018-12-20,2018-12-20,ABSENT_ON_OBSERVED_NIFTY_50_SESSION
NIFTY_INFRA,daily,2018-12-21,2018-12-21,ABSENT_ON_OBSERVED_NIFTY_50_SESSION
NIFTY_INFRA,daily,2018-12-24,2018-12-24,ABSENT_ON_OBSERVED_NIFTY_50_SESSION
NIFTY_INFRA,daily,2018-12-26,2018-12-26,ABSENT_ON_OBSERVED_NIFTY_50_SESSION
NIFTY_INFRA,daily,2018-12-27,2018-12-27,ABSENT_ON_OBSERVED_NIFTY_50_SESSION
NIFTY_INFRA,daily,2018-12-28,2018-12-28,ABSENT_ON_OBSERVED_NIFTY_50_SESSION
NIFTY_INFRA,daily,2018-12-31,2018-12-31,ABSENT_ON_OBSERVED_NIFTY_50_SESSION
NIFTY_INFRA,daily,2019-01-01,2019-01-01,ABSENT_ON_OBSERVED_NIFTY_50_SESSION
NIFTY_INFRA,daily,2019-01-02,2019-01-02,ABSENT_ON_OBSERVED_NIFTY_50_SESSION
NIFTY_INFRA,daily,2019-01-03,2019-01-03,ABSENT_ON_OBSERVED_NIFTY_50_SESSION
NIFTY_INFRA,daily,2019-01-04,2019-01-04,ABSENT_ON_OBSERVED_NIFTY_50_SESSION
NIFTY_INFRA,daily,2019-01-07,2019-01-07,ABSENT_ON_OBSERVED_NIFTY_50_SESSION
NIFTY_INFRA,daily,2019-01-08,2019-01-08,ABSENT_ON_OBSERVED_NIFTY_50_SESSION
NIFTY_INFRA,daily,2019-01-09,2019-01-09,ABSENT_ON_OBSERVED_NIFTY_50_SESSION
NIFTY_INFRA,daily,2019-01-10,2019-01-10,ABSENT_ON_OBSERVED_NIFTY_50_SESSION
NIFTY_INFRA,daily,2019-01-11,2019-01-11,ABSENT_ON_OBSERVED_NIFTY_50_SESSION
NIFTY_INFRA,daily,2019-01-14,2019-01-14,ABSENT_ON_OBSERVED_NIFTY_50_SESSION
NIFTY_INFRA,daily,2019-01-15,2019-01-15,ABSENT_ON_OBSERVED_NIFTY_50_SESSION
NIFTY_INFRA,daily,2019-01-16,2019-01-16,ABSENT_ON_OBSERVED_NIFTY_50_SESSION
NIFTY_INFRA,daily,2019-01-17,2019-01-17,ABSENT_ON_OBSERVED_NIFTY_50_SESSION
NIFTY_INFRA,daily,2019-01-18,2019-01-18,ABSENT_ON_OBSERVED_NIFTY_50_SESSION
NIFTY_INFRA,daily,2019-01-21,2019-01-21,ABSENT_ON_OBSERVED_NIFTY_50_SESSION
NIFTY_INFRA,daily,2019-01-22,2019-01-22,ABSENT_ON_OBSERVED_NIFTY_50_SESSION
NIFTY_INFRA,daily,2019-01-23,2019-01-23,ABSENT_ON_OBSERVED_NIFTY_50_SESSION
NIFTY_INFRA,daily,2019-01-24,2019-01-24,ABSENT_ON_OBSERVED_NIFTY_50_SESSION
NIFTY_INFRA,daily,2019-01-25,2019-01-25,ABSENT_ON_OBSERVED_NIFTY_50_SESSION
NIFTY_INFRA,daily,2019-01-28,2019-01-28,ABSENT_ON_OBSERVED_NIFTY_50_SESSION
NIFTY_INFRA,daily,2019-01-29,2019-01-29,ABSENT_ON_OBSERVED_NIFTY_50_SESSION
NIFTY_INFRA,daily,2019-01-30,2019-01-30,ABSENT_ON_OBSERVED_NIFTY_50_SESSION
NIFTY_INFRA,daily,2019-01-31,2019-01-31,ABSENT_ON_OBSERVED_NIFTY_50_SESSION
NIFTY_INFRA,daily,2019-02-01,2019-02-01,ABSENT_ON_OBSERVED_NIFTY_50_SESSION
NIFTY_INFRA,daily,2019-02-04,2019-02-04,ABSENT_ON_OBSERVED_NIFTY_50_SESSION
NIFTY_INFRA,daily,2019-02-05,2019-02-05,ABSENT_ON_OBSERVED_NIFTY_50_SESSION
NIFTY_INFRA,daily,2019-02-06,2019-02-06,ABSENT_ON_OBSERVED_NIFTY_50_SESSION
NIFTY_INFRA,daily,2019-02-07,2019-02-07,ABSENT_ON_OBSERVED_NIFTY_50_SESSION
NIFTY_INFRA,daily,2019-02-08,2019-02-08,ABSENT_ON_OBSERVED_NIFTY_50_SESSION
NIFTY_INFRA,daily,2019-02-11,2019-02-11,ABSENT_ON_OBSERVED_NIFTY_50_SESSION
NIFTY_INFRA,daily,2019-02-12,2019-02-12,ABSENT_ON_OBSERVED_NIFTY_50_SESSION
NIFTY_INFRA,daily,2019-02-13,2019-02-13,ABSENT_ON_OBSERVED_NIFTY_50_SESSION
NIFTY_INFRA,daily,2019-02-14,2019-02-14,ABSENT_ON_OBSERVED_NIFTY_50_SESSION
NIFTY_INFRA,daily,2019-02-15,2019-02-15,ABSENT_ON_OBSERVED_NIFTY_50_SESSION
NIFTY_INFRA,daily,2019-02-18,2019-02-18,ABSENT_ON_OBSERVED_NIFTY_50_SESSION
NIFTY_INFRA,daily,2019-02-19,2019-02-19,ABSENT_ON_OBSERVED_NIFTY_50_SESSION
NIFTY_INFRA,daily,2019-02-20,2019-02-20,ABSENT_ON_OBSERVED_NIFTY_50_SESSION
NIFTY_IT,daily,1996-03-28,1996-03-28,ABSENT_ON_OBSERVED_NIFTY_50_SESSION
NIFTY_IT,daily,1996-04-01,1996-04-01,ABSENT_ON_OBSERVED_NIFTY_50_SESSION
NIFTY_IT,daily,1996-04-19,1996-04-19,ABSENT_ON_OBSERVED_NIFTY_50_SESSION
NIFTY_IT,daily,1996-04-29,1996-04-29,ABSENT_ON_OBSERVED_NIFTY_50_SESSION
NIFTY_IT,daily,1996-05-01,1996-05-01,ABSENT_ON_OBSERVED_NIFTY_50_SESSION
NIFTY_IT,daily,1996-05-07,1996-05-07,ABSENT_ON_OBSERVED_NIFTY_50_SESSION
NIFTY_IT,daily,1996-08-28,1996-08-28,ABSENT_ON_OBSERVED_NIFTY_50_SESSION
NIFTY_IT,daily,1996-09-05,1996-09-05,ABSENT_ON_OBSERVED_NIFTY_50_SESSION
NIFTY_IT,daily,1996-09-16,1996-09-16,ABSENT_ON_OBSERVED_NIFTY_50_SESSION
NIFTY_IT,daily,1996-09-17,1996-09-17,ABSENT_ON_OBSERVED_NIFTY_50_SESSION
NIFTY_IT,daily,1996-11-08,1996-11-08,ABSENT_ON_OBSERVED_NIFTY_50_SESSION
NIFTY_IT,daily,1996-11-11,1996-11-11,ABSENT_ON_OBSERVED_NIFTY_50_SESSION
NIFTY_IT,daily,1996-12-26,1996-12-26,ABSENT_ON_OBSERVED_NIFTY_50_SESSION
NIFTY_IT,daily,1996-12-31,1996-12-31,ABSENT_ON_OBSERVED_NIFTY_50_SESSION
NIFTY_IT,daily,1997-05-08,1997-05-08,ABSENT_ON_OBSERVED_NIFTY_50_SESSION
NIFTY_IT,daily,1997-08-18,1997-08-18,ABSENT_ON_OBSERVED_NIFTY_50_SESSION
NIFTY_IT,daily,1997-08-25,1997-08-25,ABSENT_ON_OBSERVED_NIFTY_50_SESSION
NIFTY_IT,daily,1997-10-28,1997-10-28,ABSENT_ON_OBSERVED_NIFTY_50_SESSION
NIFTY_IT,daily,1997-10-29,1997-10-29,ABSENT_ON_OBSERVED_NIFTY_50_SESSION
NIFTY_IT,daily,1998-01-30,1998-01-30,ABSENT_ON_OBSERVED_NIFTY_50_SESSION
NIFTY_IT,daily,1998-02-25,1998-02-25,ABSENT_ON_OBSERVED_NIFTY_50_SESSION
NIFTY_IT,daily,1998-04-09,1998-04-09,ABSENT_ON_OBSERVED_NIFTY_50_SESSION
NIFTY_IT,daily,1998-04-28,1998-04-28,ABSENT_ON_OBSERVED_NIFTY_50_SESSION
NIFTY_IT,daily,1998-05-11,1998-05-11,ABSENT_ON_OBSERVED_NIFTY_50_SESSION
NIFTY_IT,daily,1998-10-22,1998-10-22,ABSENT_ON_OBSERVED_NIFTY_50_SESSION
NIFTY_IT,daily,1998-10-31,1998-10-31,ABSENT_ON_OBSERVED_NIFTY_50_SESSION
NIFTY_IT,daily,1998-11-21,1998-11-21,ABSENT_ON_OBSERVED_NIFTY_50_SESSION
NIFTY_IT,daily,1998-11-28,1998-11-28,ABSENT_ON_OBSERVED_NIFTY_50_SESSION
NIFTY_IT,daily,1999-03-18,1999-03-18,ABSENT_ON_OBSERVED_NIFTY_50_SESSION
NIFTY_IT,daily,1999-03-20,1999-03-20,ABSENT_ON_OBSERVED_NIFTY_50_SESSION
NIFTY_IT,daily,1999-03-25,1999-03-25,ABSENT_ON_OBSERVED_NIFTY_50_SESSION
NIFTY_IT,daily,1999-04-30,1999-04-30,ABSENT_ON_OBSERVED_NIFTY_50_SESSION
NIFTY_IT,daily,2005-07-01,2005-07-01,ABSENT_ON_OBSERVED_NIFTY_50_SESSION
NIFTY_IT,daily,2006-11-06,2006-11-06,ABSENT_ON_OBSERVED_NIFTY_50_SESSION
NIFTY_IT,daily,2009-02-16,2009-02-16,ABSENT_ON_OBSERVED_NIFTY_50_SESSION
NIFTY_IT,daily,2009-02-17,2009-02-17,ABSENT_ON_OBSERVED_NIFTY_50_SESSION
NIFTY_IT,daily,2009-02-18,2009-02-18,ABSENT_ON_OBSERVED_NIFTY_50_SESSION
NIFTY_IT,daily,2009-02-19,2009-02-19,ABSENT_ON_OBSERVED_NIFTY_50_SESSION
NIFTY_IT,daily,2009-02-20,2009-02-20,ABSENT_ON_OBSERVED_NIFTY_50_SESSION
NIFTY_IT,daily,2009-02-24,2009-02-24,ABSENT_ON_OBSERVED_NIFTY_50_SESSION
NIFTY_IT,daily,2009-02-25,2009-02-25,ABSENT_ON_OBSERVED_NIFTY_50_SESSION
NIFTY_IT,daily,2009-02-26,2009-02-26,ABSENT_ON_OBSERVED_NIFTY_50_SESSION
NIFTY_IT,daily,2009-12-07,2009-12-07,ABSENT_ON_OBSERVED_NIFTY_50_SESSION
NIFTY_IT,daily,2009-12-08,2009-12-08,ABSENT_ON_OBSERVED_NIFTY_50_SESSION
NIFTY_IT,daily,2009-12-09,2009-12-09,ABSENT_ON_OBSERVED_NIFTY_50_SESSION
NIFTY_IT,daily,2009-12-10,2009-12-10,ABSENT_ON_OBSERVED_NIFTY_50_SESSION
NIFTY_IT,daily,2009-12-11,2009-12-11,ABSENT_ON_OBSERVED_NIFTY_50_SESSION
NIFTY_IT,daily,2013-04-22,2013-04-22,ABSENT_ON_OBSERVED_NIFTY_50_SESSION
NIFTY_IT,daily,2013-04-23,2013-04-23,ABSENT_ON_OBSERVED_NIFTY_50_SESSION
NIFTY_IT,daily,2013-04-25,2013-04-25,ABSENT_ON_OBSERVED_NIFTY_50_SESSION
NIFTY_IT,daily,2013-04-26,2013-04-26,ABSENT_ON_OBSERVED_NIFTY_50_SESSION
NIFTY_IT,daily,2013-04-29,2013-04-29,ABSENT_ON_OBSERVED_NIFTY_50_SESSION
NIFTY_IT,daily,2013-04-30,2013-04-30,ABSENT_ON_OBSERVED_NIFTY_50_SESSION
NIFTY_IT,daily,2013-05-02,2013-05-02,ABSENT_ON_OBSERVED_NIFTY_50_SESSION
NIFTY_IT,daily,2013-05-03,2013-05-03,ABSENT_ON_OBSERVED_NIFTY_50_SESSION
NIFTY_METAL,daily,2015-11-09,2015-11-09,ABSENT_ON_OBSERVED_NIFTY_50_SESSION
NIFTY_OIL_GAS,daily,2022-02-24,2022-02-24,ABSENT_ON_OBSERVED_NIFTY_50_SESSION
NIFTY_OIL_GAS,daily,2022-02-25,2022-02-25,ABSENT_ON_OBSERVED_NIFTY_50_SESSION
NIFTY_OIL_GAS,daily,2022-02-28,2022-02-28,ABSENT_ON_OBSERVED_NIFTY_50_SESSION
NIFTY_OIL_GAS,daily,2022-03-02,2022-03-02,ABSENT_ON_OBSERVED_NIFTY_50_SESSION
NIFTY_OIL_GAS,daily,2022-03-03,2022-03-03,ABSENT_ON_OBSERVED_NIFTY_50_SESSION
NIFTY_OIL_GAS,daily,2022-09-26,2022-09-26,ABSENT_ON_OBSERVED_NIFTY_50_SESSION
NIFTY_OIL_GAS,daily,2022-09-27,2022-09-27,ABSENT_ON_OBSERVED_NIFTY_50_SESSION
NIFTY_OIL_GAS,daily,2022-09-29,2022-09-29,ABSENT_ON_OBSERVED_NIFTY_50_SESSION
NIFTY_OIL_GAS,daily,2022-09-30,2022-09-30,ABSENT_ON_OBSERVED_NIFTY_50_SESSION
NIFTY_OIL_GAS,daily,2022-10-03,2022-10-03,ABSENT_ON_OBSERVED_NIFTY_50_SESSION
NIFTY_OIL_GAS,daily,2022-10-04,2022-10-04,ABSENT_ON_OBSERVED_NIFTY_50_SESSION
NIFTY_OIL_GAS,daily,2022-10-06,2022-10-06,ABSENT_ON_OBSERVED_NIFTY_50_SESSION
NIFTY_REALTY,daily,2015-11-09,2015-11-09,ABSENT_ON_OBSERVED_NIFTY_50_SESSION
NIFTY_SERVICES,daily,2015-11-09,2015-11-09,ABSENT_ON_OBSERVED_NIFTY_50_SESSION
NIFTY_SERVICES,daily,2018-12-03,2018-12-03,ABSENT_ON_OBSERVED_NIFTY_50_SESSION
NIFTY_SERVICES,daily,2018-12-04,2018-12-04,ABSENT_ON_OBSERVED_NIFTY_50_SESSION
NIFTY_SERVICES,daily,2018-12-05,2018-12-05,ABSENT_ON_OBSERVED_NIFTY_50_SESSION
NIFTY_SERVICES,daily,2018-12-06,2018-12-06,ABSENT_ON_OBSERVED_NIFTY_50_SESSION
NIFTY_SERVICES,daily,2018-12-07,2018-12-07,ABSENT_ON_OBSERVED_NIFTY_50_SESSION
NIFTY_SERVICES,daily,2018-12-10,2018-12-10,ABSENT_ON_OBSERVED_NIFTY_50_SESSION
NIFTY_SERVICES,daily,2018-12-11,2018-12-11,ABSENT_ON_OBSERVED_NIFTY_50_SESSION
NIFTY_SERVICES,daily,2018-12-12,2018-12-12,ABSENT_ON_OBSERVED_NIFTY_50_SESSION
NIFTY_SERVICES,daily,2018-12-13,2018-12-13,ABSENT_ON_OBSERVED_NIFTY_50_SESSION
NIFTY_SERVICES,daily,2018-12-14,2018-12-14,ABSENT_ON_OBSERVED_NIFTY_50_SESSION
NIFTY_SERVICES,daily,2018-12-17,2018-12-17,ABSENT_ON_OBSERVED_NIFTY_50_SESSION
NIFTY_SERVICES,daily,2018-12-18,2018-12-18,ABSENT_ON_OBSERVED_NIFTY_50_SESSION
NIFTY_SERVICES,daily,2018-12-19,2018-12-19,ABSENT_ON_OBSERVED_NIFTY_50_SESSION
NIFTY_SERVICES,daily,2018-12-20,2018-12-20,ABSENT_ON_OBSERVED_NIFTY_50_SESSION
NIFTY_SERVICES,daily,2018-12-21,2018-12-21,ABSENT_ON_OBSERVED_NIFTY_50_SESSION
NIFTY_SERVICES,daily,2018-12-24,2018-12-24,ABSENT_ON_OBSERVED_NIFTY_50_SESSION
NIFTY_SERVICES,daily,2018-12-26,2018-12-26,ABSENT_ON_OBSERVED_NIFTY_50_SESSION
NIFTY_SERVICES,daily,2018-12-27,2018-12-27,ABSENT_ON_OBSERVED_NIFTY_50_SESSION
NIFTY_SERVICES,daily,2018-12-28,2018-12-28,ABSENT_ON_OBSERVED_NIFTY_50_SESSION
NIFTY_SERVICES,daily,2018-12-31,2018-12-31,ABSENT_ON_OBSERVED_NIFTY_50_SESSION
NIFTY_SERVICES,daily,2019-01-01,2019-01-01,ABSENT_ON_OBSERVED_NIFTY_50_SESSION
NIFTY_SERVICES,daily,2019-01-02,2019-01-02,ABSENT_ON_OBSERVED_NIFTY_50_SESSION
NIFTY_SERVICES,daily,2019-01-03,2019-01-03,ABSENT_ON_OBSERVED_NIFTY_50_SESSION
NIFTY_SERVICES,daily,2019-01-04,2019-01-04,ABSENT_ON_OBSERVED_NIFTY_50_SESSION
NIFTY_SERVICES,daily,2019-01-07,2019-01-07,ABSENT_ON_OBSERVED_NIFTY_50_SESSION
NIFTY_SERVICES,daily,2019-01-08,2019-01-08,ABSENT_ON_OBSERVED_NIFTY_50_SESSION
NIFTY_SERVICES,daily,2019-01-09,2019-01-09,ABSENT_ON_OBSERVED_NIFTY_50_SESSION
NIFTY_SERVICES,daily,2019-01-10,2019-01-10,ABSENT_ON_OBSERVED_NIFTY_50_SESSION
NIFTY_SERVICES,daily,2019-01-11,2019-01-11,ABSENT_ON_OBSERVED_NIFTY_50_SESSION
NIFTY_SERVICES,daily,2019-01-14,2019-01-14,ABSENT_ON_OBSERVED_NIFTY_50_SESSION
NIFTY_SERVICES,daily,2019-01-15,2019-01-15,ABSENT_ON_OBSERVED_NIFTY_50_SESSION
NIFTY_SERVICES,daily,2019-01-16,2019-01-16,ABSENT_ON_OBSERVED_NIFTY_50_SESSION
NIFTY_SERVICES,daily,2019-01-17,2019-01-17,ABSENT_ON_OBSERVED_NIFTY_50_SESSION
NIFTY_SERVICES,daily,2019-01-18,2019-01-18,ABSENT_ON_OBSERVED_NIFTY_50_SESSION
NIFTY_SERVICES,daily,2019-01-21,2019-01-21,ABSENT_ON_OBSERVED_NIFTY_50_SESSION
NIFTY_SERVICES,daily,2019-01-22,2019-01-22,ABSENT_ON_OBSERVED_NIFTY_50_SESSION
NIFTY_SERVICES,daily,2019-01-23,2019-01-23,ABSENT_ON_OBSERVED_NIFTY_50_SESSION
NIFTY_SERVICES,daily,2019-01-24,2019-01-24,ABSENT_ON_OBSERVED_NIFTY_50_SESSION
NIFTY_SERVICES,daily,2019-01-25,2019-01-25,ABSENT_ON_OBSERVED_NIFTY_50_SESSION
NIFTY_SERVICES,daily,2019-01-28,2019-01-28,ABSENT_ON_OBSERVED_NIFTY_50_SESSION
NIFTY_SERVICES,daily,2019-01-29,2019-01-29,ABSENT_ON_OBSERVED_NIFTY_50_SESSION
NIFTY_SERVICES,daily,2019-01-30,2019-01-30,ABSENT_ON_OBSERVED_NIFTY_50_SESSION
NIFTY_SERVICES,daily,2019-01-31,2019-01-31,ABSENT_ON_OBSERVED_NIFTY_50_SESSION
NIFTY_SERVICES,daily,2019-02-01,2019-02-01,ABSENT_ON_OBSERVED_NIFTY_50_SESSION
NIFTY_SERVICES,daily,2019-02-04,2019-02-04,ABSENT_ON_OBSERVED_NIFTY_50_SESSION
NIFTY_SERVICES,daily,2019-02-05,2019-02-05,ABSENT_ON_OBSERVED_NIFTY_50_SESSION
NIFTY_SERVICES,daily,2019-02-06,2019-02-06,ABSENT_ON_OBSERVED_NIFTY_50_SESSION
NIFTY_SERVICES,daily,2019-02-07,2019-02-07,ABSENT_ON_OBSERVED_NIFTY_50_SESSION
NIFTY_SERVICES,daily,2019-02-08,2019-02-08,ABSENT_ON_OBSERVED_NIFTY_50_SESSION
NIFTY_SERVICES,daily,2019-02-11,2019-02-11,ABSENT_ON_OBSERVED_NIFTY_50_SESSION
NIFTY_SERVICES,daily,2019-02-12,2019-02-12,ABSENT_ON_OBSERVED_NIFTY_50_SESSION
NIFTY_SERVICES,daily,2019-02-13,2019-02-13,ABSENT_ON_OBSERVED_NIFTY_50_SESSION
NIFTY_SERVICES,daily,2019-02-14,2019-02-14,ABSENT_ON_OBSERVED_NIFTY_50_SESSION
NIFTY_SERVICES,daily,2019-02-15,2019-02-15,ABSENT_ON_OBSERVED_NIFTY_50_SESSION
NIFTY_SERVICES,daily,2019-02-18,2019-02-18,ABSENT_ON_OBSERVED_NIFTY_50_SESSION
NIFTY_SERVICES,daily,2019-02-19,2019-02-19,ABSENT_ON_OBSERVED_NIFTY_50_SESSION
NIFTY_SERVICES,daily,2019-02-20,2019-02-20,ABSENT_ON_OBSERVED_NIFTY_50_SESSION
NLCINDIA,daily,2003-03-22,2003-03-22,ABSENT_ON_OBSERVED_NIFTY_50_SESSION
NLCINDIA,daily,2003-10-25,2003-10-25,ABSENT_ON_OBSERVED_NIFTY_50_SESSION
NLCINDIA,daily,2003-11-15,2003-11-15,ABSENT_ON_OBSERVED_NIFTY_50_SESSION
NLCINDIA,daily,2004-04-17,2004-04-17,ABSENT_ON_OBSERVED_NIFTY_50_SESSION
NLCINDIA,daily,2004-05-24,2004-05-24,ABSENT_ON_OBSERVED_NIFTY_50_SESSION
NLCINDIA,daily,2004-05-25,2004-05-25,ABSENT_ON_OBSERVED_NIFTY_50_SESSION
NLCINDIA,daily,2004-05-26,2004-05-26,ABSENT_ON_OBSERVED_NIFTY_50_SESSION
NLCINDIA,daily,2004-05-27,2004-05-27,ABSENT_ON_OBSERVED_NIFTY_50_SESSION
NLCINDIA,daily,2004-05-28,2004-05-28,ABSENT_ON_OBSERVED_NIFTY_50_SESSION
NLCINDIA,daily,2004-05-31,2004-05-31,ABSENT_ON_OBSERVED_NIFTY_50_SESSION
NLCINDIA,daily,2004-06-01,2004-06-01,ABSENT_ON_OBSERVED_NIFTY_50_SESSION
NLCINDIA,daily,2004-06-02,2004-06-02,ABSENT_ON_OBSERVED_NIFTY_50_SESSION
NLCINDIA,daily,2004-06-03,2004-06-03,ABSENT_ON_OBSERVED_NIFTY_50_SESSION
NLCINDIA,daily,2004-06-04,2004-06-04,ABSENT_ON_OBSERVED_NIFTY_50_SESSION
NLCINDIA,daily,2004-06-07,2004-06-07,ABSENT_ON_OBSERVED_NIFTY_50_SESSION
NLCINDIA,daily,2004-06-08,2004-06-08,ABSENT_ON_OBSERVED_NIFTY_50_SESSION
NLCINDIA,daily,2004-06-09,2004-06-09,ABSENT_ON_OBSERVED_NIFTY_50_SESSION
NLCINDIA,daily,2004-06-10,2004-06-10,ABSENT_ON_OBSERVED_NIFTY_50_SESSION
NLCINDIA,daily,2004-06-11,2004-06-11,ABSENT_ON_OBSERVED_NIFTY_50_SESSION
NLCINDIA,daily,2004-06-14,2004-06-14,ABSENT_ON_OBSERVED_NIFTY_50_SESSION
NLCINDIA,daily,2004-06-15,2004-06-15,ABSENT_ON_OBSERVED_NIFTY_50_SESSION
NLCINDIA,daily,2004-06-16,2004-06-16,ABSENT_ON_OBSERVED_NIFTY_50_SESSION
NLCINDIA,daily,2004-06-17,2004-06-17,ABSENT_ON_OBSERVED_NIFTY_50_SESSION
NLCINDIA,daily,2004-06-18,2004-06-18,ABSENT_ON_OBSERVED_NIFTY_50_SESSION
NLCINDIA,daily,2004-06-21,2004-06-21,ABSENT_ON_OBSERVED_NIFTY_50_SESSION
NLCINDIA,daily,2004-06-22,2004-06-22,ABSENT_ON_OBSERVED_NIFTY_50_SESSION
NLCINDIA,daily,2004-10-09,2004-10-09,ABSENT_ON_OBSERVED_NIFTY_50_SESSION
NLCINDIA,daily,2005-06-04,2005-06-04,ABSENT_ON_OBSERVED_NIFTY_50_SESSION
NLCINDIA,daily,2005-11-26,2005-11-26,ABSENT_ON_OBSERVED_NIFTY_50_SESSION
NLCINDIA,daily,2006-04-29,2006-04-29,ABSENT_ON_OBSERVED_NIFTY_50_SESSION
NLCINDIA,daily,2006-06-25,2006-06-25,ABSENT_ON_OBSERVED_NIFTY_50_SESSION
NLCINDIA,daily,2006-10-21,2006-10-21,ABSENT_ON_OBSERVED_NIFTY_50_SESSION
NLCINDIA,daily,2009-10-17,2009-10-17,ABSENT_ON_OBSERVED_NIFTY_50_SESSION
NLCINDIA,daily,2010-02-06,2010-02-06,ABSENT_ON_OBSERVED_NIFTY_50_SESSION
NLCINDIA,daily,2011-10-26,2011-10-26,ABSENT_ON_OBSERVED_NIFTY_50_SESSION
NLCINDIA,daily,2012-01-07,2012-01-07,ABSENT_ON_OBSERVED_NIFTY_50_SESSION
NLCINDIA,daily,2012-03-03,2012-03-03,ABSENT_ON_OBSERVED_NIFTY_50_SESSION
NLCINDIA,daily,2012-04-28,2012-04-28,ABSENT_ON_OBSERVED_NIFTY_50_SESSION
NLCINDIA,daily,2012-09-08,2012-09-08,ABSENT_ON_OBSERVED_NIFTY_50_SESSION
NLCINDIA,daily,2013-05-11,2013-05-11,ABSENT_ON_OBSERVED_NIFTY_50_SESSION
NLCINDIA,daily,2013-11-03,2013-11-03,ABSENT_ON_OBSERVED_NIFTY_50_SESSION
NLCINDIA,daily,2014-03-22,2014-03-22,ABSENT_ON_OBSERVED_NIFTY_50_SESSION
NLCINDIA,daily,2015-02-28,2015-02-28,ABSENT_ON_OBSERVED_NIFTY_50_SESSION
NLCINDIA,daily,2016-10-30,2016-10-30,ABSENT_ON_OBSERVED_NIFTY_50_SESSION
NLCINDIA,daily,2017-10-19,2017-10-19,ABSENT_ON_OBSERVED_NIFTY_50_SESSION
NLCINDIA,daily,2018-11-07,2018-11-07,ABSENT_ON_OBSERVED_NIFTY_50_SESSION
NMDC,daily,2009-10-17,2009-10-17,ABSENT_ON_OBSERVED_NIFTY_50_SESSION
NMDC,daily,2010-02-06,2010-02-06,ABSENT_ON_OBSERVED_NIFTY_50_SESSION
NMDC,daily,2011-10-26,2011-10-26,ABSENT_ON_OBSERVED_NIFTY_50_SESSION
NMDC,daily,2012-01-07,2012-01-07,ABSENT_ON_OBSERVED_NIFTY_50_SESSION
NMDC,daily,2012-03-03,2012-03-03,ABSENT_ON_OBSERVED_NIFTY_50_SESSION
NMDC,daily,2012-04-28,2012-04-28,ABSENT_ON_OBSERVED_NIFTY_50_SESSION
NMDC,daily,2012-09-08,2012-09-08,ABSENT_ON_OBSERVED_NIFTY_50_SESSION
NMDC,daily,2013-05-11,2013-05-11,ABSENT_ON_OBSERVED_NIFTY_50_SESSION
NMDC,daily,2013-11-03,2013-11-03,ABSENT_ON_OBSERVED_NIFTY_50_SESSION
NMDC,daily,2014-03-22,2014-03-22,ABSENT_ON_OBSERVED_NIFTY_50_SESSION
NMDC,daily,2015-02-28,2015-02-28,ABSENT_ON_OBSERVED_NIFTY_50_SESSION
NMDC,daily,2016-10-30,2016-10-30,ABSENT_ON_OBSERVED_NIFTY_50_SESSION
NMDC,daily,2017-10-19,2017-10-19,ABSENT_ON_OBSERVED_NIFTY_50_SESSION
NMDC,daily,2018-11-07,2018-11-07,ABSENT_ON_OBSERVED_NIFTY_50_SESSION
NTPC,daily,2005-06-04,2005-06-04,ABSENT_ON_OBSERVED_NIFTY_50_SESSION
NTPC,daily,2005-11-26,2005-11-26,ABSENT_ON_OBSERVED_NIFTY_50_SESSION
NTPC,daily,2006-04-29,2006-04-29,ABSENT_ON_OBSERVED_NIFTY_50_SESSION
NTPC,daily,2006-06-25,2006-06-25,ABSENT_ON_OBSERVED_NIFTY_50_SESSION
NTPC,daily,2006-10-21,2006-10-21,ABSENT_ON_OBSERVED_NIFTY_50_SESSION
NTPC,daily,2009-10-17,2009-10-17,ABSENT_ON_OBSERVED_NIFTY_50_SESSION
NTPC,daily,2010-02-06,2010-02-06,ABSENT_ON_OBSERVED_NIFTY_50_SESSION
NTPC,daily,2011-10-26,2011-10-26,ABSENT_ON_OBSERVED_NIFTY_50_SESSION
NTPC,daily,2012-01-07,2012-01-07,ABSENT_ON_OBSERVED_NIFTY_50_SESSION
NTPC,daily,2012-03-03,2012-03-03,ABSENT_ON_OBSERVED_NIFTY_50_SESSION
NTPC,daily,2012-04-28,2012-04-28,ABSENT_ON_OBSERVED_NIFTY_50_SESSION
NTPC,daily,2012-09-08,2012-09-08,ABSENT_ON_OBSERVED_NIFTY_50_SESSION
NTPC,daily,2013-05-11,2013-05-11,ABSENT_ON_OBSERVED_NIFTY_50_SESSION
NTPC,daily,2013-11-03,2013-11-03,ABSENT_ON_OBSERVED_NIFTY_50_SESSION
NTPC,daily,2014-03-22,2014-03-22,ABSENT_ON_OBSERVED_NIFTY_50_SESSION
NTPC,daily,2015-02-28,2015-02-28,ABSENT_ON_OBSERVED_NIFTY_50_SESSION
NTPC,daily,2016-10-30,2016-10-30,ABSENT_ON_OBSERVED_NIFTY_50_SESSION
NTPC,daily,2017-10-19,2017-10-19,ABSENT_ON_OBSERVED_NIFTY_50_SESSION
NTPC,daily,2018-11-07,2018-11-07,ABSENT_ON_OBSERVED_NIFTY_50_SESSION
OBEROIRLTY,daily,2011-10-26,2011-10-26,ABSENT_ON_OBSERVED_NIFTY_50_SESSION
OBEROIRLTY,daily,2012-01-07,2012-01-07,ABSENT_ON_OBSERVED_NIFTY_50_SESSION
OBEROIRLTY,daily,2012-03-03,2012-03-03,ABSENT_ON_OBSERVED_NIFTY_50_SESSION
OBEROIRLTY,daily,2012-04-28,2012-04-28,ABSENT_ON_OBSERVED_NIFTY_50_SESSION
OBEROIRLTY,daily,2012-09-08,2012-09-08,ABSENT_ON_OBSERVED_NIFTY_50_SESSION
OBEROIRLTY,daily,2013-05-11,2013-05-11,ABSENT_ON_OBSERVED_NIFTY_50_SESSION
OBEROIRLTY,daily,2013-11-03,2013-11-03,ABSENT_ON_OBSERVED_NIFTY_50_SESSION
OBEROIRLTY,daily,2014-03-22,2014-03-22,ABSENT_ON_OBSERVED_NIFTY_50_SESSION
OBEROIRLTY,daily,2015-02-28,2015-02-28,ABSENT_ON_OBSERVED_NIFTY_50_SESSION
OBEROIRLTY,daily,2016-10-30,2016-10-30,ABSENT_ON_OBSERVED_NIFTY_50_SESSION
OBEROIRLTY,daily,2017-10-19,2017-10-19,ABSENT_ON_OBSERVED_NIFTY_50_SESSION
OBEROIRLTY,daily,2018-11-07,2018-11-07,ABSENT_ON_OBSERVED_NIFTY_50_SESSION
OFSS,daily,2003-03-22,2003-03-22,ABSENT_ON_OBSERVED_NIFTY_50_SESSION
OFSS,daily,2003-10-25,2003-10-25,ABSENT_ON_OBSERVED_NIFTY_50_SESSION
OFSS,daily,2003-11-15,2003-11-15,ABSENT_ON_OBSERVED_NIFTY_50_SESSION
OFSS,daily,2004-04-17,2004-04-17,ABSENT_ON_OBSERVED_NIFTY_50_SESSION
OFSS,daily,2004-05-24,2004-05-24,ABSENT_ON_OBSERVED_NIFTY_50_SESSION
OFSS,daily,2004-05-25,2004-05-25,ABSENT_ON_OBSERVED_NIFTY_50_SESSION
OFSS,daily,2004-05-26,2004-05-26,ABSENT_ON_OBSERVED_NIFTY_50_SESSION
OFSS,daily,2004-05-27,2004-05-27,ABSENT_ON_OBSERVED_NIFTY_50_SESSION
OFSS,daily,2004-05-28,2004-05-28,ABSENT_ON_OBSERVED_NIFTY_50_SESSION
OFSS,daily,2004-05-31,2004-05-31,ABSENT_ON_OBSERVED_NIFTY_50_SESSION
OFSS,daily,2004-06-01,2004-06-01,ABSENT_ON_OBSERVED_NIFTY_50_SESSION
OFSS,daily,2004-06-02,2004-06-02,ABSENT_ON_OBSERVED_NIFTY_50_SESSION
OFSS,daily,2004-06-03,2004-06-03,ABSENT_ON_OBSERVED_NIFTY_50_SESSION
OFSS,daily,2004-06-04,2004-06-04,ABSENT_ON_OBSERVED_NIFTY_50_SESSION
OFSS,daily,2004-06-07,2004-06-07,ABSENT_ON_OBSERVED_NIFTY_50_SESSION
OFSS,daily,2004-06-08,2004-06-08,ABSENT_ON_OBSERVED_NIFTY_50_SESSION
OFSS,daily,2004-06-09,2004-06-09,ABSENT_ON_OBSERVED_NIFTY_50_SESSION
OFSS,daily,2004-06-10,2004-06-10,ABSENT_ON_OBSERVED_NIFTY_50_SESSION
OFSS,daily,2004-06-11,2004-06-11,ABSENT_ON_OBSERVED_NIFTY_50_SESSION
OFSS,daily,2004-06-14,2004-06-14,ABSENT_ON_OBSERVED_NIFTY_50_SESSION
OFSS,daily,2004-06-15,2004-06-15,ABSENT_ON_OBSERVED_NIFTY_50_SESSION
OFSS,daily,2004-06-16,2004-06-16,ABSENT_ON_OBSERVED_NIFTY_50_SESSION
OFSS,daily,2004-06-17,2004-06-17,ABSENT_ON_OBSERVED_NIFTY_50_SESSION
OFSS,daily,2004-06-18,2004-06-18,ABSENT_ON_OBSERVED_NIFTY_50_SESSION
OFSS,daily,2004-06-21,2004-06-21,ABSENT_ON_OBSERVED_NIFTY_50_SESSION
OFSS,daily,2004-06-22,2004-06-22,ABSENT_ON_OBSERVED_NIFTY_50_SESSION
OFSS,daily,2004-10-09,2004-10-09,ABSENT_ON_OBSERVED_NIFTY_50_SESSION
OFSS,daily,2005-06-04,2005-06-04,ABSENT_ON_OBSERVED_NIFTY_50_SESSION
OFSS,daily,2005-11-26,2005-11-26,ABSENT_ON_OBSERVED_NIFTY_50_SESSION
OFSS,daily,2006-04-29,2006-04-29,ABSENT_ON_OBSERVED_NIFTY_50_SESSION
OFSS,daily,2006-06-25,2006-06-25,ABSENT_ON_OBSERVED_NIFTY_50_SESSION
OFSS,daily,2006-10-21,2006-10-21,ABSENT_ON_OBSERVED_NIFTY_50_SESSION
OFSS,daily,2009-10-17,2009-10-17,ABSENT_ON_OBSERVED_NIFTY_50_SESSION
OFSS,daily,2010-02-06,2010-02-06,ABSENT_ON_OBSERVED_NIFTY_50_SESSION
OFSS,daily,2011-10-26,2011-10-26,ABSENT_ON_OBSERVED_NIFTY_50_SESSION
OFSS,daily,2012-01-07,2012-01-07,ABSENT_ON_OBSERVED_NIFTY_50_SESSION
OFSS,daily,2012-03-03,2012-03-03,ABSENT_ON_OBSERVED_NIFTY_50_SESSION
OFSS,daily,2012-04-28,2012-04-28,ABSENT_ON_OBSERVED_NIFTY_50_SESSION
OFSS,daily,2012-09-08,2012-09-08,ABSENT_ON_OBSERVED_NIFTY_50_SESSION
OFSS,daily,2013-05-11,2013-05-11,ABSENT_ON_OBSERVED_NIFTY_50_SESSION
OFSS,daily,2013-11-03,2013-11-03,ABSENT_ON_OBSERVED_NIFTY_50_SESSION
OFSS,daily,2014-03-22,2014-03-22,ABSENT_ON_OBSERVED_NIFTY_50_SESSION
OFSS,daily,2015-02-28,2015-02-28,ABSENT_ON_OBSERVED_NIFTY_50_SESSION
OFSS,daily,2016-10-30,2016-10-30,ABSENT_ON_OBSERVED_NIFTY_50_SESSION
OFSS,daily,2017-10-19,2017-10-19,ABSENT_ON_OBSERVED_NIFTY_50_SESSION
OFSS,daily,2018-11-07,2018-11-07,ABSENT_ON_OBSERVED_NIFTY_50_SESSION
OIL,daily,2009-10-17,2009-10-17,ABSENT_ON_OBSERVED_NIFTY_50_SESSION
OIL,daily,2010-02-06,2010-02-06,ABSENT_ON_OBSERVED_NIFTY_50_SESSION
OIL,daily,2011-10-26,2011-10-26,ABSENT_ON_OBSERVED_NIFTY_50_SESSION
OIL,daily,2012-01-07,2012-01-07,ABSENT_ON_OBSERVED_NIFTY_50_SESSION
OIL,daily,2012-03-03,2012-03-03,ABSENT_ON_OBSERVED_NIFTY_50_SESSION
OIL,daily,2012-04-28,2012-04-28,ABSENT_ON_OBSERVED_NIFTY_50_SESSION
OIL,daily,2012-09-08,2012-09-08,ABSENT_ON_OBSERVED_NIFTY_50_SESSION
OIL,daily,2013-05-11,2013-05-11,ABSENT_ON_OBSERVED_NIFTY_50_SESSION
OIL,daily,2013-11-03,2013-11-03,ABSENT_ON_OBSERVED_NIFTY_50_SESSION
OIL,daily,2014-03-22,2014-03-22,ABSENT_ON_OBSERVED_NIFTY_50_SESSION
OIL,daily,2015-02-28,2015-02-28,ABSENT_ON_OBSERVED_NIFTY_50_SESSION
OIL,daily,2016-10-30,2016-10-30,ABSENT_ON_OBSERVED_NIFTY_50_SESSION
OIL,daily,2017-10-19,2017-10-19,ABSENT_ON_OBSERVED_NIFTY_50_SESSION
OIL,daily,2018-11-07,2018-11-07,ABSENT_ON_OBSERVED_NIFTY_50_SESSION
ONGC,daily,2003-03-22,2003-03-22,ABSENT_ON_OBSERVED_NIFTY_50_SESSION
ONGC,daily,2003-10-25,2003-10-25,ABSENT_ON_OBSERVED_NIFTY_50_SESSION
ONGC,daily,2003-11-15,2003-11-15,ABSENT_ON_OBSERVED_NIFTY_50_SESSION
ONGC,daily,2004-04-17,2004-04-17,ABSENT_ON_OBSERVED_NIFTY_50_SESSION
ONGC,daily,2004-05-24,2004-05-24,ABSENT_ON_OBSERVED_NIFTY_50_SESSION
ONGC,daily,2004-05-25,2004-05-25,ABSENT_ON_OBSERVED_NIFTY_50_SESSION
ONGC,daily,2004-05-26,2004-05-26,ABSENT_ON_OBSERVED_NIFTY_50_SESSION
ONGC,daily,2004-05-27,2004-05-27,ABSENT_ON_OBSERVED_NIFTY_50_SESSION
ONGC,daily,2004-05-28,2004-05-28,ABSENT_ON_OBSERVED_NIFTY_50_SESSION
ONGC,daily,2004-05-31,2004-05-31,ABSENT_ON_OBSERVED_NIFTY_50_SESSION
ONGC,daily,2004-06-01,2004-06-01,ABSENT_ON_OBSERVED_NIFTY_50_SESSION
ONGC,daily,2004-06-02,2004-06-02,ABSENT_ON_OBSERVED_NIFTY_50_SESSION
ONGC,daily,2004-06-03,2004-06-03,ABSENT_ON_OBSERVED_NIFTY_50_SESSION
ONGC,daily,2004-06-04,2004-06-04,ABSENT_ON_OBSERVED_NIFTY_50_SESSION
ONGC,daily,2004-06-07,2004-06-07,ABSENT_ON_OBSERVED_NIFTY_50_SESSION
ONGC,daily,2004-06-08,2004-06-08,ABSENT_ON_OBSERVED_NIFTY_50_SESSION
ONGC,daily,2004-06-09,2004-06-09,ABSENT_ON_OBSERVED_NIFTY_50_SESSION
ONGC,daily,2004-06-10,2004-06-10,ABSENT_ON_OBSERVED_NIFTY_50_SESSION
ONGC,daily,2004-06-11,2004-06-11,ABSENT_ON_OBSERVED_NIFTY_50_SESSION
ONGC,daily,2004-06-14,2004-06-14,ABSENT_ON_OBSERVED_NIFTY_50_SESSION
ONGC,daily,2004-06-15,2004-06-15,ABSENT_ON_OBSERVED_NIFTY_50_SESSION
ONGC,daily,2004-06-16,2004-06-16,ABSENT_ON_OBSERVED_NIFTY_50_SESSION
ONGC,daily,2004-06-17,2004-06-17,ABSENT_ON_OBSERVED_NIFTY_50_SESSION
ONGC,daily,2004-06-18,2004-06-18,ABSENT_ON_OBSERVED_NIFTY_50_SESSION
ONGC,daily,2004-06-21,2004-06-21,ABSENT_ON_OBSERVED_NIFTY_50_SESSION
ONGC,daily,2004-06-22,2004-06-22,ABSENT_ON_OBSERVED_NIFTY_50_SESSION
ONGC,daily,2004-10-09,2004-10-09,ABSENT_ON_OBSERVED_NIFTY_50_SESSION
ONGC,daily,2005-06-04,2005-06-04,ABSENT_ON_OBSERVED_NIFTY_50_SESSION
ONGC,daily,2005-11-26,2005-11-26,ABSENT_ON_OBSERVED_NIFTY_50_SESSION
ONGC,daily,2006-04-29,2006-04-29,ABSENT_ON_OBSERVED_NIFTY_50_SESSION
ONGC,daily,2006-06-25,2006-06-25,ABSENT_ON_OBSERVED_NIFTY_50_SESSION
ONGC,daily,2006-10-21,2006-10-21,ABSENT_ON_OBSERVED_NIFTY_50_SESSION
ONGC,daily,2009-10-17,2009-10-17,ABSENT_ON_OBSERVED_NIFTY_50_SESSION
ONGC,daily,2010-02-06,2010-02-06,ABSENT_ON_OBSERVED_NIFTY_50_SESSION
ONGC,daily,2011-10-26,2011-10-26,ABSENT_ON_OBSERVED_NIFTY_50_SESSION
ONGC,daily,2012-01-07,2012-01-07,ABSENT_ON_OBSERVED_NIFTY_50_SESSION
ONGC,daily,2012-03-03,2012-03-03,ABSENT_ON_OBSERVED_NIFTY_50_SESSION
ONGC,daily,2012-04-28,2012-04-28,ABSENT_ON_OBSERVED_NIFTY_50_SESSION
ONGC,daily,2012-09-08,2012-09-08,ABSENT_ON_OBSERVED_NIFTY_50_SESSION
ONGC,daily,2013-05-11,2013-05-11,ABSENT_ON_OBSERVED_NIFTY_50_SESSION
ONGC,daily,2013-11-03,2013-11-03,ABSENT_ON_OBSERVED_NIFTY_50_SESSION
ONGC,daily,2014-03-22,2014-03-22,ABSENT_ON_OBSERVED_NIFTY_50_SESSION
ONGC,daily,2015-02-28,2015-02-28,ABSENT_ON_OBSERVED_NIFTY_50_SESSION
ONGC,daily,2016-10-30,2016-10-30,ABSENT_ON_OBSERVED_NIFTY_50_SESSION
ONGC,daily,2017-10-19,2017-10-19,ABSENT_ON_OBSERVED_NIFTY_50_SESSION
ONGC,daily,2018-11-07,2018-11-07,ABSENT_ON_OBSERVED_NIFTY_50_SESSION
PAGEIND,daily,2009-10-17,2009-10-17,ABSENT_ON_OBSERVED_NIFTY_50_SESSION
PAGEIND,daily,2010-02-06,2010-02-06,ABSENT_ON_OBSERVED_NIFTY_50_SESSION
PAGEIND,daily,2011-10-26,2011-10-26,ABSENT_ON_OBSERVED_NIFTY_50_SESSION
PAGEIND,daily,2012-01-07,2012-01-07,ABSENT_ON_OBSERVED_NIFTY_50_SESSION
PAGEIND,daily,2012-03-03,2012-03-03,ABSENT_ON_OBSERVED_NIFTY_50_SESSION
PAGEIND,daily,2012-04-28,2012-04-28,ABSENT_ON_OBSERVED_NIFTY_50_SESSION
PAGEIND,daily,2012-09-08,2012-09-08,ABSENT_ON_OBSERVED_NIFTY_50_SESSION
PAGEIND,daily,2013-05-11,2013-05-11,ABSENT_ON_OBSERVED_NIFTY_50_SESSION
PAGEIND,daily,2013-11-03,2013-11-03,ABSENT_ON_OBSERVED_NIFTY_50_SESSION
PAGEIND,daily,2014-03-22,2014-03-22,ABSENT_ON_OBSERVED_NIFTY_50_SESSION
PAGEIND,daily,2015-02-28,2015-02-28,ABSENT_ON_OBSERVED_NIFTY_50_SESSION
PAGEIND,daily,2016-10-30,2016-10-30,ABSENT_ON_OBSERVED_NIFTY_50_SESSION
PAGEIND,daily,2017-10-19,2017-10-19,ABSENT_ON_OBSERVED_NIFTY_50_SESSION
PAGEIND,daily,2018-11-07,2018-11-07,ABSENT_ON_OBSERVED_NIFTY_50_SESSION
PERSISTENT,daily,2011-10-26,2011-10-26,ABSENT_ON_OBSERVED_NIFTY_50_SESSION
PERSISTENT,daily,2012-01-07,2012-01-07,ABSENT_ON_OBSERVED_NIFTY_50_SESSION
PERSISTENT,daily,2012-03-03,2012-03-03,ABSENT_ON_OBSERVED_NIFTY_50_SESSION
PERSISTENT,daily,2012-04-28,2012-04-28,ABSENT_ON_OBSERVED_NIFTY_50_SESSION
PERSISTENT,daily,2012-09-08,2012-09-08,ABSENT_ON_OBSERVED_NIFTY_50_SESSION
PERSISTENT,daily,2013-05-11,2013-05-11,ABSENT_ON_OBSERVED_NIFTY_50_SESSION
PERSISTENT,daily,2013-11-03,2013-11-03,ABSENT_ON_OBSERVED_NIFTY_50_SESSION
PERSISTENT,daily,2014-03-22,2014-03-22,ABSENT_ON_OBSERVED_NIFTY_50_SESSION
PERSISTENT,daily,2015-02-28,2015-02-28,ABSENT_ON_OBSERVED_NIFTY_50_SESSION
PERSISTENT,daily,2016-10-30,2016-10-30,ABSENT_ON_OBSERVED_NIFTY_50_SESSION
PERSISTENT,daily,2017-10-19,2017-10-19,ABSENT_ON_OBSERVED_NIFTY_50_SESSION
PERSISTENT,daily,2018-11-07,2018-11-07,ABSENT_ON_OBSERVED_NIFTY_50_SESSION
PFC,daily,2009-10-17,2009-10-17,ABSENT_ON_OBSERVED_NIFTY_50_SESSION
PFC,daily,2010-02-06,2010-02-06,ABSENT_ON_OBSERVED_NIFTY_50_SESSION
PFC,daily,2011-10-26,2011-10-26,ABSENT_ON_OBSERVED_NIFTY_50_SESSION
PFC,daily,2012-01-07,2012-01-07,ABSENT_ON_OBSERVED_NIFTY_50_SESSION
PFC,daily,2012-03-03,2012-03-03,ABSENT_ON_OBSERVED_NIFTY_50_SESSION
PFC,daily,2012-04-28,2012-04-28,ABSENT_ON_OBSERVED_NIFTY_50_SESSION
PFC,daily,2012-09-08,2012-09-08,ABSENT_ON_OBSERVED_NIFTY_50_SESSION
PFC,daily,2013-05-11,2013-05-11,ABSENT_ON_OBSERVED_NIFTY_50_SESSION
PFC,daily,2013-11-03,2013-11-03,ABSENT_ON_OBSERVED_NIFTY_50_SESSION
PFC,daily,2014-03-22,2014-03-22,ABSENT_ON_OBSERVED_NIFTY_50_SESSION
PFC,daily,2015-02-28,2015-02-28,ABSENT_ON_OBSERVED_NIFTY_50_SESSION
PFC,daily,2016-10-30,2016-10-30,ABSENT_ON_OBSERVED_NIFTY_50_SESSION
PFC,daily,2017-10-19,2017-10-19,ABSENT_ON_OBSERVED_NIFTY_50_SESSION
PFC,daily,2018-11-07,2018-11-07,ABSENT_ON_OBSERVED_NIFTY_50_SESSION
PHOENIXLTD,daily,2009-10-17,2009-10-17,ABSENT_ON_OBSERVED_NIFTY_50_SESSION
PHOENIXLTD,daily,2010-02-06,2010-02-06,ABSENT_ON_OBSERVED_NIFTY_50_SESSION
PHOENIXLTD,daily,2011-10-26,2011-10-26,ABSENT_ON_OBSERVED_NIFTY_50_SESSION
PHOENIXLTD,daily,2012-01-07,2012-01-07,ABSENT_ON_OBSERVED_NIFTY_50_SESSION
PHOENIXLTD,daily,2012-03-03,2012-03-03,ABSENT_ON_OBSERVED_NIFTY_50_SESSION
PHOENIXLTD,daily,2012-04-28,2012-04-28,ABSENT_ON_OBSERVED_NIFTY_50_SESSION
PHOENIXLTD,daily,2012-09-08,2012-09-08,ABSENT_ON_OBSERVED_NIFTY_50_SESSION
PHOENIXLTD,daily,2013-05-11,2013-05-11,ABSENT_ON_OBSERVED_NIFTY_50_SESSION
PHOENIXLTD,daily,2013-11-03,2013-11-03,ABSENT_ON_OBSERVED_NIFTY_50_SESSION
PHOENIXLTD,daily,2014-03-22,2014-03-22,ABSENT_ON_OBSERVED_NIFTY_50_SESSION
PHOENIXLTD,daily,2015-02-28,2015-02-28,ABSENT_ON_OBSERVED_NIFTY_50_SESSION
PHOENIXLTD,daily,2016-10-30,2016-10-30,ABSENT_ON_OBSERVED_NIFTY_50_SESSION
PHOENIXLTD,daily,2017-10-19,2017-10-19,ABSENT_ON_OBSERVED_NIFTY_50_SESSION
PHOENIXLTD,daily,2018-11-07,2018-11-07,ABSENT_ON_OBSERVED_NIFTY_50_SESSION
PIDILITIND,daily,2003-03-22,2003-03-22,ABSENT_ON_OBSERVED_NIFTY_50_SESSION
PIDILITIND,daily,2003-10-25,2003-10-25,ABSENT_ON_OBSERVED_NIFTY_50_SESSION
PIDILITIND,daily,2003-11-15,2003-11-15,ABSENT_ON_OBSERVED_NIFTY_50_SESSION
PIDILITIND,daily,2004-04-17,2004-04-17,ABSENT_ON_OBSERVED_NIFTY_50_SESSION
PIDILITIND,daily,2004-05-24,2004-05-24,ABSENT_ON_OBSERVED_NIFTY_50_SESSION
PIDILITIND,daily,2004-05-25,2004-05-25,ABSENT_ON_OBSERVED_NIFTY_50_SESSION
PIDILITIND,daily,2004-05-26,2004-05-26,ABSENT_ON_OBSERVED_NIFTY_50_SESSION
PIDILITIND,daily,2004-05-27,2004-05-27,ABSENT_ON_OBSERVED_NIFTY_50_SESSION
PIDILITIND,daily,2004-05-28,2004-05-28,ABSENT_ON_OBSERVED_NIFTY_50_SESSION
PIDILITIND,daily,2004-05-31,2004-05-31,ABSENT_ON_OBSERVED_NIFTY_50_SESSION
PIDILITIND,daily,2004-06-01,2004-06-01,ABSENT_ON_OBSERVED_NIFTY_50_SESSION
PIDILITIND,daily,2004-06-02,2004-06-02,ABSENT_ON_OBSERVED_NIFTY_50_SESSION
PIDILITIND,daily,2004-06-03,2004-06-03,ABSENT_ON_OBSERVED_NIFTY_50_SESSION
PIDILITIND,daily,2004-06-04,2004-06-04,ABSENT_ON_OBSERVED_NIFTY_50_SESSION
PIDILITIND,daily,2004-06-07,2004-06-07,ABSENT_ON_OBSERVED_NIFTY_50_SESSION
PIDILITIND,daily,2004-06-08,2004-06-08,ABSENT_ON_OBSERVED_NIFTY_50_SESSION
PIDILITIND,daily,2004-06-09,2004-06-09,ABSENT_ON_OBSERVED_NIFTY_50_SESSION
PIDILITIND,daily,2004-06-10,2004-06-10,ABSENT_ON_OBSERVED_NIFTY_50_SESSION
PIDILITIND,daily,2004-06-11,2004-06-11,ABSENT_ON_OBSERVED_NIFTY_50_SESSION
PIDILITIND,daily,2004-06-14,2004-06-14,ABSENT_ON_OBSERVED_NIFTY_50_SESSION
PIDILITIND,daily,2004-06-15,2004-06-15,ABSENT_ON_OBSERVED_NIFTY_50_SESSION
PIDILITIND,daily,2004-06-16,2004-06-16,ABSENT_ON_OBSERVED_NIFTY_50_SESSION
PIDILITIND,daily,2004-06-17,2004-06-17,ABSENT_ON_OBSERVED_NIFTY_50_SESSION
PIDILITIND,daily,2004-06-18,2004-06-18,ABSENT_ON_OBSERVED_NIFTY_50_SESSION
PIDILITIND,daily,2004-06-21,2004-06-21,ABSENT_ON_OBSERVED_NIFTY_50_SESSION
PIDILITIND,daily,2004-06-22,2004-06-22,ABSENT_ON_OBSERVED_NIFTY_50_SESSION
PIDILITIND,daily,2004-10-09,2004-10-09,ABSENT_ON_OBSERVED_NIFTY_50_SESSION
PIDILITIND,daily,2005-06-04,2005-06-04,ABSENT_ON_OBSERVED_NIFTY_50_SESSION
PIDILITIND,daily,2005-11-26,2005-11-26,ABSENT_ON_OBSERVED_NIFTY_50_SESSION
PIDILITIND,daily,2006-04-29,2006-04-29,ABSENT_ON_OBSERVED_NIFTY_50_SESSION
PIDILITIND,daily,2006-06-25,2006-06-25,ABSENT_ON_OBSERVED_NIFTY_50_SESSION
PIDILITIND,daily,2006-10-21,2006-10-21,ABSENT_ON_OBSERVED_NIFTY_50_SESSION
PIDILITIND,daily,2009-10-17,2009-10-17,ABSENT_ON_OBSERVED_NIFTY_50_SESSION
PIDILITIND,daily,2010-02-06,2010-02-06,ABSENT_ON_OBSERVED_NIFTY_50_SESSION
PIDILITIND,daily,2011-10-26,2011-10-26,ABSENT_ON_OBSERVED_NIFTY_50_SESSION
PIDILITIND,daily,2012-01-07,2012-01-07,ABSENT_ON_OBSERVED_NIFTY_50_SESSION
PIDILITIND,daily,2012-03-03,2012-03-03,ABSENT_ON_OBSERVED_NIFTY_50_SESSION
PIDILITIND,daily,2012-04-28,2012-04-28,ABSENT_ON_OBSERVED_NIFTY_50_SESSION
PIDILITIND,daily,2012-09-08,2012-09-08,ABSENT_ON_OBSERVED_NIFTY_50_SESSION
PIDILITIND,daily,2013-05-11,2013-05-11,ABSENT_ON_OBSERVED_NIFTY_50_SESSION
PIDILITIND,daily,2013-11-03,2013-11-03,ABSENT_ON_OBSERVED_NIFTY_50_SESSION
PIDILITIND,daily,2014-03-22,2014-03-22,ABSENT_ON_OBSERVED_NIFTY_50_SESSION
PIDILITIND,daily,2015-02-28,2015-02-28,ABSENT_ON_OBSERVED_NIFTY_50_SESSION
PIDILITIND,daily,2016-10-30,2016-10-30,ABSENT_ON_OBSERVED_NIFTY_50_SESSION
PIDILITIND,daily,2017-10-19,2017-10-19,ABSENT_ON_OBSERVED_NIFTY_50_SESSION
PIDILITIND,daily,2018-11-07,2018-11-07,ABSENT_ON_OBSERVED_NIFTY_50_SESSION
PIIND,daily,2011-10-26,2011-10-26,ABSENT_ON_OBSERVED_NIFTY_50_SESSION
PIIND,daily,2012-01-07,2012-01-07,ABSENT_ON_OBSERVED_NIFTY_50_SESSION
PIIND,daily,2012-03-03,2012-03-03,ABSENT_ON_OBSERVED_NIFTY_50_SESSION
PIIND,daily,2012-04-28,2012-04-28,ABSENT_ON_OBSERVED_NIFTY_50_SESSION
PIIND,daily,2012-09-08,2012-09-08,ABSENT_ON_OBSERVED_NIFTY_50_SESSION
PIIND,daily,2013-05-11,2013-05-11,ABSENT_ON_OBSERVED_NIFTY_50_SESSION
PIIND,daily,2013-11-03,2013-11-03,ABSENT_ON_OBSERVED_NIFTY_50_SESSION
PIIND,daily,2014-03-22,2014-03-22,ABSENT_ON_OBSERVED_NIFTY_50_SESSION
PIIND,daily,2015-02-28,2015-02-28,ABSENT_ON_OBSERVED_NIFTY_50_SESSION
PIIND,daily,2016-10-30,2016-10-30,ABSENT_ON_OBSERVED_NIFTY_50_SESSION
PIIND,daily,2017-10-19,2017-10-19,ABSENT_ON_OBSERVED_NIFTY_50_SESSION
PIIND,daily,2018-11-07,2018-11-07,ABSENT_ON_OBSERVED_NIFTY_50_SESSION
PNB,daily,2003-03-22,2003-03-22,ABSENT_ON_OBSERVED_NIFTY_50_SESSION
PNB,daily,2003-10-25,2003-10-25,ABSENT_ON_OBSERVED_NIFTY_50_SESSION
PNB,daily,2003-11-15,2003-11-15,ABSENT_ON_OBSERVED_NIFTY_50_SESSION
PNB,daily,2004-04-17,2004-04-17,ABSENT_ON_OBSERVED_NIFTY_50_SESSION
PNB,daily,2004-05-24,2004-05-24,ABSENT_ON_OBSERVED_NIFTY_50_SESSION
PNB,daily,2004-05-25,2004-05-25,ABSENT_ON_OBSERVED_NIFTY_50_SESSION
PNB,daily,2004-05-26,2004-05-26,ABSENT_ON_OBSERVED_NIFTY_50_SESSION
PNB,daily,2004-05-27,2004-05-27,ABSENT_ON_OBSERVED_NIFTY_50_SESSION
PNB,daily,2004-05-28,2004-05-28,ABSENT_ON_OBSERVED_NIFTY_50_SESSION
PNB,daily,2004-05-31,2004-05-31,ABSENT_ON_OBSERVED_NIFTY_50_SESSION
PNB,daily,2004-06-01,2004-06-01,ABSENT_ON_OBSERVED_NIFTY_50_SESSION
PNB,daily,2004-06-02,2004-06-02,ABSENT_ON_OBSERVED_NIFTY_50_SESSION
PNB,daily,2004-06-03,2004-06-03,ABSENT_ON_OBSERVED_NIFTY_50_SESSION
PNB,daily,2004-06-04,2004-06-04,ABSENT_ON_OBSERVED_NIFTY_50_SESSION
PNB,daily,2004-06-07,2004-06-07,ABSENT_ON_OBSERVED_NIFTY_50_SESSION
PNB,daily,2004-06-08,2004-06-08,ABSENT_ON_OBSERVED_NIFTY_50_SESSION
PNB,daily,2004-06-09,2004-06-09,ABSENT_ON_OBSERVED_NIFTY_50_SESSION
PNB,daily,2004-06-10,2004-06-10,ABSENT_ON_OBSERVED_NIFTY_50_SESSION
PNB,daily,2004-06-11,2004-06-11,ABSENT_ON_OBSERVED_NIFTY_50_SESSION
PNB,daily,2004-06-14,2004-06-14,ABSENT_ON_OBSERVED_NIFTY_50_SESSION
PNB,daily,2004-06-15,2004-06-15,ABSENT_ON_OBSERVED_NIFTY_50_SESSION
PNB,daily,2004-06-16,2004-06-16,ABSENT_ON_OBSERVED_NIFTY_50_SESSION
PNB,daily,2004-06-17,2004-06-17,ABSENT_ON_OBSERVED_NIFTY_50_SESSION
PNB,daily,2004-06-18,2004-06-18,ABSENT_ON_OBSERVED_NIFTY_50_SESSION
PNB,daily,2004-06-21,2004-06-21,ABSENT_ON_OBSERVED_NIFTY_50_SESSION
PNB,daily,2004-06-22,2004-06-22,ABSENT_ON_OBSERVED_NIFTY_50_SESSION
PNB,daily,2004-10-09,2004-10-09,ABSENT_ON_OBSERVED_NIFTY_50_SESSION
PNB,daily,2005-06-04,2005-06-04,ABSENT_ON_OBSERVED_NIFTY_50_SESSION
PNB,daily,2005-11-26,2005-11-26,ABSENT_ON_OBSERVED_NIFTY_50_SESSION
PNB,daily,2006-04-29,2006-04-29,ABSENT_ON_OBSERVED_NIFTY_50_SESSION
PNB,daily,2006-06-25,2006-06-25,ABSENT_ON_OBSERVED_NIFTY_50_SESSION
PNB,daily,2006-10-21,2006-10-21,ABSENT_ON_OBSERVED_NIFTY_50_SESSION
PNB,daily,2009-10-17,2009-10-17,ABSENT_ON_OBSERVED_NIFTY_50_SESSION
PNB,daily,2010-02-06,2010-02-06,ABSENT_ON_OBSERVED_NIFTY_50_SESSION
PNB,daily,2011-10-26,2011-10-26,ABSENT_ON_OBSERVED_NIFTY_50_SESSION
PNB,daily,2012-01-07,2012-01-07,ABSENT_ON_OBSERVED_NIFTY_50_SESSION
PNB,daily,2012-03-03,2012-03-03,ABSENT_ON_OBSERVED_NIFTY_50_SESSION
PNB,daily,2012-04-28,2012-04-28,ABSENT_ON_OBSERVED_NIFTY_50_SESSION
PNB,daily,2012-09-08,2012-09-08,ABSENT_ON_OBSERVED_NIFTY_50_SESSION
PNB,daily,2013-05-11,2013-05-11,ABSENT_ON_OBSERVED_NIFTY_50_SESSION
PNB,daily,2013-11-03,2013-11-03,ABSENT_ON_OBSERVED_NIFTY_50_SESSION
PNB,daily,2014-03-22,2014-03-22,ABSENT_ON_OBSERVED_NIFTY_50_SESSION
PNB,daily,2015-02-28,2015-02-28,ABSENT_ON_OBSERVED_NIFTY_50_SESSION
PNB,daily,2016-10-30,2016-10-30,ABSENT_ON_OBSERVED_NIFTY_50_SESSION
PNB,daily,2017-10-19,2017-10-19,ABSENT_ON_OBSERVED_NIFTY_50_SESSION
PNB,daily,2018-11-07,2018-11-07,ABSENT_ON_OBSERVED_NIFTY_50_SESSION
POWERGRID,daily,2009-10-17,2009-10-17,ABSENT_ON_OBSERVED_NIFTY_50_SESSION
POWERGRID,daily,2010-02-06,2010-02-06,ABSENT_ON_OBSERVED_NIFTY_50_SESSION
POWERGRID,daily,2011-10-26,2011-10-26,ABSENT_ON_OBSERVED_NIFTY_50_SESSION
POWERGRID,daily,2012-01-07,2012-01-07,ABSENT_ON_OBSERVED_NIFTY_50_SESSION
POWERGRID,daily,2012-03-03,2012-03-03,ABSENT_ON_OBSERVED_NIFTY_50_SESSION
POWERGRID,daily,2012-04-28,2012-04-28,ABSENT_ON_OBSERVED_NIFTY_50_SESSION
POWERGRID,daily,2012-09-08,2012-09-08,ABSENT_ON_OBSERVED_NIFTY_50_SESSION
POWERGRID,daily,2013-05-11,2013-05-11,ABSENT_ON_OBSERVED_NIFTY_50_SESSION
POWERGRID,daily,2013-11-03,2013-11-03,ABSENT_ON_OBSERVED_NIFTY_50_SESSION
POWERGRID,daily,2014-03-22,2014-03-22,ABSENT_ON_OBSERVED_NIFTY_50_SESSION
POWERGRID,daily,2015-02-28,2015-02-28,ABSENT_ON_OBSERVED_NIFTY_50_SESSION
POWERGRID,daily,2016-10-30,2016-10-30,ABSENT_ON_OBSERVED_NIFTY_50_SESSION
POWERGRID,daily,2017-10-19,2017-10-19,ABSENT_ON_OBSERVED_NIFTY_50_SESSION
POWERGRID,daily,2018-11-07,2018-11-07,ABSENT_ON_OBSERVED_NIFTY_50_SESSION
PRESTIGE,daily,2011-10-26,2011-10-26,ABSENT_ON_OBSERVED_NIFTY_50_SESSION
PRESTIGE,daily,2012-01-07,2012-01-07,ABSENT_ON_OBSERVED_NIFTY_50_SESSION
PRESTIGE,daily,2012-03-03,2012-03-03,ABSENT_ON_OBSERVED_NIFTY_50_SESSION
PRESTIGE,daily,2012-04-28,2012-04-28,ABSENT_ON_OBSERVED_NIFTY_50_SESSION
PRESTIGE,daily,2012-09-08,2012-09-08,ABSENT_ON_OBSERVED_NIFTY_50_SESSION
PRESTIGE,daily,2013-05-11,2013-05-11,ABSENT_ON_OBSERVED_NIFTY_50_SESSION
PRESTIGE,daily,2013-11-03,2013-11-03,ABSENT_ON_OBSERVED_NIFTY_50_SESSION
PRESTIGE,daily,2014-03-22,2014-03-22,ABSENT_ON_OBSERVED_NIFTY_50_SESSION
PRESTIGE,daily,2015-02-28,2015-02-28,ABSENT_ON_OBSERVED_NIFTY_50_SESSION
PRESTIGE,daily,2016-10-30,2016-10-30,ABSENT_ON_OBSERVED_NIFTY_50_SESSION
PRESTIGE,daily,2017-10-19,2017-10-19,ABSENT_ON_OBSERVED_NIFTY_50_SESSION
PRESTIGE,daily,2018-11-07,2018-11-07,ABSENT_ON_OBSERVED_NIFTY_50_SESSION
RADICO,daily,2003-03-22,2003-03-22,ABSENT_ON_OBSERVED_NIFTY_50_SESSION
RADICO,daily,2003-10-25,2003-10-25,ABSENT_ON_OBSERVED_NIFTY_50_SESSION
RADICO,daily,2003-11-15,2003-11-15,ABSENT_ON_OBSERVED_NIFTY_50_SESSION
RADICO,daily,2004-04-17,2004-04-17,ABSENT_ON_OBSERVED_NIFTY_50_SESSION
RADICO,daily,2004-05-24,2004-05-24,ABSENT_ON_OBSERVED_NIFTY_50_SESSION
RADICO,daily,2004-05-25,2004-05-25,ABSENT_ON_OBSERVED_NIFTY_50_SESSION
RADICO,daily,2004-05-26,2004-05-26,ABSENT_ON_OBSERVED_NIFTY_50_SESSION
RADICO,daily,2004-05-27,2004-05-27,ABSENT_ON_OBSERVED_NIFTY_50_SESSION
RADICO,daily,2004-05-28,2004-05-28,ABSENT_ON_OBSERVED_NIFTY_50_SESSION
RADICO,daily,2004-05-31,2004-05-31,ABSENT_ON_OBSERVED_NIFTY_50_SESSION
RADICO,daily,2004-06-01,2004-06-01,ABSENT_ON_OBSERVED_NIFTY_50_SESSION
RADICO,daily,2004-06-02,2004-06-02,ABSENT_ON_OBSERVED_NIFTY_50_SESSION
RADICO,daily,2004-06-03,2004-06-03,ABSENT_ON_OBSERVED_NIFTY_50_SESSION
RADICO,daily,2004-06-04,2004-06-04,ABSENT_ON_OBSERVED_NIFTY_50_SESSION
RADICO,daily,2004-06-07,2004-06-07,ABSENT_ON_OBSERVED_NIFTY_50_SESSION
RADICO,daily,2004-06-08,2004-06-08,ABSENT_ON_OBSERVED_NIFTY_50_SESSION
RADICO,daily,2004-06-09,2004-06-09,ABSENT_ON_OBSERVED_NIFTY_50_SESSION
RADICO,daily,2004-06-10,2004-06-10,ABSENT_ON_OBSERVED_NIFTY_50_SESSION
RADICO,daily,2004-06-11,2004-06-11,ABSENT_ON_OBSERVED_NIFTY_50_SESSION
RADICO,daily,2004-06-14,2004-06-14,ABSENT_ON_OBSERVED_NIFTY_50_SESSION
RADICO,daily,2004-06-15,2004-06-15,ABSENT_ON_OBSERVED_NIFTY_50_SESSION
RADICO,daily,2004-06-16,2004-06-16,ABSENT_ON_OBSERVED_NIFTY_50_SESSION
RADICO,daily,2004-06-17,2004-06-17,ABSENT_ON_OBSERVED_NIFTY_50_SESSION
RADICO,daily,2004-06-18,2004-06-18,ABSENT_ON_OBSERVED_NIFTY_50_SESSION
RADICO,daily,2004-06-21,2004-06-21,ABSENT_ON_OBSERVED_NIFTY_50_SESSION
RADICO,daily,2004-06-22,2004-06-22,ABSENT_ON_OBSERVED_NIFTY_50_SESSION
RADICO,daily,2004-10-09,2004-10-09,ABSENT_ON_OBSERVED_NIFTY_50_SESSION
RADICO,daily,2005-06-04,2005-06-04,ABSENT_ON_OBSERVED_NIFTY_50_SESSION
RADICO,daily,2005-11-26,2005-11-26,ABSENT_ON_OBSERVED_NIFTY_50_SESSION
RADICO,daily,2006-04-29,2006-04-29,ABSENT_ON_OBSERVED_NIFTY_50_SESSION
RADICO,daily,2006-06-25,2006-06-25,ABSENT_ON_OBSERVED_NIFTY_50_SESSION
RADICO,daily,2006-10-21,2006-10-21,ABSENT_ON_OBSERVED_NIFTY_50_SESSION
RADICO,daily,2009-10-17,2009-10-17,ABSENT_ON_OBSERVED_NIFTY_50_SESSION
RADICO,daily,2010-02-06,2010-02-06,ABSENT_ON_OBSERVED_NIFTY_50_SESSION
RADICO,daily,2011-10-26,2011-10-26,ABSENT_ON_OBSERVED_NIFTY_50_SESSION
RADICO,daily,2012-01-07,2012-01-07,ABSENT_ON_OBSERVED_NIFTY_50_SESSION
RADICO,daily,2012-03-03,2012-03-03,ABSENT_ON_OBSERVED_NIFTY_50_SESSION
RADICO,daily,2012-04-28,2012-04-28,ABSENT_ON_OBSERVED_NIFTY_50_SESSION
RADICO,daily,2012-09-08,2012-09-08,ABSENT_ON_OBSERVED_NIFTY_50_SESSION
RADICO,daily,2013-05-11,2013-05-11,ABSENT_ON_OBSERVED_NIFTY_50_SESSION
RADICO,daily,2013-11-03,2013-11-03,ABSENT_ON_OBSERVED_NIFTY_50_SESSION
RADICO,daily,2014-03-22,2014-03-22,ABSENT_ON_OBSERVED_NIFTY_50_SESSION
RADICO,daily,2015-02-28,2015-02-28,ABSENT_ON_OBSERVED_NIFTY_50_SESSION
RADICO,daily,2016-10-30,2016-10-30,ABSENT_ON_OBSERVED_NIFTY_50_SESSION
RADICO,daily,2017-10-19,2017-10-19,ABSENT_ON_OBSERVED_NIFTY_50_SESSION
RADICO,daily,2018-11-07,2018-11-07,ABSENT_ON_OBSERVED_NIFTY_50_SESSION
RECLTD,daily,2009-10-17,2009-10-17,ABSENT_ON_OBSERVED_NIFTY_50_SESSION
RECLTD,daily,2010-02-06,2010-02-06,ABSENT_ON_OBSERVED_NIFTY_50_SESSION
RECLTD,daily,2011-10-26,2011-10-26,ABSENT_ON_OBSERVED_NIFTY_50_SESSION
RECLTD,daily,2012-01-07,2012-01-07,ABSENT_ON_OBSERVED_NIFTY_50_SESSION
RECLTD,daily,2012-03-03,2012-03-03,ABSENT_ON_OBSERVED_NIFTY_50_SESSION
RECLTD,daily,2012-04-28,2012-04-28,ABSENT_ON_OBSERVED_NIFTY_50_SESSION
RECLTD,daily,2012-09-08,2012-09-08,ABSENT_ON_OBSERVED_NIFTY_50_SESSION
RECLTD,daily,2013-05-11,2013-05-11,ABSENT_ON_OBSERVED_NIFTY_50_SESSION
RECLTD,daily,2013-11-03,2013-11-03,ABSENT_ON_OBSERVED_NIFTY_50_SESSION
RECLTD,daily,2014-03-22,2014-03-22,ABSENT_ON_OBSERVED_NIFTY_50_SESSION
RECLTD,daily,2015-02-28,2015-02-28,ABSENT_ON_OBSERVED_NIFTY_50_SESSION
RECLTD,daily,2016-10-30,2016-10-30,ABSENT_ON_OBSERVED_NIFTY_50_SESSION
RECLTD,daily,2017-10-19,2017-10-19,ABSENT_ON_OBSERVED_NIFTY_50_SESSION
RECLTD,daily,2018-11-07,2018-11-07,ABSENT_ON_OBSERVED_NIFTY_50_SESSION
SAIL,daily,2003-03-22,2003-03-22,ABSENT_ON_OBSERVED_NIFTY_50_SESSION
SAIL,daily,2003-10-25,2003-10-25,ABSENT_ON_OBSERVED_NIFTY_50_SESSION
SAIL,daily,2003-11-15,2003-11-15,ABSENT_ON_OBSERVED_NIFTY_50_SESSION
SAIL,daily,2004-04-17,2004-04-17,ABSENT_ON_OBSERVED_NIFTY_50_SESSION
SAIL,daily,2004-05-24,2004-05-24,ABSENT_ON_OBSERVED_NIFTY_50_SESSION
SAIL,daily,2004-05-25,2004-05-25,ABSENT_ON_OBSERVED_NIFTY_50_SESSION
SAIL,daily,2004-05-26,2004-05-26,ABSENT_ON_OBSERVED_NIFTY_50_SESSION
SAIL,daily,2004-05-27,2004-05-27,ABSENT_ON_OBSERVED_NIFTY_50_SESSION
SAIL,daily,2004-05-28,2004-05-28,ABSENT_ON_OBSERVED_NIFTY_50_SESSION
SAIL,daily,2004-05-31,2004-05-31,ABSENT_ON_OBSERVED_NIFTY_50_SESSION
SAIL,daily,2004-06-01,2004-06-01,ABSENT_ON_OBSERVED_NIFTY_50_SESSION
SAIL,daily,2004-06-02,2004-06-02,ABSENT_ON_OBSERVED_NIFTY_50_SESSION
SAIL,daily,2004-06-03,2004-06-03,ABSENT_ON_OBSERVED_NIFTY_50_SESSION
SAIL,daily,2004-06-04,2004-06-04,ABSENT_ON_OBSERVED_NIFTY_50_SESSION
SAIL,daily,2004-06-07,2004-06-07,ABSENT_ON_OBSERVED_NIFTY_50_SESSION
SAIL,daily,2004-06-08,2004-06-08,ABSENT_ON_OBSERVED_NIFTY_50_SESSION
SAIL,daily,2004-06-09,2004-06-09,ABSENT_ON_OBSERVED_NIFTY_50_SESSION
SAIL,daily,2004-06-10,2004-06-10,ABSENT_ON_OBSERVED_NIFTY_50_SESSION
SAIL,daily,2004-06-11,2004-06-11,ABSENT_ON_OBSERVED_NIFTY_50_SESSION
SAIL,daily,2004-06-14,2004-06-14,ABSENT_ON_OBSERVED_NIFTY_50_SESSION
SAIL,daily,2004-06-15,2004-06-15,ABSENT_ON_OBSERVED_NIFTY_50_SESSION
SAIL,daily,2004-06-16,2004-06-16,ABSENT_ON_OBSERVED_NIFTY_50_SESSION
SAIL,daily,2004-06-17,2004-06-17,ABSENT_ON_OBSERVED_NIFTY_50_SESSION
SAIL,daily,2004-06-18,2004-06-18,ABSENT_ON_OBSERVED_NIFTY_50_SESSION
SAIL,daily,2004-06-21,2004-06-21,ABSENT_ON_OBSERVED_NIFTY_50_SESSION
SAIL,daily,2004-06-22,2004-06-22,ABSENT_ON_OBSERVED_NIFTY_50_SESSION
SAIL,daily,2004-10-09,2004-10-09,ABSENT_ON_OBSERVED_NIFTY_50_SESSION
SAIL,daily,2005-06-04,2005-06-04,ABSENT_ON_OBSERVED_NIFTY_50_SESSION
SAIL,daily,2005-11-26,2005-11-26,ABSENT_ON_OBSERVED_NIFTY_50_SESSION
SAIL,daily,2006-04-29,2006-04-29,ABSENT_ON_OBSERVED_NIFTY_50_SESSION
SAIL,daily,2006-06-25,2006-06-25,ABSENT_ON_OBSERVED_NIFTY_50_SESSION
SAIL,daily,2006-10-21,2006-10-21,ABSENT_ON_OBSERVED_NIFTY_50_SESSION
SAIL,daily,2009-10-17,2009-10-17,ABSENT_ON_OBSERVED_NIFTY_50_SESSION
SAIL,daily,2010-02-06,2010-02-06,ABSENT_ON_OBSERVED_NIFTY_50_SESSION
SAIL,daily,2011-10-26,2011-10-26,ABSENT_ON_OBSERVED_NIFTY_50_SESSION
SAIL,daily,2012-01-07,2012-01-07,ABSENT_ON_OBSERVED_NIFTY_50_SESSION
SAIL,daily,2012-03-03,2012-03-03,ABSENT_ON_OBSERVED_NIFTY_50_SESSION
SAIL,daily,2012-04-28,2012-04-28,ABSENT_ON_OBSERVED_NIFTY_50_SESSION
SAIL,daily,2012-09-08,2012-09-08,ABSENT_ON_OBSERVED_NIFTY_50_SESSION
SAIL,daily,2013-05-11,2013-05-11,ABSENT_ON_OBSERVED_NIFTY_50_SESSION
SAIL,daily,2013-11-03,2013-11-03,ABSENT_ON_OBSERVED_NIFTY_50_SESSION
SAIL,daily,2014-03-22,2014-03-22,ABSENT_ON_OBSERVED_NIFTY_50_SESSION
SAIL,daily,2015-02-28,2015-02-28,ABSENT_ON_OBSERVED_NIFTY_50_SESSION
SAIL,daily,2016-10-30,2016-10-30,ABSENT_ON_OBSERVED_NIFTY_50_SESSION
SAIL,daily,2017-10-19,2017-10-19,ABSENT_ON_OBSERVED_NIFTY_50_SESSION
SAIL,daily,2018-11-07,2018-11-07,ABSENT_ON_OBSERVED_NIFTY_50_SESSION
SBICARD,daily,2015-01-30,2015-01-30,ABSENT_ON_OBSERVED_NIFTY_50_SESSION
SBICARD,daily,2015-02-02,2015-02-02,ABSENT_ON_OBSERVED_NIFTY_50_SESSION
SBICARD,daily,2015-02-03,2015-02-03,ABSENT_ON_OBSERVED_NIFTY_50_SESSION
SBICARD,daily,2015-02-04,2015-02-04,ABSENT_ON_OBSERVED_NIFTY_50_SESSION
SBICARD,daily,2015-02-05,2015-02-05,ABSENT_ON_OBSERVED_NIFTY_50_SESSION
SBICARD,daily,2015-02-06,2015-02-06,ABSENT_ON_OBSERVED_NIFTY_50_SESSION
SBICARD,daily,2015-02-09,2015-02-09,ABSENT_ON_OBSERVED_NIFTY_50_SESSION
SBICARD,daily,2015-02-10,2015-02-10,ABSENT_ON_OBSERVED_NIFTY_50_SESSION
SBICARD,daily,2015-02-11,2015-02-11,ABSENT_ON_OBSERVED_NIFTY_50_SESSION
SBICARD,daily,2015-02-12,2015-02-12,ABSENT_ON_OBSERVED_NIFTY_50_SESSION
SBICARD,daily,2015-02-13,2015-02-13,ABSENT_ON_OBSERVED_NIFTY_50_SESSION
SBICARD,daily,2015-02-16,2015-02-16,ABSENT_ON_OBSERVED_NIFTY_50_SESSION
SBICARD,daily,2015-02-18,2015-02-18,ABSENT_ON_OBSERVED_NIFTY_50_SESSION
SBICARD,daily,2015-02-19,2015-02-19,ABSENT_ON_OBSERVED_NIFTY_50_SESSION
SBICARD,daily,2015-02-20,2015-02-20,ABSENT_ON_OBSERVED_NIFTY_50_SESSION
SBICARD,daily,2015-02-23,2015-02-23,ABSENT_ON_OBSERVED_NIFTY_50_SESSION
SBICARD,daily,2015-02-24,2015-02-24,ABSENT_ON_OBSERVED_NIFTY_50_SESSION
SBICARD,daily,2015-02-25,2015-02-25,ABSENT_ON_OBSERVED_NIFTY_50_SESSION
SBICARD,daily,2015-02-26,2015-02-26,ABSENT_ON_OBSERVED_NIFTY_50_SESSION
SBICARD,daily,2015-02-27,2015-02-27,ABSENT_ON_OBSERVED_NIFTY_50_SESSION
SBICARD,daily,2015-02-28,2015-02-28,ABSENT_ON_OBSERVED_NIFTY_50_SESSION
SBICARD,daily,2015-03-02,2015-03-02,ABSENT_ON_OBSERVED_NIFTY_50_SESSION
SBICARD,daily,2015-03-03,2015-03-03,ABSENT_ON_OBSERVED_NIFTY_50_SESSION
SBICARD,daily,2015-03-04,2015-03-04,ABSENT_ON_OBSERVED_NIFTY_50_SESSION
SBICARD,daily,2015-03-05,2015-03-05,ABSENT_ON_OBSERVED_NIFTY_50_SESSION
SBICARD,daily,2015-03-09,2015-03-09,ABSENT_ON_OBSERVED_NIFTY_50_SESSION
SBICARD,daily,2015-03-10,2015-03-10,ABSENT_ON_OBSERVED_NIFTY_50_SESSION
SBICARD,daily,2015-03-11,2015-03-11,ABSENT_ON_OBSERVED_NIFTY_50_SESSION
SBICARD,daily,2015-03-12,2015-03-12,ABSENT_ON_OBSERVED_NIFTY_50_SESSION
SBICARD,daily,2015-03-13,2015-03-13,ABSENT_ON_OBSERVED_NIFTY_50_SESSION
SBICARD,daily,2015-03-16,2015-03-16,ABSENT_ON_OBSERVED_NIFTY_50_SESSION
SBICARD,daily,2015-03-17,2015-03-17,ABSENT_ON_OBSERVED_NIFTY_50_SESSION
SBICARD,daily,2015-03-18,2015-03-18,ABSENT_ON_OBSERVED_NIFTY_50_SESSION
SBICARD,daily,2015-03-19,2015-03-19,ABSENT_ON_OBSERVED_NIFTY_50_SESSION
SBICARD,daily,2015-03-20,2015-03-20,ABSENT_ON_OBSERVED_NIFTY_50_SESSION
SBICARD,daily,2015-03-23,2015-03-23,ABSENT_ON_OBSERVED_NIFTY_50_SESSION
SBICARD,daily,2015-03-24,2015-03-24,ABSENT_ON_OBSERVED_NIFTY_50_SESSION
SBICARD,daily,2015-03-25,2015-03-25,ABSENT_ON_OBSERVED_NIFTY_50_SESSION
SBICARD,daily,2015-03-26,2015-03-26,ABSENT_ON_OBSERVED_NIFTY_50_SESSION
SBICARD,daily,2015-03-27,2015-03-27,ABSENT_ON_OBSERVED_NIFTY_50_SESSION
SBICARD,daily,2015-03-30,2015-03-30,ABSENT_ON_OBSERVED_NIFTY_50_SESSION
SBICARD,daily,2015-03-31,2015-03-31,ABSENT_ON_OBSERVED_NIFTY_50_SESSION
SBICARD,daily,2015-04-01,2015-04-01,ABSENT_ON_OBSERVED_NIFTY_50_SESSION
SBICARD,daily,2015-04-06,2015-04-06,ABSENT_ON_OBSERVED_NIFTY_50_SESSION
SBICARD,daily,2015-04-07,2015-04-07,ABSENT_ON_OBSERVED_NIFTY_50_SESSION
SBICARD,daily,2015-04-08,2015-04-08,ABSENT_ON_OBSERVED_NIFTY_50_SESSION
SBICARD,daily,2015-04-09,2015-04-09,ABSENT_ON_OBSERVED_NIFTY_50_SESSION
SBICARD,daily,2015-04-10,2015-04-10,ABSENT_ON_OBSERVED_NIFTY_50_SESSION
SBICARD,daily,2015-04-13,2015-04-13,ABSENT_ON_OBSERVED_NIFTY_50_SESSION
SBICARD,daily,2015-04-15,2015-04-15,ABSENT_ON_OBSERVED_NIFTY_50_SESSION
SBICARD,daily,2015-04-16,2015-04-16,ABSENT_ON_OBSERVED_NIFTY_50_SESSION
SBICARD,daily,2015-04-17,2015-04-17,ABSENT_ON_OBSERVED_NIFTY_50_SESSION
SBICARD,daily,2015-04-20,2015-04-20,ABSENT_ON_OBSERVED_NIFTY_50_SESSION
SBICARD,daily,2015-04-21,2015-04-21,ABSENT_ON_OBSERVED_NIFTY_50_SESSION
SBICARD,daily,2015-04-22,2015-04-22,ABSENT_ON_OBSERVED_NIFTY_50_SESSION
SBICARD,daily,2015-04-23,2015-04-23,ABSENT_ON_OBSERVED_NIFTY_50_SESSION
SBICARD,daily,2015-04-24,2015-04-24,ABSENT_ON_OBSERVED_NIFTY_50_SESSION
SBICARD,daily,2015-04-27,2015-04-27,ABSENT_ON_OBSERVED_NIFTY_50_SESSION
SBICARD,daily,2015-04-28,2015-04-28,ABSENT_ON_OBSERVED_NIFTY_50_SESSION
SBICARD,daily,2015-04-29,2015-04-29,ABSENT_ON_OBSERVED_NIFTY_50_SESSION
SBICARD,daily,2015-04-30,2015-04-30,ABSENT_ON_OBSERVED_NIFTY_50_SESSION
SBICARD,daily,2015-05-04,2015-05-04,ABSENT_ON_OBSERVED_NIFTY_50_SESSION
SBICARD,daily,2015-05-05,2015-05-05,ABSENT_ON_OBSERVED_NIFTY_50_SESSION
SBICARD,daily,2015-05-06,2015-05-06,ABSENT_ON_OBSERVED_NIFTY_50_SESSION
SBICARD,daily,2015-05-07,2015-05-07,ABSENT_ON_OBSERVED_NIFTY_50_SESSION
SBICARD,daily,2015-05-08,2015-05-08,ABSENT_ON_OBSERVED_NIFTY_50_SESSION
SBICARD,daily,2015-05-11,2015-05-11,ABSENT_ON_OBSERVED_NIFTY_50_SESSION
SBICARD,daily,2015-05-12,2015-05-12,ABSENT_ON_OBSERVED_NIFTY_50_SESSION
SBICARD,daily,2015-05-13,2015-05-13,ABSENT_ON_OBSERVED_NIFTY_50_SESSION
SBICARD,daily,2015-05-14,2015-05-14,ABSENT_ON_OBSERVED_NIFTY_50_SESSION
SBICARD,daily,2015-05-15,2015-05-15,ABSENT_ON_OBSERVED_NIFTY_50_SESSION
SBICARD,daily,2015-05-18,2015-05-18,ABSENT_ON_OBSERVED_NIFTY_50_SESSION
SBICARD,daily,2015-05-19,2015-05-19,ABSENT_ON_OBSERVED_NIFTY_50_SESSION
SBICARD,daily,2015-05-20,2015-05-20,ABSENT_ON_OBSERVED_NIFTY_50_SESSION
SBICARD,daily,2015-05-21,2015-05-21,ABSENT_ON_OBSERVED_NIFTY_50_SESSION
SBICARD,daily,2015-05-22,2015-05-22,ABSENT_ON_OBSERVED_NIFTY_50_SESSION
SBICARD,daily,2015-05-25,2015-05-25,ABSENT_ON_OBSERVED_NIFTY_50_SESSION
SBICARD,daily,2015-05-26,2015-05-26,ABSENT_ON_OBSERVED_NIFTY_50_SESSION
SBICARD,daily,2015-05-27,2015-05-27,ABSENT_ON_OBSERVED_NIFTY_50_SESSION
SBICARD,daily,2015-05-28,2015-05-28,ABSENT_ON_OBSERVED_NIFTY_50_SESSION
SBICARD,daily,2015-05-29,2015-05-29,ABSENT_ON_OBSERVED_NIFTY_50_SESSION
SBICARD,daily,2015-06-01,2015-06-01,ABSENT_ON_OBSERVED_NIFTY_50_SESSION
SBICARD,daily,2015-06-02,2015-06-02,ABSENT_ON_OBSERVED_NIFTY_50_SESSION
SBICARD,daily,2015-06-03,2015-06-03,ABSENT_ON_OBSERVED_NIFTY_50_SESSION
SBICARD,daily,2015-06-04,2015-06-04,ABSENT_ON_OBSERVED_NIFTY_50_SESSION
SBICARD,daily,2015-06-05,2015-06-05,ABSENT_ON_OBSERVED_NIFTY_50_SESSION
SBICARD,daily,2015-06-08,2015-06-08,ABSENT_ON_OBSERVED_NIFTY_50_SESSION
SBICARD,daily,2015-06-09,2015-06-09,ABSENT_ON_OBSERVED_NIFTY_50_SESSION
SBICARD,daily,2015-06-10,2015-06-10,ABSENT_ON_OBSERVED_NIFTY_50_SESSION
SBICARD,daily,2015-06-11,2015-06-11,ABSENT_ON_OBSERVED_NIFTY_50_SESSION
SBICARD,daily,2015-06-12,2015-06-12,ABSENT_ON_OBSERVED_NIFTY_50_SESSION
SBICARD,daily,2015-06-15,2015-06-15,ABSENT_ON_OBSERVED_NIFTY_50_SESSION
SBICARD,daily,2015-06-16,2015-06-16,ABSENT_ON_OBSERVED_NIFTY_50_SESSION
SBICARD,daily,2015-06-17,2015-06-17,ABSENT_ON_OBSERVED_NIFTY_50_SESSION
SBICARD,daily,2015-06-18,2015-06-18,ABSENT_ON_OBSERVED_NIFTY_50_SESSION
SBICARD,daily,2015-06-19,2015-06-19,ABSENT_ON_OBSERVED_NIFTY_50_SESSION
SBICARD,daily,2015-06-22,2015-06-22,ABSENT_ON_OBSERVED_NIFTY_50_SESSION
SBICARD,daily,2015-06-23,2015-06-23,ABSENT_ON_OBSERVED_NIFTY_50_SESSION
SBICARD,daily,2015-06-24,2015-06-24,ABSENT_ON_OBSERVED_NIFTY_50_SESSION
SBICARD,daily,2015-06-25,2015-06-25,ABSENT_ON_OBSERVED_NIFTY_50_SESSION
SBICARD,daily,2015-06-26,2015-06-26,ABSENT_ON_OBSERVED_NIFTY_50_SESSION
SBICARD,daily,2015-06-29,2015-06-29,ABSENT_ON_OBSERVED_NIFTY_50_SESSION
SBICARD,daily,2015-06-30,2015-06-30,ABSENT_ON_OBSERVED_NIFTY_50_SESSION
SBICARD,daily,2015-07-01,2015-07-01,ABSENT_ON_OBSERVED_NIFTY_50_SESSION
SBICARD,daily,2015-07-02,2015-07-02,ABSENT_ON_OBSERVED_NIFTY_50_SESSION
SBICARD,daily,2015-07-03,2015-07-03,ABSENT_ON_OBSERVED_NIFTY_50_SESSION
SBICARD,daily,2015-07-06,2015-07-06,ABSENT_ON_OBSERVED_NIFTY_50_SESSION
SBICARD,daily,2015-07-07,2015-07-07,ABSENT_ON_OBSERVED_NIFTY_50_SESSION
SBICARD,daily,2015-07-08,2015-07-08,ABSENT_ON_OBSERVED_NIFTY_50_SESSION
SBICARD,daily,2015-07-09,2015-07-09,ABSENT_ON_OBSERVED_NIFTY_50_SESSION
SBICARD,daily,2015-07-10,2015-07-10,ABSENT_ON_OBSERVED_NIFTY_50_SESSION
SBICARD,daily,2015-07-13,2015-07-13,ABSENT_ON_OBSERVED_NIFTY_50_SESSION
SBICARD,daily,2015-07-14,2015-07-14,ABSENT_ON_OBSERVED_NIFTY_50_SESSION
SBICARD,daily,2015-07-15,2015-07-15,ABSENT_ON_OBSERVED_NIFTY_50_SESSION
SBICARD,daily,2015-07-16,2015-07-16,ABSENT_ON_OBSERVED_NIFTY_50_SESSION
SBICARD,daily,2015-07-17,2015-07-17,ABSENT_ON_OBSERVED_NIFTY_50_SESSION
SBICARD,daily,2015-07-20,2015-07-20,ABSENT_ON_OBSERVED_NIFTY_50_SESSION
SBICARD,daily,2015-07-21,2015-07-21,ABSENT_ON_OBSERVED_NIFTY_50_SESSION
SBICARD,daily,2015-07-22,2015-07-22,ABSENT_ON_OBSERVED_NIFTY_50_SESSION
SBICARD,daily,2015-07-23,2015-07-23,ABSENT_ON_OBSERVED_NIFTY_50_SESSION
SBICARD,daily,2015-07-24,2015-07-24,ABSENT_ON_OBSERVED_NIFTY_50_SESSION
SBICARD,daily,2015-07-27,2015-07-27,ABSENT_ON_OBSERVED_NIFTY_50_SESSION
SBICARD,daily,2015-07-28,2015-07-28,ABSENT_ON_OBSERVED_NIFTY_50_SESSION
SBICARD,daily,2015-07-29,2015-07-29,ABSENT_ON_OBSERVED_NIFTY_50_SESSION
SBICARD,daily,2015-07-30,2015-07-30,ABSENT_ON_OBSERVED_NIFTY_50_SESSION
SBICARD,daily,2015-07-31,2015-07-31,ABSENT_ON_OBSERVED_NIFTY_50_SESSION
SBICARD,daily,2015-08-03,2015-08-03,ABSENT_ON_OBSERVED_NIFTY_50_SESSION
SBICARD,daily,2015-08-04,2015-08-04,ABSENT_ON_OBSERVED_NIFTY_50_SESSION
SBICARD,daily,2015-08-05,2015-08-05,ABSENT_ON_OBSERVED_NIFTY_50_SESSION
SBICARD,daily,2015-08-06,2015-08-06,ABSENT_ON_OBSERVED_NIFTY_50_SESSION
SBICARD,daily,2015-08-07,2015-08-07,ABSENT_ON_OBSERVED_NIFTY_50_SESSION
SBICARD,daily,2015-08-10,2015-08-10,ABSENT_ON_OBSERVED_NIFTY_50_SESSION
SBICARD,daily,2015-08-11,2015-08-11,ABSENT_ON_OBSERVED_NIFTY_50_SESSION
SBICARD,daily,2015-08-12,2015-08-12,ABSENT_ON_OBSERVED_NIFTY_50_SESSION
SBICARD,daily,2015-08-13,2015-08-13,ABSENT_ON_OBSERVED_NIFTY_50_SESSION
SBICARD,daily,2015-08-14,2015-08-14,ABSENT_ON_OBSERVED_NIFTY_50_SESSION
SBICARD,daily,2015-08-17,2015-08-17,ABSENT_ON_OBSERVED_NIFTY_50_SESSION
SBICARD,daily,2015-08-18,2015-08-18,ABSENT_ON_OBSERVED_NIFTY_50_SESSION
SBICARD,daily,2015-08-19,2015-08-19,ABSENT_ON_OBSERVED_NIFTY_50_SESSION
SBICARD,daily,2015-08-20,2015-08-20,ABSENT_ON_OBSERVED_NIFTY_50_SESSION
SBICARD,daily,2015-08-21,2015-08-21,ABSENT_ON_OBSERVED_NIFTY_50_SESSION
SBICARD,daily,2015-08-24,2015-08-24,ABSENT_ON_OBSERVED_NIFTY_50_SESSION
SBICARD,daily,2015-08-25,2015-08-25,ABSENT_ON_OBSERVED_NIFTY_50_SESSION
SBICARD,daily,2015-08-26,2015-08-26,ABSENT_ON_OBSERVED_NIFTY_50_SESSION
SBICARD,daily,2015-08-27,2015-08-27,ABSENT_ON_OBSERVED_NIFTY_50_SESSION
SBICARD,daily,2015-08-28,2015-08-28,ABSENT_ON_OBSERVED_NIFTY_50_SESSION
SBICARD,daily,2015-08-31,2015-08-31,ABSENT_ON_OBSERVED_NIFTY_50_SESSION
SBICARD,daily,2015-09-01,2015-09-01,ABSENT_ON_OBSERVED_NIFTY_50_SESSION
SBICARD,daily,2015-09-02,2015-09-02,ABSENT_ON_OBSERVED_NIFTY_50_SESSION
SBICARD,daily,2015-09-03,2015-09-03,ABSENT_ON_OBSERVED_NIFTY_50_SESSION
SBICARD,daily,2015-09-04,2015-09-04,ABSENT_ON_OBSERVED_NIFTY_50_SESSION
SBICARD,daily,2015-09-07,2015-09-07,ABSENT_ON_OBSERVED_NIFTY_50_SESSION
SBICARD,daily,2015-09-08,2015-09-08,ABSENT_ON_OBSERVED_NIFTY_50_SESSION
SBICARD,daily,2015-09-09,2015-09-09,ABSENT_ON_OBSERVED_NIFTY_50_SESSION
SBICARD,daily,2015-09-10,2015-09-10,ABSENT_ON_OBSERVED_NIFTY_50_SESSION
SBICARD,daily,2015-09-11,2015-09-11,ABSENT_ON_OBSERVED_NIFTY_50_SESSION
SBICARD,daily,2015-09-14,2015-09-14,ABSENT_ON_OBSERVED_NIFTY_50_SESSION
SBICARD,daily,2015-09-15,2015-09-15,ABSENT_ON_OBSERVED_NIFTY_50_SESSION
SBICARD,daily,2015-09-16,2015-09-16,ABSENT_ON_OBSERVED_NIFTY_50_SESSION
SBICARD,daily,2015-09-18,2015-09-18,ABSENT_ON_OBSERVED_NIFTY_50_SESSION
SBICARD,daily,2015-09-21,2015-09-21,ABSENT_ON_OBSERVED_NIFTY_50_SESSION
SBICARD,daily,2015-09-22,2015-09-22,ABSENT_ON_OBSERVED_NIFTY_50_SESSION
SBICARD,daily,2015-09-23,2015-09-23,ABSENT_ON_OBSERVED_NIFTY_50_SESSION
SBICARD,daily,2015-09-24,2015-09-24,ABSENT_ON_OBSERVED_NIFTY_50_SESSION
SBICARD,daily,2015-09-28,2015-09-28,ABSENT_ON_OBSERVED_NIFTY_50_SESSION
SBICARD,daily,2015-09-29,2015-09-29,ABSENT_ON_OBSERVED_NIFTY_50_SESSION
SBICARD,daily,2015-09-30,2015-09-30,ABSENT_ON_OBSERVED_NIFTY_50_SESSION
SBICARD,daily,2015-10-01,2015-10-01,ABSENT_ON_OBSERVED_NIFTY_50_SESSION
SBICARD,daily,2015-10-05,2015-10-05,ABSENT_ON_OBSERVED_NIFTY_50_SESSION
SBICARD,daily,2015-10-06,2015-10-06,ABSENT_ON_OBSERVED_NIFTY_50_SESSION
SBICARD,daily,2015-10-07,2015-10-07,ABSENT_ON_OBSERVED_NIFTY_50_SESSION
SBICARD,daily,2015-10-08,2015-10-08,ABSENT_ON_OBSERVED_NIFTY_50_SESSION
SBICARD,daily,2015-10-09,2015-10-09,ABSENT_ON_OBSERVED_NIFTY_50_SESSION
SBICARD,daily,2015-10-12,2015-10-12,ABSENT_ON_OBSERVED_NIFTY_50_SESSION
SBICARD,daily,2015-10-13,2015-10-13,ABSENT_ON_OBSERVED_NIFTY_50_SESSION
SBICARD,daily,2015-10-14,2015-10-14,ABSENT_ON_OBSERVED_NIFTY_50_SESSION
SBICARD,daily,2015-10-15,2015-10-15,ABSENT_ON_OBSERVED_NIFTY_50_SESSION
SBICARD,daily,2015-10-16,2015-10-16,ABSENT_ON_OBSERVED_NIFTY_50_SESSION
SBICARD,daily,2015-10-19,2015-10-19,ABSENT_ON_OBSERVED_NIFTY_50_SESSION
SBICARD,daily,2015-10-20,2015-10-20,ABSENT_ON_OBSERVED_NIFTY_50_SESSION
SBICARD,daily,2015-10-21,2015-10-21,ABSENT_ON_OBSERVED_NIFTY_50_SESSION
SBICARD,daily,2015-10-23,2015-10-23,ABSENT_ON_OBSERVED_NIFTY_50_SESSION
SBICARD,daily,2015-10-26,2015-10-26,ABSENT_ON_OBSERVED_NIFTY_50_SESSION
SBICARD,daily,2015-10-27,2015-10-27,ABSENT_ON_OBSERVED_NIFTY_50_SESSION
SBICARD,daily,2015-10-28,2015-10-28,ABSENT_ON_OBSERVED_NIFTY_50_SESSION
SBICARD,daily,2015-10-29,2015-10-29,ABSENT_ON_OBSERVED_NIFTY_50_SESSION
SBICARD,daily,2015-10-30,2015-10-30,ABSENT_ON_OBSERVED_NIFTY_50_SESSION
SBICARD,daily,2015-11-02,2015-11-02,ABSENT_ON_OBSERVED_NIFTY_50_SESSION
SBICARD,daily,2015-11-03,2015-11-03,ABSENT_ON_OBSERVED_NIFTY_50_SESSION
SBICARD,daily,2015-11-04,2015-11-04,ABSENT_ON_OBSERVED_NIFTY_50_SESSION
SBICARD,daily,2015-11-05,2015-11-05,ABSENT_ON_OBSERVED_NIFTY_50_SESSION
SBICARD,daily,2015-11-06,2015-11-06,ABSENT_ON_OBSERVED_NIFTY_50_SESSION
SBICARD,daily,2015-11-09,2015-11-09,ABSENT_ON_OBSERVED_NIFTY_50_SESSION
SBICARD,daily,2015-11-10,2015-11-10,ABSENT_ON_OBSERVED_NIFTY_50_SESSION
SBICARD,daily,2015-11-11,2015-11-11,ABSENT_ON_OBSERVED_NIFTY_50_SESSION
SBICARD,daily,2015-11-13,2015-11-13,ABSENT_ON_OBSERVED_NIFTY_50_SESSION
SBICARD,daily,2015-11-16,2015-11-16,ABSENT_ON_OBSERVED_NIFTY_50_SESSION
SBICARD,daily,2015-11-17,2015-11-17,ABSENT_ON_OBSERVED_NIFTY_50_SESSION
SBICARD,daily,2015-11-18,2015-11-18,ABSENT_ON_OBSERVED_NIFTY_50_SESSION
SBICARD,daily,2015-11-19,2015-11-19,ABSENT_ON_OBSERVED_NIFTY_50_SESSION
SBICARD,daily,2015-11-20,2015-11-20,ABSENT_ON_OBSERVED_NIFTY_50_SESSION
SBICARD,daily,2015-11-23,2015-11-23,ABSENT_ON_OBSERVED_NIFTY_50_SESSION
SBICARD,daily,2015-11-24,2015-11-24,ABSENT_ON_OBSERVED_NIFTY_50_SESSION
SBICARD,daily,2015-11-26,2015-11-26,ABSENT_ON_OBSERVED_NIFTY_50_SESSION
SBICARD,daily,2015-11-27,2015-11-27,ABSENT_ON_OBSERVED_NIFTY_50_SESSION
SBICARD,daily,2015-11-30,2015-11-30,ABSENT_ON_OBSERVED_NIFTY_50_SESSION
SBICARD,daily,2015-12-01,2015-12-01,ABSENT_ON_OBSERVED_NIFTY_50_SESSION
SBICARD,daily,2015-12-02,2015-12-02,ABSENT_ON_OBSERVED_NIFTY_50_SESSION
SBICARD,daily,2015-12-03,2015-12-03,ABSENT_ON_OBSERVED_NIFTY_50_SESSION
SBICARD,daily,2015-12-04,2015-12-04,ABSENT_ON_OBSERVED_NIFTY_50_SESSION
SBICARD,daily,2015-12-07,2015-12-07,ABSENT_ON_OBSERVED_NIFTY_50_SESSION
SBICARD,daily,2015-12-08,2015-12-08,ABSENT_ON_OBSERVED_NIFTY_50_SESSION
SBICARD,daily,2015-12-09,2015-12-09,ABSENT_ON_OBSERVED_NIFTY_50_SESSION
SBICARD,daily,2015-12-10,2015-12-10,ABSENT_ON_OBSERVED_NIFTY_50_SESSION
SBICARD,daily,2015-12-11,2015-12-11,ABSENT_ON_OBSERVED_NIFTY_50_SESSION
SBICARD,daily,2015-12-14,2015-12-14,ABSENT_ON_OBSERVED_NIFTY_50_SESSION
SBICARD,daily,2015-12-15,2015-12-15,ABSENT_ON_OBSERVED_NIFTY_50_SESSION
SBICARD,daily,2015-12-16,2015-12-16,ABSENT_ON_OBSERVED_NIFTY_50_SESSION
SBICARD,daily,2015-12-17,2015-12-17,ABSENT_ON_OBSERVED_NIFTY_50_SESSION
SBICARD,daily,2015-12-18,2015-12-18,ABSENT_ON_OBSERVED_NIFTY_50_SESSION
SBICARD,daily,2015-12-21,2015-12-21,ABSENT_ON_OBSERVED_NIFTY_50_SESSION
SBICARD,daily,2015-12-22,2015-12-22,ABSENT_ON_OBSERVED_NIFTY_50_SESSION
SBICARD,daily,2015-12-23,2015-12-23,ABSENT_ON_OBSERVED_NIFTY_50_SESSION
SBICARD,daily,2015-12-24,2015-12-24,ABSENT_ON_OBSERVED_NIFTY_50_SESSION
SBICARD,daily,2015-12-28,2015-12-28,ABSENT_ON_OBSERVED_NIFTY_50_SESSION
SBICARD,daily,2015-12-29,2015-12-29,ABSENT_ON_OBSERVED_NIFTY_50_SESSION
SBICARD,daily,2015-12-30,2015-12-30,ABSENT_ON_OBSERVED_NIFTY_50_SESSION
SBICARD,daily,2015-12-31,2015-12-31,ABSENT_ON_OBSERVED_NIFTY_50_SESSION
SBICARD,daily,2016-01-01,2016-01-01,ABSENT_ON_OBSERVED_NIFTY_50_SESSION
SBICARD,daily,2016-01-04,2016-01-04,ABSENT_ON_OBSERVED_NIFTY_50_SESSION
SBICARD,daily,2016-01-05,2016-01-05,ABSENT_ON_OBSERVED_NIFTY_50_SESSION
SBICARD,daily,2016-01-06,2016-01-06,ABSENT_ON_OBSERVED_NIFTY_50_SESSION
SBICARD,daily,2016-01-07,2016-01-07,ABSENT_ON_OBSERVED_NIFTY_50_SESSION
SBICARD,daily,2016-01-08,2016-01-08,ABSENT_ON_OBSERVED_NIFTY_50_SESSION
SBICARD,daily,2016-01-11,2016-01-11,ABSENT_ON_OBSERVED_NIFTY_50_SESSION
SBICARD,daily,2016-01-12,2016-01-12,ABSENT_ON_OBSERVED_NIFTY_50_SESSION
SBICARD,daily,2016-01-13,2016-01-13,ABSENT_ON_OBSERVED_NIFTY_50_SESSION
SBICARD,daily,2016-01-14,2016-01-14,ABSENT_ON_OBSERVED_NIFTY_50_SESSION
SBICARD,daily,2016-01-15,2016-01-15,ABSENT_ON_OBSERVED_NIFTY_50_SESSION
SBICARD,daily,2016-01-18,2016-01-18,ABSENT_ON_OBSERVED_NIFTY_50_SESSION
SBICARD,daily,2016-01-19,2016-01-19,ABSENT_ON_OBSERVED_NIFTY_50_SESSION
SBICARD,daily,2016-01-20,2016-01-20,ABSENT_ON_OBSERVED_NIFTY_50_SESSION
SBICARD,daily,2016-01-21,2016-01-21,ABSENT_ON_OBSERVED_NIFTY_50_SESSION
SBICARD,daily,2016-01-22,2016-01-22,ABSENT_ON_OBSERVED_NIFTY_50_SESSION
SBICARD,daily,2016-01-25,2016-01-25,ABSENT_ON_OBSERVED_NIFTY_50_SESSION
SBICARD,daily,2016-01-27,2016-01-27,ABSENT_ON_OBSERVED_NIFTY_50_SESSION
SBICARD,daily,2016-01-28,2016-01-28,ABSENT_ON_OBSERVED_NIFTY_50_SESSION
SBICARD,daily,2016-01-29,2016-01-29,ABSENT_ON_OBSERVED_NIFTY_50_SESSION
SBICARD,daily,2016-02-01,2016-02-01,ABSENT_ON_OBSERVED_NIFTY_50_SESSION
SBICARD,daily,2016-02-02,2016-02-02,ABSENT_ON_OBSERVED_NIFTY_50_SESSION
SBICARD,daily,2016-02-03,2016-02-03,ABSENT_ON_OBSERVED_NIFTY_50_SESSION
SBICARD,daily,2016-02-04,2016-02-04,ABSENT_ON_OBSERVED_NIFTY_50_SESSION
SBICARD,daily,2016-02-05,2016-02-05,ABSENT_ON_OBSERVED_NIFTY_50_SESSION
SBICARD,daily,2016-02-08,2016-02-08,ABSENT_ON_OBSERVED_NIFTY_50_SESSION
SBICARD,daily,2016-02-09,2016-02-09,ABSENT_ON_OBSERVED_NIFTY_50_SESSION
SBICARD,daily,2016-02-10,2016-02-10,ABSENT_ON_OBSERVED_NIFTY_50_SESSION
SBICARD,daily,2016-02-11,2016-02-11,ABSENT_ON_OBSERVED_NIFTY_50_SESSION
SBICARD,daily,2016-02-12,2016-02-12,ABSENT_ON_OBSERVED_NIFTY_50_SESSION
SBICARD,daily,2016-02-15,2016-02-15,ABSENT_ON_OBSERVED_NIFTY_50_SESSION
SBICARD,daily,2016-02-16,2016-02-16,ABSENT_ON_OBSERVED_NIFTY_50_SESSION
SBICARD,daily,2016-02-17,2016-02-17,ABSENT_ON_OBSERVED_NIFTY_50_SESSION
SBICARD,daily,2016-02-18,2016-02-18,ABSENT_ON_OBSERVED_NIFTY_50_SESSION
SBICARD,daily,2016-02-19,2016-02-19,ABSENT_ON_OBSERVED_NIFTY_50_SESSION
SBICARD,daily,2016-02-22,2016-02-22,ABSENT_ON_OBSERVED_NIFTY_50_SESSION
SBICARD,daily,2016-02-23,2016-02-23,ABSENT_ON_OBSERVED_NIFTY_50_SESSION
SBICARD,daily,2016-02-24,2016-02-24,ABSENT_ON_OBSERVED_NIFTY_50_SESSION
SBICARD,daily,2016-02-25,2016-02-25,ABSENT_ON_OBSERVED_NIFTY_50_SESSION
SBICARD,daily,2016-02-26,2016-02-26,ABSENT_ON_OBSERVED_NIFTY_50_SESSION
SBICARD,daily,2016-02-29,2016-02-29,ABSENT_ON_OBSERVED_NIFTY_50_SESSION
SBICARD,daily,2016-03-01,2016-03-01,ABSENT_ON_OBSERVED_NIFTY_50_SESSION
SBICARD,daily,2016-03-02,2016-03-02,ABSENT_ON_OBSERVED_NIFTY_50_SESSION
SBICARD,daily,2016-03-03,2016-03-03,ABSENT_ON_OBSERVED_NIFTY_50_SESSION
SBICARD,daily,2016-03-04,2016-03-04,ABSENT_ON_OBSERVED_NIFTY_50_SESSION
SBICARD,daily,2016-03-08,2016-03-08,ABSENT_ON_OBSERVED_NIFTY_50_SESSION
SBICARD,daily,2016-03-09,2016-03-09,ABSENT_ON_OBSERVED_NIFTY_50_SESSION
SBICARD,daily,2016-03-10,2016-03-10,ABSENT_ON_OBSERVED_NIFTY_50_SESSION
SBICARD,daily,2016-03-11,2016-03-11,ABSENT_ON_OBSERVED_NIFTY_50_SESSION
SBICARD,daily,2016-03-14,2016-03-14,ABSENT_ON_OBSERVED_NIFTY_50_SESSION
SBICARD,daily,2016-03-15,2016-03-15,ABSENT_ON_OBSERVED_NIFTY_50_SESSION
SBICARD,daily,2016-03-16,2016-03-16,ABSENT_ON_OBSERVED_NIFTY_50_SESSION
SBICARD,daily,2016-03-17,2016-03-17,ABSENT_ON_OBSERVED_NIFTY_50_SESSION
SBICARD,daily,2016-03-18,2016-03-18,ABSENT_ON_OBSERVED_NIFTY_50_SESSION
SBICARD,daily,2016-03-21,2016-03-21,ABSENT_ON_OBSERVED_NIFTY_50_SESSION
SBICARD,daily,2016-03-22,2016-03-22,ABSENT_ON_OBSERVED_NIFTY_50_SESSION
SBICARD,daily,2016-03-23,2016-03-23,ABSENT_ON_OBSERVED_NIFTY_50_SESSION
SBICARD,daily,2016-03-28,2016-03-28,ABSENT_ON_OBSERVED_NIFTY_50_SESSION
SBICARD,daily,2016-03-29,2016-03-29,ABSENT_ON_OBSERVED_NIFTY_50_SESSION
SBICARD,daily,2016-03-30,2016-03-30,ABSENT_ON_OBSERVED_NIFTY_50_SESSION
SBICARD,daily,2016-03-31,2016-03-31,ABSENT_ON_OBSERVED_NIFTY_50_SESSION
SBICARD,daily,2016-04-01,2016-04-01,ABSENT_ON_OBSERVED_NIFTY_50_SESSION
SBICARD,daily,2016-04-04,2016-04-04,ABSENT_ON_OBSERVED_NIFTY_50_SESSION
SBICARD,daily,2016-04-05,2016-04-05,ABSENT_ON_OBSERVED_NIFTY_50_SESSION
SBICARD,daily,2016-04-06,2016-04-06,ABSENT_ON_OBSERVED_NIFTY_50_SESSION
SBICARD,daily,2016-04-07,2016-04-07,ABSENT_ON_OBSERVED_NIFTY_50_SESSION
SBICARD,daily,2016-04-08,2016-04-08,ABSENT_ON_OBSERVED_NIFTY_50_SESSION
SBICARD,daily,2016-04-11,2016-04-11,ABSENT_ON_OBSERVED_NIFTY_50_SESSION
SBICARD,daily,2016-04-12,2016-04-12,ABSENT_ON_OBSERVED_NIFTY_50_SESSION
SBICARD,daily,2016-04-13,2016-04-13,ABSENT_ON_OBSERVED_NIFTY_50_SESSION
SBICARD,daily,2016-04-18,2016-04-18,ABSENT_ON_OBSERVED_NIFTY_50_SESSION
SBICARD,daily,2016-04-20,2016-04-20,ABSENT_ON_OBSERVED_NIFTY_50_SESSION
SBICARD,daily,2016-04-21,2016-04-21,ABSENT_ON_OBSERVED_NIFTY_50_SESSION
SBICARD,daily,2016-04-22,2016-04-22,ABSENT_ON_OBSERVED_NIFTY_50_SESSION
SBICARD,daily,2016-04-25,2016-04-25,ABSENT_ON_OBSERVED_NIFTY_50_SESSION
SBICARD,daily,2016-04-26,2016-04-26,ABSENT_ON_OBSERVED_NIFTY_50_SESSION
SBICARD,daily,2016-04-27,2016-04-27,ABSENT_ON_OBSERVED_NIFTY_50_SESSION
SBICARD,daily,2016-04-28,2016-04-28,ABSENT_ON_OBSERVED_NIFTY_50_SESSION
SBICARD,daily,2016-04-29,2016-04-29,ABSENT_ON_OBSERVED_NIFTY_50_SESSION
SBICARD,daily,2016-05-02,2016-05-02,ABSENT_ON_OBSERVED_NIFTY_50_SESSION
SBICARD,daily,2016-05-03,2016-05-03,ABSENT_ON_OBSERVED_NIFTY_50_SESSION
SBICARD,daily,2016-05-04,2016-05-04,ABSENT_ON_OBSERVED_NIFTY_50_SESSION
SBICARD,daily,2016-05-05,2016-05-05,ABSENT_ON_OBSERVED_NIFTY_50_SESSION
SBICARD,daily,2016-05-06,2016-05-06,ABSENT_ON_OBSERVED_NIFTY_50_SESSION
SBICARD,daily,2016-05-09,2016-05-09,ABSENT_ON_OBSERVED_NIFTY_50_SESSION
SBICARD,daily,2016-05-10,2016-05-10,ABSENT_ON_OBSERVED_NIFTY_50_SESSION
SBICARD,daily,2016-05-11,2016-05-11,ABSENT_ON_OBSERVED_NIFTY_50_SESSION
SBICARD,daily,2016-05-12,2016-05-12,ABSENT_ON_OBSERVED_NIFTY_50_SESSION
SBICARD,daily,2016-05-13,2016-05-13,ABSENT_ON_OBSERVED_NIFTY_50_SESSION
SBICARD,daily,2016-05-16,2016-05-16,ABSENT_ON_OBSERVED_NIFTY_50_SESSION
SBICARD,daily,2016-05-17,2016-05-17,ABSENT_ON_OBSERVED_NIFTY_50_SESSION
SBICARD,daily,2016-05-18,2016-05-18,ABSENT_ON_OBSERVED_NIFTY_50_SESSION
SBICARD,daily,2016-05-19,2016-05-19,ABSENT_ON_OBSERVED_NIFTY_50_SESSION
SBICARD,daily,2016-05-20,2016-05-20,ABSENT_ON_OBSERVED_NIFTY_50_SESSION
SBICARD,daily,2016-05-23,2016-05-23,ABSENT_ON_OBSERVED_NIFTY_50_SESSION
SBICARD,daily,2016-05-24,2016-05-24,ABSENT_ON_OBSERVED_NIFTY_50_SESSION
SBICARD,daily,2016-05-25,2016-05-25,ABSENT_ON_OBSERVED_NIFTY_50_SESSION
SBICARD,daily,2016-05-26,2016-05-26,ABSENT_ON_OBSERVED_NIFTY_50_SESSION
SBICARD,daily,2016-05-27,2016-05-27,ABSENT_ON_OBSERVED_NIFTY_50_SESSION
SBICARD,daily,2016-05-30,2016-05-30,ABSENT_ON_OBSERVED_NIFTY_50_SESSION
SBICARD,daily,2016-05-31,2016-05-31,ABSENT_ON_OBSERVED_NIFTY_50_SESSION
SBICARD,daily,2016-06-01,2016-06-01,ABSENT_ON_OBSERVED_NIFTY_50_SESSION
SBICARD,daily,2016-06-02,2016-06-02,ABSENT_ON_OBSERVED_NIFTY_50_SESSION
SBICARD,daily,2016-06-03,2016-06-03,ABSENT_ON_OBSERVED_NIFTY_50_SESSION
SBICARD,daily,2016-06-06,2016-06-06,ABSENT_ON_OBSERVED_NIFTY_50_SESSION
SBICARD,daily,2016-06-07,2016-06-07,ABSENT_ON_OBSERVED_NIFTY_50_SESSION
SBICARD,daily,2016-06-08,2016-06-08,ABSENT_ON_OBSERVED_NIFTY_50_SESSION
SBICARD,daily,2016-06-09,2016-06-09,ABSENT_ON_OBSERVED_NIFTY_50_SESSION
SBICARD,daily,2016-06-10,2016-06-10,ABSENT_ON_OBSERVED_NIFTY_50_SESSION
SBICARD,daily,2016-06-13,2016-06-13,ABSENT_ON_OBSERVED_NIFTY_50_SESSION
SBICARD,daily,2016-06-14,2016-06-14,ABSENT_ON_OBSERVED_NIFTY_50_SESSION
SBICARD,daily,2016-06-15,2016-06-15,ABSENT_ON_OBSERVED_NIFTY_50_SESSION
SBICARD,daily,2016-06-16,2016-06-16,ABSENT_ON_OBSERVED_NIFTY_50_SESSION
SBICARD,daily,2016-06-17,2016-06-17,ABSENT_ON_OBSERVED_NIFTY_50_SESSION
SBICARD,daily,2016-06-20,2016-06-20,ABSENT_ON_OBSERVED_NIFTY_50_SESSION
SBICARD,daily,2016-06-21,2016-06-21,ABSENT_ON_OBSERVED_NIFTY_50_SESSION
SBICARD,daily,2016-06-22,2016-06-22,ABSENT_ON_OBSERVED_NIFTY_50_SESSION
SBICARD,daily,2016-06-23,2016-06-23,ABSENT_ON_OBSERVED_NIFTY_50_SESSION
SBICARD,daily,2016-06-24,2016-06-24,ABSENT_ON_OBSERVED_NIFTY_50_SESSION
SBICARD,daily,2016-06-27,2016-06-27,ABSENT_ON_OBSERVED_NIFTY_50_SESSION
SBICARD,daily,2016-06-28,2016-06-28,ABSENT_ON_OBSERVED_NIFTY_50_SESSION
SBICARD,daily,2016-06-29,2016-06-29,ABSENT_ON_OBSERVED_NIFTY_50_SESSION
SBICARD,daily,2016-06-30,2016-06-30,ABSENT_ON_OBSERVED_NIFTY_50_SESSION
SBICARD,daily,2016-07-01,2016-07-01,ABSENT_ON_OBSERVED_NIFTY_50_SESSION
SBICARD,daily,2016-07-04,2016-07-04,ABSENT_ON_OBSERVED_NIFTY_50_SESSION
SBICARD,daily,2016-07-05,2016-07-05,ABSENT_ON_OBSERVED_NIFTY_50_SESSION
SBICARD,daily,2016-07-07,2016-07-07,ABSENT_ON_OBSERVED_NIFTY_50_SESSION
SBICARD,daily,2016-07-08,2016-07-08,ABSENT_ON_OBSERVED_NIFTY_50_SESSION
SBICARD,daily,2016-07-11,2016-07-11,ABSENT_ON_OBSERVED_NIFTY_50_SESSION
SBICARD,daily,2016-07-12,2016-07-12,ABSENT_ON_OBSERVED_NIFTY_50_SESSION
SBICARD,daily,2016-07-13,2016-07-13,ABSENT_ON_OBSERVED_NIFTY_50_SESSION
SBICARD,daily,2016-07-14,2016-07-14,ABSENT_ON_OBSERVED_NIFTY_50_SESSION
SBICARD,daily,2016-07-15,2016-07-15,ABSENT_ON_OBSERVED_NIFTY_50_SESSION
SBICARD,daily,2016-07-18,2016-07-18,ABSENT_ON_OBSERVED_NIFTY_50_SESSION
SBICARD,daily,2016-07-19,2016-07-19,ABSENT_ON_OBSERVED_NIFTY_50_SESSION
SBICARD,daily,2016-07-20,2016-07-20,ABSENT_ON_OBSERVED_NIFTY_50_SESSION
SBICARD,daily,2016-07-21,2016-07-21,ABSENT_ON_OBSERVED_NIFTY_50_SESSION
SBICARD,daily,2016-07-22,2016-07-22,ABSENT_ON_OBSERVED_NIFTY_50_SESSION
SBICARD,daily,2016-07-25,2016-07-25,ABSENT_ON_OBSERVED_NIFTY_50_SESSION
SBICARD,daily,2016-07-26,2016-07-26,ABSENT_ON_OBSERVED_NIFTY_50_SESSION
SBICARD,daily,2016-07-27,2016-07-27,ABSENT_ON_OBSERVED_NIFTY_50_SESSION
SBICARD,daily,2016-07-28,2016-07-28,ABSENT_ON_OBSERVED_NIFTY_50_SESSION
SBICARD,daily,2016-07-29,2016-07-29,ABSENT_ON_OBSERVED_NIFTY_50_SESSION
SBICARD,daily,2016-08-01,2016-08-01,ABSENT_ON_OBSERVED_NIFTY_50_SESSION
SBICARD,daily,2016-08-02,2016-08-02,ABSENT_ON_OBSERVED_NIFTY_50_SESSION
SBICARD,daily,2016-08-03,2016-08-03,ABSENT_ON_OBSERVED_NIFTY_50_SESSION
SBICARD,daily,2016-08-04,2016-08-04,ABSENT_ON_OBSERVED_NIFTY_50_SESSION
SBICARD,daily,2016-08-05,2016-08-05,ABSENT_ON_OBSERVED_NIFTY_50_SESSION
SBICARD,daily,2016-08-08,2016-08-08,ABSENT_ON_OBSERVED_NIFTY_50_SESSION
SBICARD,daily,2016-08-09,2016-08-09,ABSENT_ON_OBSERVED_NIFTY_50_SESSION
SBICARD,daily,2016-08-10,2016-08-10,ABSENT_ON_OBSERVED_NIFTY_50_SESSION
SBICARD,daily,2016-08-11,2016-08-11,ABSENT_ON_OBSERVED_NIFTY_50_SESSION
SBICARD,daily,2016-08-12,2016-08-12,ABSENT_ON_OBSERVED_NIFTY_50_SESSION
SBICARD,daily,2016-08-16,2016-08-16,ABSENT_ON_OBSERVED_NIFTY_50_SESSION
SBICARD,daily,2016-08-17,2016-08-17,ABSENT_ON_OBSERVED_NIFTY_50_SESSION
SBICARD,daily,2016-08-18,2016-08-18,ABSENT_ON_OBSERVED_NIFTY_50_SESSION
SBICARD,daily,2016-08-19,2016-08-19,ABSENT_ON_OBSERVED_NIFTY_50_SESSION
SBICARD,daily,2016-08-22,2016-08-22,ABSENT_ON_OBSERVED_NIFTY_50_SESSION
SBICARD,daily,2016-08-23,2016-08-23,ABSENT_ON_OBSERVED_NIFTY_50_SESSION
SBICARD,daily,2016-08-24,2016-08-24,ABSENT_ON_OBSERVED_NIFTY_50_SESSION
SBICARD,daily,2016-08-25,2016-08-25,ABSENT_ON_OBSERVED_NIFTY_50_SESSION
SBICARD,daily,2016-08-26,2016-08-26,ABSENT_ON_OBSERVED_NIFTY_50_SESSION
SBICARD,daily,2016-08-29,2016-08-29,ABSENT_ON_OBSERVED_NIFTY_50_SESSION
SBICARD,daily,2016-08-30,2016-08-30,ABSENT_ON_OBSERVED_NIFTY_50_SESSION
SBICARD,daily,2016-08-31,2016-08-31,ABSENT_ON_OBSERVED_NIFTY_50_SESSION
SBICARD,daily,2016-09-01,2016-09-01,ABSENT_ON_OBSERVED_NIFTY_50_SESSION
SBICARD,daily,2016-09-02,2016-09-02,ABSENT_ON_OBSERVED_NIFTY_50_SESSION
SBICARD,daily,2016-09-06,2016-09-06,ABSENT_ON_OBSERVED_NIFTY_50_SESSION
SBICARD,daily,2016-09-07,2016-09-07,ABSENT_ON_OBSERVED_NIFTY_50_SESSION
SBICARD,daily,2016-09-08,2016-09-08,ABSENT_ON_OBSERVED_NIFTY_50_SESSION
SBICARD,daily,2016-09-09,2016-09-09,ABSENT_ON_OBSERVED_NIFTY_50_SESSION
SBICARD,daily,2016-09-12,2016-09-12,ABSENT_ON_OBSERVED_NIFTY_50_SESSION
SBICARD,daily,2016-09-14,2016-09-14,ABSENT_ON_OBSERVED_NIFTY_50_SESSION
SBICARD,daily,2016-09-15,2016-09-15,ABSENT_ON_OBSERVED_NIFTY_50_SESSION
SBICARD,daily,2016-09-16,2016-09-16,ABSENT_ON_OBSERVED_NIFTY_50_SESSION
SBICARD,daily,2016-09-19,2016-09-19,ABSENT_ON_OBSERVED_NIFTY_50_SESSION
SBICARD,daily,2016-09-20,2016-09-20,ABSENT_ON_OBSERVED_NIFTY_50_SESSION
SBICARD,daily,2016-09-21,2016-09-21,ABSENT_ON_OBSERVED_NIFTY_50_SESSION
SBICARD,daily,2016-09-22,2016-09-22,ABSENT_ON_OBSERVED_NIFTY_50_SESSION
SBICARD,daily,2016-09-23,2016-09-23,ABSENT_ON_OBSERVED_NIFTY_50_SESSION
SBICARD,daily,2016-09-26,2016-09-26,ABSENT_ON_OBSERVED_NIFTY_50_SESSION
SBICARD,daily,2016-09-27,2016-09-27,ABSENT_ON_OBSERVED_NIFTY_50_SESSION
SBICARD,daily,2016-09-28,2016-09-28,ABSENT_ON_OBSERVED_NIFTY_50_SESSION
SBICARD,daily,2016-09-29,2016-09-29,ABSENT_ON_OBSERVED_NIFTY_50_SESSION
SBICARD,daily,2016-09-30,2016-09-30,ABSENT_ON_OBSERVED_NIFTY_50_SESSION
SBICARD,daily,2016-10-03,2016-10-03,ABSENT_ON_OBSERVED_NIFTY_50_SESSION
SBICARD,daily,2016-10-04,2016-10-04,ABSENT_ON_OBSERVED_NIFTY_50_SESSION
SBICARD,daily,2016-10-05,2016-10-05,ABSENT_ON_OBSERVED_NIFTY_50_SESSION
SBICARD,daily,2016-10-06,2016-10-06,ABSENT_ON_OBSERVED_NIFTY_50_SESSION
SBICARD,daily,2016-10-07,2016-10-07,ABSENT_ON_OBSERVED_NIFTY_50_SESSION
SBICARD,daily,2016-10-10,2016-10-10,ABSENT_ON_OBSERVED_NIFTY_50_SESSION
SBICARD,daily,2016-10-13,2016-10-13,ABSENT_ON_OBSERVED_NIFTY_50_SESSION
SBICARD,daily,2016-10-14,2016-10-14,ABSENT_ON_OBSERVED_NIFTY_50_SESSION
SBICARD,daily,2016-10-17,2016-10-17,ABSENT_ON_OBSERVED_NIFTY_50_SESSION
SBICARD,daily,2016-10-18,2016-10-18,ABSENT_ON_OBSERVED_NIFTY_50_SESSION
SBICARD,daily,2016-10-19,2016-10-19,ABSENT_ON_OBSERVED_NIFTY_50_SESSION
SBICARD,daily,2016-10-20,2016-10-20,ABSENT_ON_OBSERVED_NIFTY_50_SESSION
SBICARD,daily,2016-10-21,2016-10-21,ABSENT_ON_OBSERVED_NIFTY_50_SESSION
SBICARD,daily,2016-10-24,2016-10-24,ABSENT_ON_OBSERVED_NIFTY_50_SESSION
SBICARD,daily,2016-10-25,2016-10-25,ABSENT_ON_OBSERVED_NIFTY_50_SESSION
SBICARD,daily,2016-10-26,2016-10-26,ABSENT_ON_OBSERVED_NIFTY_50_SESSION
SBICARD,daily,2016-10-27,2016-10-27,ABSENT_ON_OBSERVED_NIFTY_50_SESSION
SBICARD,daily,2016-10-28,2016-10-28,ABSENT_ON_OBSERVED_NIFTY_50_SESSION
SBICARD,daily,2016-10-30,2016-10-30,ABSENT_ON_OBSERVED_NIFTY_50_SESSION
SBICARD,daily,2016-11-01,2016-11-01,ABSENT_ON_OBSERVED_NIFTY_50_SESSION
SBICARD,daily,2016-11-02,2016-11-02,ABSENT_ON_OBSERVED_NIFTY_50_SESSION
SBICARD,daily,2016-11-03,2016-11-03,ABSENT_ON_OBSERVED_NIFTY_50_SESSION
SBICARD,daily,2016-11-04,2016-11-04,ABSENT_ON_OBSERVED_NIFTY_50_SESSION
SBICARD,daily,2016-11-07,2016-11-07,ABSENT_ON_OBSERVED_NIFTY_50_SESSION
SBICARD,daily,2016-11-08,2016-11-08,ABSENT_ON_OBSERVED_NIFTY_50_SESSION
SBICARD,daily,2016-11-09,2016-11-09,ABSENT_ON_OBSERVED_NIFTY_50_SESSION
SBICARD,daily,2016-11-10,2016-11-10,ABSENT_ON_OBSERVED_NIFTY_50_SESSION
SBICARD,daily,2016-11-11,2016-11-11,ABSENT_ON_OBSERVED_NIFTY_50_SESSION
SBICARD,daily,2016-11-15,2016-11-15,ABSENT_ON_OBSERVED_NIFTY_50_SESSION
SBICARD,daily,2016-11-16,2016-11-16,ABSENT_ON_OBSERVED_NIFTY_50_SESSION
SBICARD,daily,2016-11-17,2016-11-17,ABSENT_ON_OBSERVED_NIFTY_50_SESSION
SBICARD,daily,2016-11-18,2016-11-18,ABSENT_ON_OBSERVED_NIFTY_50_SESSION
SBICARD,daily,2016-11-21,2016-11-21,ABSENT_ON_OBSERVED_NIFTY_50_SESSION
SBICARD,daily,2016-11-22,2016-11-22,ABSENT_ON_OBSERVED_NIFTY_50_SESSION
SBICARD,daily,2016-11-23,2016-11-23,ABSENT_ON_OBSERVED_NIFTY_50_SESSION
SBICARD,daily,2016-11-24,2016-11-24,ABSENT_ON_OBSERVED_NIFTY_50_SESSION
SBICARD,daily,2016-11-25,2016-11-25,ABSENT_ON_OBSERVED_NIFTY_50_SESSION
SBICARD,daily,2016-11-28,2016-11-28,ABSENT_ON_OBSERVED_NIFTY_50_SESSION
SBICARD,daily,2016-11-29,2016-11-29,ABSENT_ON_OBSERVED_NIFTY_50_SESSION
SBICARD,daily,2016-11-30,2016-11-30,ABSENT_ON_OBSERVED_NIFTY_50_SESSION
SBICARD,daily,2016-12-01,2016-12-01,ABSENT_ON_OBSERVED_NIFTY_50_SESSION
SBICARD,daily,2016-12-02,2016-12-02,ABSENT_ON_OBSERVED_NIFTY_50_SESSION
SBICARD,daily,2016-12-05,2016-12-05,ABSENT_ON_OBSERVED_NIFTY_50_SESSION
SBICARD,daily,2016-12-06,2016-12-06,ABSENT_ON_OBSERVED_NIFTY_50_SESSION
SBICARD,daily,2016-12-07,2016-12-07,ABSENT_ON_OBSERVED_NIFTY_50_SESSION
SBICARD,daily,2016-12-08,2016-12-08,ABSENT_ON_OBSERVED_NIFTY_50_SESSION
SBICARD,daily,2016-12-09,2016-12-09,ABSENT_ON_OBSERVED_NIFTY_50_SESSION
SBICARD,daily,2016-12-12,2016-12-12,ABSENT_ON_OBSERVED_NIFTY_50_SESSION
SBICARD,daily,2016-12-13,2016-12-13,ABSENT_ON_OBSERVED_NIFTY_50_SESSION
SBICARD,daily,2016-12-14,2016-12-14,ABSENT_ON_OBSERVED_NIFTY_50_SESSION
SBICARD,daily,2016-12-15,2016-12-15,ABSENT_ON_OBSERVED_NIFTY_50_SESSION
SBICARD,daily,2016-12-16,2016-12-16,ABSENT_ON_OBSERVED_NIFTY_50_SESSION
SBICARD,daily,2016-12-19,2016-12-19,ABSENT_ON_OBSERVED_NIFTY_50_SESSION
SBICARD,daily,2016-12-20,2016-12-20,ABSENT_ON_OBSERVED_NIFTY_50_SESSION
SBICARD,daily,2016-12-21,2016-12-21,ABSENT_ON_OBSERVED_NIFTY_50_SESSION
SBICARD,daily,2016-12-22,2016-12-22,ABSENT_ON_OBSERVED_NIFTY_50_SESSION
SBICARD,daily,2016-12-23,2016-12-23,ABSENT_ON_OBSERVED_NIFTY_50_SESSION
SBICARD,daily,2016-12-26,2016-12-26,ABSENT_ON_OBSERVED_NIFTY_50_SESSION
SBICARD,daily,2016-12-27,2016-12-27,ABSENT_ON_OBSERVED_NIFTY_50_SESSION
SBICARD,daily,2016-12-28,2016-12-28,ABSENT_ON_OBSERVED_NIFTY_50_SESSION
SBICARD,daily,2016-12-29,2016-12-29,ABSENT_ON_OBSERVED_NIFTY_50_SESSION
SBICARD,daily,2016-12-30,2016-12-30,ABSENT_ON_OBSERVED_NIFTY_50_SESSION
SBICARD,daily,2017-01-02,2017-01-02,ABSENT_ON_OBSERVED_NIFTY_50_SESSION
SBICARD,daily,2017-01-03,2017-01-03,ABSENT_ON_OBSERVED_NIFTY_50_SESSION
SBICARD,daily,2017-01-04,2017-01-04,ABSENT_ON_OBSERVED_NIFTY_50_SESSION
SBICARD,daily,2017-01-05,2017-01-05,ABSENT_ON_OBSERVED_NIFTY_50_SESSION
SBICARD,daily,2017-01-06,2017-01-06,ABSENT_ON_OBSERVED_NIFTY_50_SESSION
SBICARD,daily,2017-01-09,2017-01-09,ABSENT_ON_OBSERVED_NIFTY_50_SESSION
SBICARD,daily,2017-01-10,2017-01-10,ABSENT_ON_OBSERVED_NIFTY_50_SESSION
SBICARD,daily,2017-01-11,2017-01-11,ABSENT_ON_OBSERVED_NIFTY_50_SESSION
SBICARD,daily,2017-01-12,2017-01-12,ABSENT_ON_OBSERVED_NIFTY_50_SESSION
SBICARD,daily,2017-01-13,2017-01-13,ABSENT_ON_OBSERVED_NIFTY_50_SESSION
SBICARD,daily,2017-01-16,2017-01-16,ABSENT_ON_OBSERVED_NIFTY_50_SESSION
SBICARD,daily,2017-01-17,2017-01-17,ABSENT_ON_OBSERVED_NIFTY_50_SESSION
SBICARD,daily,2017-01-18,2017-01-18,ABSENT_ON_OBSERVED_NIFTY_50_SESSION
SBICARD,daily,2017-01-19,2017-01-19,ABSENT_ON_OBSERVED_NIFTY_50_SESSION
SBICARD,daily,2017-01-20,2017-01-20,ABSENT_ON_OBSERVED_NIFTY_50_SESSION
SBICARD,daily,2017-01-23,2017-01-23,ABSENT_ON_OBSERVED_NIFTY_50_SESSION
SBICARD,daily,2017-01-24,2017-01-24,ABSENT_ON_OBSERVED_NIFTY_50_SESSION
SBICARD,daily,2017-01-25,2017-01-25,ABSENT_ON_OBSERVED_NIFTY_50_SESSION
SBICARD,daily,2017-01-27,2017-01-27,ABSENT_ON_OBSERVED_NIFTY_50_SESSION
SBICARD,daily,2017-01-30,2017-01-30,ABSENT_ON_OBSERVED_NIFTY_50_SESSION
SBICARD,daily,2017-01-31,2017-01-31,ABSENT_ON_OBSERVED_NIFTY_50_SESSION
SBICARD,daily,2017-02-01,2017-02-01,ABSENT_ON_OBSERVED_NIFTY_50_SESSION
SBICARD,daily,2017-02-02,2017-02-02,ABSENT_ON_OBSERVED_NIFTY_50_SESSION
SBICARD,daily,2017-02-03,2017-02-03,ABSENT_ON_OBSERVED_NIFTY_50_SESSION
SBICARD,daily,2017-02-06,2017-02-06,ABSENT_ON_OBSERVED_NIFTY_50_SESSION
SBICARD,daily,2017-02-07,2017-02-07,ABSENT_ON_OBSERVED_NIFTY_50_SESSION
SBICARD,daily,2017-02-08,2017-02-08,ABSENT_ON_OBSERVED_NIFTY_50_SESSION
SBICARD,daily,2017-02-09,2017-02-09,ABSENT_ON_OBSERVED_NIFTY_50_SESSION
SBICARD,daily,2017-02-10,2017-02-10,ABSENT_ON_OBSERVED_NIFTY_50_SESSION
SBICARD,daily,2017-02-13,2017-02-13,ABSENT_ON_OBSERVED_NIFTY_50_SESSION
SBICARD,daily,2017-02-14,2017-02-14,ABSENT_ON_OBSERVED_NIFTY_50_SESSION
SBICARD,daily,2017-02-15,2017-02-15,ABSENT_ON_OBSERVED_NIFTY_50_SESSION
SBICARD,daily,2017-02-16,2017-02-16,ABSENT_ON_OBSERVED_NIFTY_50_SESSION
SBICARD,daily,2017-02-17,2017-02-17,ABSENT_ON_OBSERVED_NIFTY_50_SESSION
SBICARD,daily,2017-02-20,2017-02-20,ABSENT_ON_OBSERVED_NIFTY_50_SESSION
SBICARD,daily,2017-02-21,2017-02-21,ABSENT_ON_OBSERVED_NIFTY_50_SESSION
SBICARD,daily,2017-02-22,2017-02-22,ABSENT_ON_OBSERVED_NIFTY_50_SESSION
SBICARD,daily,2017-02-23,2017-02-23,ABSENT_ON_OBSERVED_NIFTY_50_SESSION
SBICARD,daily,2017-02-27,2017-02-27,ABSENT_ON_OBSERVED_NIFTY_50_SESSION
SBICARD,daily,2017-02-28,2017-02-28,ABSENT_ON_OBSERVED_NIFTY_50_SESSION
SBICARD,daily,2017-03-01,2017-03-01,ABSENT_ON_OBSERVED_NIFTY_50_SESSION
SBICARD,daily,2017-03-02,2017-03-02,ABSENT_ON_OBSERVED_NIFTY_50_SESSION
SBICARD,daily,2017-03-03,2017-03-03,ABSENT_ON_OBSERVED_NIFTY_50_SESSION
SBICARD,daily,2017-03-06,2017-03-06,ABSENT_ON_OBSERVED_NIFTY_50_SESSION
SBICARD,daily,2017-03-07,2017-03-07,ABSENT_ON_OBSERVED_NIFTY_50_SESSION
SBICARD,daily,2017-03-08,2017-03-08,ABSENT_ON_OBSERVED_NIFTY_50_SESSION
SBICARD,daily,2017-03-09,2017-03-09,ABSENT_ON_OBSERVED_NIFTY_50_SESSION
SBICARD,daily,2017-03-10,2017-03-10,ABSENT_ON_OBSERVED_NIFTY_50_SESSION
SBICARD,daily,2017-03-14,2017-03-14,ABSENT_ON_OBSERVED_NIFTY_50_SESSION
SBICARD,daily,2017-03-15,2017-03-15,ABSENT_ON_OBSERVED_NIFTY_50_SESSION
SBICARD,daily,2017-03-16,2017-03-16,ABSENT_ON_OBSERVED_NIFTY_50_SESSION
SBICARD,daily,2017-03-17,2017-03-17,ABSENT_ON_OBSERVED_NIFTY_50_SESSION
SBICARD,daily,2017-03-20,2017-03-20,ABSENT_ON_OBSERVED_NIFTY_50_SESSION
SBICARD,daily,2017-03-21,2017-03-21,ABSENT_ON_OBSERVED_NIFTY_50_SESSION
SBICARD,daily,2017-03-22,2017-03-22,ABSENT_ON_OBSERVED_NIFTY_50_SESSION
SBICARD,daily,2017-03-23,2017-03-23,ABSENT_ON_OBSERVED_NIFTY_50_SESSION
SBICARD,daily,2017-03-24,2017-03-24,ABSENT_ON_OBSERVED_NIFTY_50_SESSION
SBICARD,daily,2017-03-27,2017-03-27,ABSENT_ON_OBSERVED_NIFTY_50_SESSION
SBICARD,daily,2017-03-28,2017-03-28,ABSENT_ON_OBSERVED_NIFTY_50_SESSION
SBICARD,daily,2017-03-29,2017-03-29,ABSENT_ON_OBSERVED_NIFTY_50_SESSION
SBICARD,daily,2017-03-30,2017-03-30,ABSENT_ON_OBSERVED_NIFTY_50_SESSION
SBICARD,daily,2017-03-31,2017-03-31,ABSENT_ON_OBSERVED_NIFTY_50_SESSION
SBICARD,daily,2017-04-03,2017-04-03,ABSENT_ON_OBSERVED_NIFTY_50_SESSION
SBICARD,daily,2017-04-05,2017-04-05,ABSENT_ON_OBSERVED_NIFTY_50_SESSION
SBICARD,daily,2017-04-06,2017-04-06,ABSENT_ON_OBSERVED_NIFTY_50_SESSION
SBICARD,daily,2017-04-07,2017-04-07,ABSENT_ON_OBSERVED_NIFTY_50_SESSION
SBICARD,daily,2017-04-10,2017-04-10,ABSENT_ON_OBSERVED_NIFTY_50_SESSION
SBICARD,daily,2017-04-11,2017-04-11,ABSENT_ON_OBSERVED_NIFTY_50_SESSION
SBICARD,daily,2017-04-12,2017-04-12,ABSENT_ON_OBSERVED_NIFTY_50_SESSION
SBICARD,daily,2017-04-13,2017-04-13,ABSENT_ON_OBSERVED_NIFTY_50_SESSION
SBICARD,daily,2017-04-17,2017-04-17,ABSENT_ON_OBSERVED_NIFTY_50_SESSION
SBICARD,daily,2017-04-18,2017-04-18,ABSENT_ON_OBSERVED_NIFTY_50_SESSION
SBICARD,daily,2017-04-19,2017-04-19,ABSENT_ON_OBSERVED_NIFTY_50_SESSION
SBICARD,daily,2017-04-20,2017-04-20,ABSENT_ON_OBSERVED_NIFTY_50_SESSION
SBICARD,daily,2017-04-21,2017-04-21,ABSENT_ON_OBSERVED_NIFTY_50_SESSION
SBICARD,daily,2017-04-24,2017-04-24,ABSENT_ON_OBSERVED_NIFTY_50_SESSION
SBICARD,daily,2017-04-25,2017-04-25,ABSENT_ON_OBSERVED_NIFTY_50_SESSION
SBICARD,daily,2017-04-26,2017-04-26,ABSENT_ON_OBSERVED_NIFTY_50_SESSION
SBICARD,daily,2017-04-27,2017-04-27,ABSENT_ON_OBSERVED_NIFTY_50_SESSION
SBICARD,daily,2017-04-28,2017-04-28,ABSENT_ON_OBSERVED_NIFTY_50_SESSION
SBICARD,daily,2017-05-02,2017-05-02,ABSENT_ON_OBSERVED_NIFTY_50_SESSION
SBICARD,daily,2017-05-03,2017-05-03,ABSENT_ON_OBSERVED_NIFTY_50_SESSION
SBICARD,daily,2017-05-04,2017-05-04,ABSENT_ON_OBSERVED_NIFTY_50_SESSION
SBICARD,daily,2017-05-05,2017-05-05,ABSENT_ON_OBSERVED_NIFTY_50_SESSION
SBICARD,daily,2017-05-08,2017-05-08,ABSENT_ON_OBSERVED_NIFTY_50_SESSION
SBICARD,daily,2017-05-09,2017-05-09,ABSENT_ON_OBSERVED_NIFTY_50_SESSION
SBICARD,daily,2017-05-10,2017-05-10,ABSENT_ON_OBSERVED_NIFTY_50_SESSION
SBICARD,daily,2017-05-11,2017-05-11,ABSENT_ON_OBSERVED_NIFTY_50_SESSION
SBICARD,daily,2017-05-12,2017-05-12,ABSENT_ON_OBSERVED_NIFTY_50_SESSION
SBICARD,daily,2017-05-15,2017-05-15,ABSENT_ON_OBSERVED_NIFTY_50_SESSION
SBICARD,daily,2017-05-16,2017-05-16,ABSENT_ON_OBSERVED_NIFTY_50_SESSION
SBICARD,daily,2017-05-17,2017-05-17,ABSENT_ON_OBSERVED_NIFTY_50_SESSION
SBICARD,daily,2017-05-18,2017-05-18,ABSENT_ON_OBSERVED_NIFTY_50_SESSION
SBICARD,daily,2017-05-19,2017-05-19,ABSENT_ON_OBSERVED_NIFTY_50_SESSION
SBICARD,daily,2017-05-22,2017-05-22,ABSENT_ON_OBSERVED_NIFTY_50_SESSION
SBICARD,daily,2017-05-23,2017-05-23,ABSENT_ON_OBSERVED_NIFTY_50_SESSION
SBICARD,daily,2017-05-24,2017-05-24,ABSENT_ON_OBSERVED_NIFTY_50_SESSION
SBICARD,daily,2017-05-25,2017-05-25,ABSENT_ON_OBSERVED_NIFTY_50_SESSION
SBICARD,daily,2017-05-26,2017-05-26,ABSENT_ON_OBSERVED_NIFTY_50_SESSION
SBICARD,daily,2017-05-29,2017-05-29,ABSENT_ON_OBSERVED_NIFTY_50_SESSION
SBICARD,daily,2017-05-30,2017-05-30,ABSENT_ON_OBSERVED_NIFTY_50_SESSION
SBICARD,daily,2017-05-31,2017-05-31,ABSENT_ON_OBSERVED_NIFTY_50_SESSION
SBICARD,daily,2017-06-01,2017-06-01,ABSENT_ON_OBSERVED_NIFTY_50_SESSION
SBICARD,daily,2017-06-02,2017-06-02,ABSENT_ON_OBSERVED_NIFTY_50_SESSION
SBICARD,daily,2017-06-05,2017-06-05,ABSENT_ON_OBSERVED_NIFTY_50_SESSION
SBICARD,daily,2017-06-06,2017-06-06,ABSENT_ON_OBSERVED_NIFTY_50_SESSION
SBICARD,daily,2017-06-07,2017-06-07,ABSENT_ON_OBSERVED_NIFTY_50_SESSION
SBICARD,daily,2017-06-08,2017-06-08,ABSENT_ON_OBSERVED_NIFTY_50_SESSION
SBICARD,daily,2017-06-09,2017-06-09,ABSENT_ON_OBSERVED_NIFTY_50_SESSION
SBICARD,daily,2017-06-12,2017-06-12,ABSENT_ON_OBSERVED_NIFTY_50_SESSION
SBICARD,daily,2017-06-13,2017-06-13,ABSENT_ON_OBSERVED_NIFTY_50_SESSION
SBICARD,daily,2017-06-14,2017-06-14,ABSENT_ON_OBSERVED_NIFTY_50_SESSION
SBICARD,daily,2017-06-15,2017-06-15,ABSENT_ON_OBSERVED_NIFTY_50_SESSION
SBICARD,daily,2017-06-16,2017-06-16,ABSENT_ON_OBSERVED_NIFTY_50_SESSION
SBICARD,daily,2017-06-19,2017-06-19,ABSENT_ON_OBSERVED_NIFTY_50_SESSION
SBICARD,daily,2017-06-20,2017-06-20,ABSENT_ON_OBSERVED_NIFTY_50_SESSION
SBICARD,daily,2017-06-21,2017-06-21,ABSENT_ON_OBSERVED_NIFTY_50_SESSION
SBICARD,daily,2017-06-22,2017-06-22,ABSENT_ON_OBSERVED_NIFTY_50_SESSION
SBICARD,daily,2017-06-23,2017-06-23,ABSENT_ON_OBSERVED_NIFTY_50_SESSION
SBICARD,daily,2017-06-27,2017-06-27,ABSENT_ON_OBSERVED_NIFTY_50_SESSION
SBICARD,daily,2017-06-28,2017-06-28,ABSENT_ON_OBSERVED_NIFTY_50_SESSION
SBICARD,daily,2017-06-29,2017-06-29,ABSENT_ON_OBSERVED_NIFTY_50_SESSION
SBICARD,daily,2017-06-30,2017-06-30,ABSENT_ON_OBSERVED_NIFTY_50_SESSION
SBICARD,daily,2017-07-03,2017-07-03,ABSENT_ON_OBSERVED_NIFTY_50_SESSION
SBICARD,daily,2017-07-04,2017-07-04,ABSENT_ON_OBSERVED_NIFTY_50_SESSION
SBICARD,daily,2017-07-05,2017-07-05,ABSENT_ON_OBSERVED_NIFTY_50_SESSION
SBICARD,daily,2017-07-06,2017-07-06,ABSENT_ON_OBSERVED_NIFTY_50_SESSION
SBICARD,daily,2017-07-07,2017-07-07,ABSENT_ON_OBSERVED_NIFTY_50_SESSION
SBICARD,daily,2017-07-10,2017-07-10,ABSENT_ON_OBSERVED_NIFTY_50_SESSION
SBICARD,daily,2017-07-11,2017-07-11,ABSENT_ON_OBSERVED_NIFTY_50_SESSION
SBICARD,daily,2017-07-12,2017-07-12,ABSENT_ON_OBSERVED_NIFTY_50_SESSION
SBICARD,daily,2017-07-13,2017-07-13,ABSENT_ON_OBSERVED_NIFTY_50_SESSION
SBICARD,daily,2017-07-14,2017-07-14,ABSENT_ON_OBSERVED_NIFTY_50_SESSION
SBICARD,daily,2017-07-17,2017-07-17,ABSENT_ON_OBSERVED_NIFTY_50_SESSION
SBICARD,daily,2017-07-18,2017-07-18,ABSENT_ON_OBSERVED_NIFTY_50_SESSION
SBICARD,daily,2017-07-19,2017-07-19,ABSENT_ON_OBSERVED_NIFTY_50_SESSION
SBICARD,daily,2017-07-20,2017-07-20,ABSENT_ON_OBSERVED_NIFTY_50_SESSION
SBICARD,daily,2017-07-21,2017-07-21,ABSENT_ON_OBSERVED_NIFTY_50_SESSION
SBICARD,daily,2017-07-24,2017-07-24,ABSENT_ON_OBSERVED_NIFTY_50_SESSION
SBICARD,daily,2017-07-25,2017-07-25,ABSENT_ON_OBSERVED_NIFTY_50_SESSION
SBICARD,daily,2017-07-26,2017-07-26,ABSENT_ON_OBSERVED_NIFTY_50_SESSION
SBICARD,daily,2017-07-27,2017-07-27,ABSENT_ON_OBSERVED_NIFTY_50_SESSION
SBICARD,daily,2017-07-28,2017-07-28,ABSENT_ON_OBSERVED_NIFTY_50_SESSION
SBICARD,daily,2017-07-31,2017-07-31,ABSENT_ON_OBSERVED_NIFTY_50_SESSION
SBICARD,daily,2017-08-01,2017-08-01,ABSENT_ON_OBSERVED_NIFTY_50_SESSION
SBICARD,daily,2017-08-02,2017-08-02,ABSENT_ON_OBSERVED_NIFTY_50_SESSION
SBICARD,daily,2017-08-03,2017-08-03,ABSENT_ON_OBSERVED_NIFTY_50_SESSION
SBICARD,daily,2017-08-04,2017-08-04,ABSENT_ON_OBSERVED_NIFTY_50_SESSION
SBICARD,daily,2017-08-07,2017-08-07,ABSENT_ON_OBSERVED_NIFTY_50_SESSION
SBICARD,daily,2017-08-08,2017-08-08,ABSENT_ON_OBSERVED_NIFTY_50_SESSION
SBICARD,daily,2017-08-09,2017-08-09,ABSENT_ON_OBSERVED_NIFTY_50_SESSION
SBICARD,daily,2017-08-10,2017-08-10,ABSENT_ON_OBSERVED_NIFTY_50_SESSION
SBICARD,daily,2017-08-11,2017-08-11,ABSENT_ON_OBSERVED_NIFTY_50_SESSION
SBICARD,daily,2017-08-14,2017-08-14,ABSENT_ON_OBSERVED_NIFTY_50_SESSION
SBICARD,daily,2017-08-16,2017-08-16,ABSENT_ON_OBSERVED_NIFTY_50_SESSION
SBICARD,daily,2017-08-17,2017-08-17,ABSENT_ON_OBSERVED_NIFTY_50_SESSION
SBICARD,daily,2017-08-18,2017-08-18,ABSENT_ON_OBSERVED_NIFTY_50_SESSION
SBICARD,daily,2017-08-21,2017-08-21,ABSENT_ON_OBSERVED_NIFTY_50_SESSION
SBICARD,daily,2017-08-22,2017-08-22,ABSENT_ON_OBSERVED_NIFTY_50_SESSION
SBICARD,daily,2017-08-23,2017-08-23,ABSENT_ON_OBSERVED_NIFTY_50_SESSION
SBICARD,daily,2017-08-24,2017-08-24,ABSENT_ON_OBSERVED_NIFTY_50_SESSION
SBICARD,daily,2017-08-28,2017-08-28,ABSENT_ON_OBSERVED_NIFTY_50_SESSION
SBICARD,daily,2017-08-29,2017-08-29,ABSENT_ON_OBSERVED_NIFTY_50_SESSION
SBICARD,daily,2017-08-30,2017-08-30,ABSENT_ON_OBSERVED_NIFTY_50_SESSION
SBICARD,daily,2017-08-31,2017-08-31,ABSENT_ON_OBSERVED_NIFTY_50_SESSION
SBICARD,daily,2017-09-01,2017-09-01,ABSENT_ON_OBSERVED_NIFTY_50_SESSION
SBICARD,daily,2017-09-04,2017-09-04,ABSENT_ON_OBSERVED_NIFTY_50_SESSION
SBICARD,daily,2017-09-05,2017-09-05,ABSENT_ON_OBSERVED_NIFTY_50_SESSION
SBICARD,daily,2017-09-06,2017-09-06,ABSENT_ON_OBSERVED_NIFTY_50_SESSION
SBICARD,daily,2017-09-07,2017-09-07,ABSENT_ON_OBSERVED_NIFTY_50_SESSION
SBICARD,daily,2017-09-08,2017-09-08,ABSENT_ON_OBSERVED_NIFTY_50_SESSION
SBICARD,daily,2017-09-11,2017-09-11,ABSENT_ON_OBSERVED_NIFTY_50_SESSION
SBICARD,daily,2017-09-12,2017-09-12,ABSENT_ON_OBSERVED_NIFTY_50_SESSION
SBICARD,daily,2017-09-13,2017-09-13,ABSENT_ON_OBSERVED_NIFTY_50_SESSION
SBICARD,daily,2017-09-14,2017-09-14,ABSENT_ON_OBSERVED_NIFTY_50_SESSION
SBICARD,daily,2017-09-15,2017-09-15,ABSENT_ON_OBSERVED_NIFTY_50_SESSION
SBICARD,daily,2017-09-18,2017-09-18,ABSENT_ON_OBSERVED_NIFTY_50_SESSION
SBICARD,daily,2017-09-19,2017-09-19,ABSENT_ON_OBSERVED_NIFTY_50_SESSION
SBICARD,daily,2017-09-20,2017-09-20,ABSENT_ON_OBSERVED_NIFTY_50_SESSION
SBICARD,daily,2017-09-21,2017-09-21,ABSENT_ON_OBSERVED_NIFTY_50_SESSION
SBICARD,daily,2017-09-22,2017-09-22,ABSENT_ON_OBSERVED_NIFTY_50_SESSION
SBICARD,daily,2017-09-25,2017-09-25,ABSENT_ON_OBSERVED_NIFTY_50_SESSION
SBICARD,daily,2017-09-26,2017-09-26,ABSENT_ON_OBSERVED_NIFTY_50_SESSION
SBICARD,daily,2017-09-27,2017-09-27,ABSENT_ON_OBSERVED_NIFTY_50_SESSION
SBICARD,daily,2017-09-28,2017-09-28,ABSENT_ON_OBSERVED_NIFTY_50_SESSION
SBICARD,daily,2017-09-29,2017-09-29,ABSENT_ON_OBSERVED_NIFTY_50_SESSION
SBICARD,daily,2017-10-03,2017-10-03,ABSENT_ON_OBSERVED_NIFTY_50_SESSION
SBICARD,daily,2017-10-04,2017-10-04,ABSENT_ON_OBSERVED_NIFTY_50_SESSION
SBICARD,daily,2017-10-05,2017-10-05,ABSENT_ON_OBSERVED_NIFTY_50_SESSION
SBICARD,daily,2017-10-06,2017-10-06,ABSENT_ON_OBSERVED_NIFTY_50_SESSION
SBICARD,daily,2017-10-09,2017-10-09,ABSENT_ON_OBSERVED_NIFTY_50_SESSION
SBICARD,daily,2017-10-10,2017-10-10,ABSENT_ON_OBSERVED_NIFTY_50_SESSION
SBICARD,daily,2017-10-11,2017-10-11,ABSENT_ON_OBSERVED_NIFTY_50_SESSION
SBICARD,daily,2017-10-12,2017-10-12,ABSENT_ON_OBSERVED_NIFTY_50_SESSION
SBICARD,daily,2017-10-13,2017-10-13,ABSENT_ON_OBSERVED_NIFTY_50_SESSION
SBICARD,daily,2017-10-16,2017-10-16,ABSENT_ON_OBSERVED_NIFTY_50_SESSION
SBICARD,daily,2017-10-17,2017-10-17,ABSENT_ON_OBSERVED_NIFTY_50_SESSION
SBICARD,daily,2017-10-18,2017-10-18,ABSENT_ON_OBSERVED_NIFTY_50_SESSION
SBICARD,daily,2017-10-19,2017-10-19,ABSENT_ON_OBSERVED_NIFTY_50_SESSION
SBICARD,daily,2017-10-23,2017-10-23,ABSENT_ON_OBSERVED_NIFTY_50_SESSION
SBICARD,daily,2017-10-24,2017-10-24,ABSENT_ON_OBSERVED_NIFTY_50_SESSION
SBICARD,daily,2017-10-25,2017-10-25,ABSENT_ON_OBSERVED_NIFTY_50_SESSION
SBICARD,daily,2017-10-26,2017-10-26,ABSENT_ON_OBSERVED_NIFTY_50_SESSION
SBICARD,daily,2017-10-27,2017-10-27,ABSENT_ON_OBSERVED_NIFTY_50_SESSION
SBICARD,daily,2017-10-30,2017-10-30,ABSENT_ON_OBSERVED_NIFTY_50_SESSION
SBICARD,daily,2017-10-31,2017-10-31,ABSENT_ON_OBSERVED_NIFTY_50_SESSION
SBICARD,daily,2017-11-01,2017-11-01,ABSENT_ON_OBSERVED_NIFTY_50_SESSION
SBICARD,daily,2017-11-02,2017-11-02,ABSENT_ON_OBSERVED_NIFTY_50_SESSION
SBICARD,daily,2017-11-03,2017-11-03,ABSENT_ON_OBSERVED_NIFTY_50_SESSION
SBICARD,daily,2017-11-06,2017-11-06,ABSENT_ON_OBSERVED_NIFTY_50_SESSION
SBICARD,daily,2017-11-07,2017-11-07,ABSENT_ON_OBSERVED_NIFTY_50_SESSION
SBICARD,daily,2017-11-08,2017-11-08,ABSENT_ON_OBSERVED_NIFTY_50_SESSION
SBICARD,daily,2017-11-09,2017-11-09,ABSENT_ON_OBSERVED_NIFTY_50_SESSION
SBICARD,daily,2017-11-10,2017-11-10,ABSENT_ON_OBSERVED_NIFTY_50_SESSION
SBICARD,daily,2017-11-13,2017-11-13,ABSENT_ON_OBSERVED_NIFTY_50_SESSION
SBICARD,daily,2017-11-14,2017-11-14,ABSENT_ON_OBSERVED_NIFTY_50_SESSION
SBICARD,daily,2017-11-15,2017-11-15,ABSENT_ON_OBSERVED_NIFTY_50_SESSION
SBICARD,daily,2017-11-16,2017-11-16,ABSENT_ON_OBSERVED_NIFTY_50_SESSION
SBICARD,daily,2017-11-17,2017-11-17,ABSENT_ON_OBSERVED_NIFTY_50_SESSION
SBICARD,daily,2017-11-20,2017-11-20,ABSENT_ON_OBSERVED_NIFTY_50_SESSION
SBICARD,daily,2017-11-21,2017-11-21,ABSENT_ON_OBSERVED_NIFTY_50_SESSION
SBICARD,daily,2017-11-22,2017-11-22,ABSENT_ON_OBSERVED_NIFTY_50_SESSION
SBICARD,daily,2017-11-23,2017-11-23,ABSENT_ON_OBSERVED_NIFTY_50_SESSION
SBICARD,daily,2017-11-24,2017-11-24,ABSENT_ON_OBSERVED_NIFTY_50_SESSION
SBICARD,daily,2017-11-27,2017-11-27,ABSENT_ON_OBSERVED_NIFTY_50_SESSION
SBICARD,daily,2017-11-28,2017-11-28,ABSENT_ON_OBSERVED_NIFTY_50_SESSION
SBICARD,daily,2017-11-29,2017-11-29,ABSENT_ON_OBSERVED_NIFTY_50_SESSION
SBICARD,daily,2017-11-30,2017-11-30,ABSENT_ON_OBSERVED_NIFTY_50_SESSION
SBICARD,daily,2017-12-01,2017-12-01,ABSENT_ON_OBSERVED_NIFTY_50_SESSION
SBICARD,daily,2017-12-04,2017-12-04,ABSENT_ON_OBSERVED_NIFTY_50_SESSION
SBICARD,daily,2017-12-05,2017-12-05,ABSENT_ON_OBSERVED_NIFTY_50_SESSION
SBICARD,daily,2017-12-06,2017-12-06,ABSENT_ON_OBSERVED_NIFTY_50_SESSION
SBICARD,daily,2017-12-07,2017-12-07,ABSENT_ON_OBSERVED_NIFTY_50_SESSION
SBICARD,daily,2017-12-08,2017-12-08,ABSENT_ON_OBSERVED_NIFTY_50_SESSION
SBICARD,daily,2017-12-11,2017-12-11,ABSENT_ON_OBSERVED_NIFTY_50_SESSION
SBICARD,daily,2017-12-12,2017-12-12,ABSENT_ON_OBSERVED_NIFTY_50_SESSION
SBICARD,daily,2017-12-13,2017-12-13,ABSENT_ON_OBSERVED_NIFTY_50_SESSION
SBICARD,daily,2017-12-14,2017-12-14,ABSENT_ON_OBSERVED_NIFTY_50_SESSION
SBICARD,daily,2017-12-15,2017-12-15,ABSENT_ON_OBSERVED_NIFTY_50_SESSION
SBICARD,daily,2017-12-18,2017-12-18,ABSENT_ON_OBSERVED_NIFTY_50_SESSION
SBICARD,daily,2017-12-19,2017-12-19,ABSENT_ON_OBSERVED_NIFTY_50_SESSION
SBICARD,daily,2017-12-20,2017-12-20,ABSENT_ON_OBSERVED_NIFTY_50_SESSION
SBICARD,daily,2017-12-21,2017-12-21,ABSENT_ON_OBSERVED_NIFTY_50_SESSION
SBICARD,daily,2017-12-22,2017-12-22,ABSENT_ON_OBSERVED_NIFTY_50_SESSION
SBICARD,daily,2017-12-26,2017-12-26,ABSENT_ON_OBSERVED_NIFTY_50_SESSION
SBICARD,daily,2017-12-27,2017-12-27,ABSENT_ON_OBSERVED_NIFTY_50_SESSION
SBICARD,daily,2017-12-28,2017-12-28,ABSENT_ON_OBSERVED_NIFTY_50_SESSION
SBICARD,daily,2017-12-29,2017-12-29,ABSENT_ON_OBSERVED_NIFTY_50_SESSION
SBICARD,daily,2018-01-01,2018-01-01,ABSENT_ON_OBSERVED_NIFTY_50_SESSION
SBICARD,daily,2018-01-02,2018-01-02,ABSENT_ON_OBSERVED_NIFTY_50_SESSION
SBICARD,daily,2018-01-03,2018-01-03,ABSENT_ON_OBSERVED_NIFTY_50_SESSION
SBICARD,daily,2018-01-04,2018-01-04,ABSENT_ON_OBSERVED_NIFTY_50_SESSION
SBICARD,daily,2018-01-05,2018-01-05,ABSENT_ON_OBSERVED_NIFTY_50_SESSION
SBICARD,daily,2018-01-08,2018-01-08,ABSENT_ON_OBSERVED_NIFTY_50_SESSION
SBICARD,daily,2018-01-09,2018-01-09,ABSENT_ON_OBSERVED_NIFTY_50_SESSION
SBICARD,daily,2018-01-10,2018-01-10,ABSENT_ON_OBSERVED_NIFTY_50_SESSION
SBICARD,daily,2018-01-11,2018-01-11,ABSENT_ON_OBSERVED_NIFTY_50_SESSION
SBICARD,daily,2018-01-12,2018-01-12,ABSENT_ON_OBSERVED_NIFTY_50_SESSION
SBICARD,daily,2018-01-15,2018-01-15,ABSENT_ON_OBSERVED_NIFTY_50_SESSION
SBICARD,daily,2018-01-16,2018-01-16,ABSENT_ON_OBSERVED_NIFTY_50_SESSION
SBICARD,daily,2018-01-17,2018-01-17,ABSENT_ON_OBSERVED_NIFTY_50_SESSION
SBICARD,daily,2018-01-18,2018-01-18,ABSENT_ON_OBSERVED_NIFTY_50_SESSION
SBICARD,daily,2018-01-19,2018-01-19,ABSENT_ON_OBSERVED_NIFTY_50_SESSION
SBICARD,daily,2018-01-22,2018-01-22,ABSENT_ON_OBSERVED_NIFTY_50_SESSION
SBICARD,daily,2018-01-23,2018-01-23,ABSENT_ON_OBSERVED_NIFTY_50_SESSION
SBICARD,daily,2018-01-24,2018-01-24,ABSENT_ON_OBSERVED_NIFTY_50_SESSION
SBICARD,daily,2018-01-25,2018-01-25,ABSENT_ON_OBSERVED_NIFTY_50_SESSION
SBICARD,daily,2018-01-29,2018-01-29,ABSENT_ON_OBSERVED_NIFTY_50_SESSION
SBICARD,daily,2018-01-30,2018-01-30,ABSENT_ON_OBSERVED_NIFTY_50_SESSION
SBICARD,daily,2018-01-31,2018-01-31,ABSENT_ON_OBSERVED_NIFTY_50_SESSION
SBICARD,daily,2018-02-01,2018-02-01,ABSENT_ON_OBSERVED_NIFTY_50_SESSION
SBICARD,daily,2018-02-02,2018-02-02,ABSENT_ON_OBSERVED_NIFTY_50_SESSION
SBICARD,daily,2018-02-05,2018-02-05,ABSENT_ON_OBSERVED_NIFTY_50_SESSION
SBICARD,daily,2018-02-06,2018-02-06,ABSENT_ON_OBSERVED_NIFTY_50_SESSION
SBICARD,daily,2018-02-07,2018-02-07,ABSENT_ON_OBSERVED_NIFTY_50_SESSION
SBICARD,daily,2018-02-08,2018-02-08,ABSENT_ON_OBSERVED_NIFTY_50_SESSION
SBICARD,daily,2018-02-09,2018-02-09,ABSENT_ON_OBSERVED_NIFTY_50_SESSION
SBICARD,daily,2018-02-12,2018-02-12,ABSENT_ON_OBSERVED_NIFTY_50_SESSION
SBICARD,daily,2018-02-14,2018-02-14,ABSENT_ON_OBSERVED_NIFTY_50_SESSION
SBICARD,daily,2018-02-15,2018-02-15,ABSENT_ON_OBSERVED_NIFTY_50_SESSION
SBICARD,daily,2018-02-16,2018-02-16,ABSENT_ON_OBSERVED_NIFTY_50_SESSION
SBICARD,daily,2018-02-19,2018-02-19,ABSENT_ON_OBSERVED_NIFTY_50_SESSION
SBICARD,daily,2018-02-20,2018-02-20,ABSENT_ON_OBSERVED_NIFTY_50_SESSION
SBICARD,daily,2018-02-21,2018-02-21,ABSENT_ON_OBSERVED_NIFTY_50_SESSION
SBICARD,daily,2018-02-22,2018-02-22,ABSENT_ON_OBSERVED_NIFTY_50_SESSION
SBICARD,daily,2018-02-23,2018-02-23,ABSENT_ON_OBSERVED_NIFTY_50_SESSION
SBICARD,daily,2018-02-26,2018-02-26,ABSENT_ON_OBSERVED_NIFTY_50_SESSION
SBICARD,daily,2018-02-27,2018-02-27,ABSENT_ON_OBSERVED_NIFTY_50_SESSION
SBICARD,daily,2018-02-28,2018-02-28,ABSENT_ON_OBSERVED_NIFTY_50_SESSION
SBICARD,daily,2018-03-01,2018-03-01,ABSENT_ON_OBSERVED_NIFTY_50_SESSION
SBICARD,daily,2018-03-05,2018-03-05,ABSENT_ON_OBSERVED_NIFTY_50_SESSION
SBICARD,daily,2018-03-06,2018-03-06,ABSENT_ON_OBSERVED_NIFTY_50_SESSION
SBICARD,daily,2018-03-07,2018-03-07,ABSENT_ON_OBSERVED_NIFTY_50_SESSION
SBICARD,daily,2018-03-08,2018-03-08,ABSENT_ON_OBSERVED_NIFTY_50_SESSION
SBICARD,daily,2018-03-09,2018-03-09,ABSENT_ON_OBSERVED_NIFTY_50_SESSION
SBICARD,daily,2018-03-12,2018-03-12,ABSENT_ON_OBSERVED_NIFTY_50_SESSION
SBICARD,daily,2018-03-13,2018-03-13,ABSENT_ON_OBSERVED_NIFTY_50_SESSION
SBICARD,daily,2018-03-14,2018-03-14,ABSENT_ON_OBSERVED_NIFTY_50_SESSION
SBICARD,daily,2018-03-15,2018-03-15,ABSENT_ON_OBSERVED_NIFTY_50_SESSION
SBICARD,daily,2018-03-16,2018-03-16,ABSENT_ON_OBSERVED_NIFTY_50_SESSION
SBICARD,daily,2018-03-19,2018-03-19,ABSENT_ON_OBSERVED_NIFTY_50_SESSION
SBICARD,daily,2018-03-20,2018-03-20,ABSENT_ON_OBSERVED_NIFTY_50_SESSION
SBICARD,daily,2018-03-21,2018-03-21,ABSENT_ON_OBSERVED_NIFTY_50_SESSION
SBICARD,daily,2018-03-22,2018-03-22,ABSENT_ON_OBSERVED_NIFTY_50_SESSION
SBICARD,daily,2018-03-23,2018-03-23,ABSENT_ON_OBSERVED_NIFTY_50_SESSION
SBICARD,daily,2018-03-26,2018-03-26,ABSENT_ON_OBSERVED_NIFTY_50_SESSION
SBICARD,daily,2018-03-27,2018-03-27,ABSENT_ON_OBSERVED_NIFTY_50_SESSION
SBICARD,daily,2018-03-28,2018-03-28,ABSENT_ON_OBSERVED_NIFTY_50_SESSION
SBICARD,daily,2018-04-02,2018-04-02,ABSENT_ON_OBSERVED_NIFTY_50_SESSION
SBICARD,daily,2018-04-03,2018-04-03,ABSENT_ON_OBSERVED_NIFTY_50_SESSION
SBICARD,daily,2018-04-04,2018-04-04,ABSENT_ON_OBSERVED_NIFTY_50_SESSION
SBICARD,daily,2018-04-05,2018-04-05,ABSENT_ON_OBSERVED_NIFTY_50_SESSION
SBICARD,daily,2018-04-06,2018-04-06,ABSENT_ON_OBSERVED_NIFTY_50_SESSION
SBICARD,daily,2018-04-09,2018-04-09,ABSENT_ON_OBSERVED_NIFTY_50_SESSION
SBICARD,daily,2018-04-10,2018-04-10,ABSENT_ON_OBSERVED_NIFTY_50_SESSION
SBICARD,daily,2018-04-11,2018-04-11,ABSENT_ON_OBSERVED_NIFTY_50_SESSION
SBICARD,daily,2018-04-12,2018-04-12,ABSENT_ON_OBSERVED_NIFTY_50_SESSION
SBICARD,daily,2018-04-13,2018-04-13,ABSENT_ON_OBSERVED_NIFTY_50_SESSION
SBICARD,daily,2018-04-16,2018-04-16,ABSENT_ON_OBSERVED_NIFTY_50_SESSION
SBICARD,daily,2018-04-17,2018-04-17,ABSENT_ON_OBSERVED_NIFTY_50_SESSION
SBICARD,daily,2018-04-18,2018-04-18,ABSENT_ON_OBSERVED_NIFTY_50_SESSION
SBICARD,daily,2018-04-19,2018-04-19,ABSENT_ON_OBSERVED_NIFTY_50_SESSION
SBICARD,daily,2018-04-20,2018-04-20,ABSENT_ON_OBSERVED_NIFTY_50_SESSION
SBICARD,daily,2018-04-23,2018-04-23,ABSENT_ON_OBSERVED_NIFTY_50_SESSION
SBICARD,daily,2018-04-24,2018-04-24,ABSENT_ON_OBSERVED_NIFTY_50_SESSION
SBICARD,daily,2018-04-25,2018-04-25,ABSENT_ON_OBSERVED_NIFTY_50_SESSION
SBICARD,daily,2018-04-26,2018-04-26,ABSENT_ON_OBSERVED_NIFTY_50_SESSION
SBICARD,daily,2018-04-27,2018-04-27,ABSENT_ON_OBSERVED_NIFTY_50_SESSION
SBICARD,daily,2018-04-30,2018-04-30,ABSENT_ON_OBSERVED_NIFTY_50_SESSION
SBICARD,daily,2018-05-02,2018-05-02,ABSENT_ON_OBSERVED_NIFTY_50_SESSION
SBICARD,daily,2018-05-03,2018-05-03,ABSENT_ON_OBSERVED_NIFTY_50_SESSION
SBICARD,daily,2018-05-04,2018-05-04,ABSENT_ON_OBSERVED_NIFTY_50_SESSION
SBICARD,daily,2018-05-07,2018-05-07,ABSENT_ON_OBSERVED_NIFTY_50_SESSION
SBICARD,daily,2018-05-08,2018-05-08,ABSENT_ON_OBSERVED_NIFTY_50_SESSION
SBICARD,daily,2018-05-09,2018-05-09,ABSENT_ON_OBSERVED_NIFTY_50_SESSION
SBICARD,daily,2018-05-10,2018-05-10,ABSENT_ON_OBSERVED_NIFTY_50_SESSION
SBICARD,daily,2018-05-11,2018-05-11,ABSENT_ON_OBSERVED_NIFTY_50_SESSION
SBICARD,daily,2018-05-14,2018-05-14,ABSENT_ON_OBSERVED_NIFTY_50_SESSION
SBICARD,daily,2018-05-15,2018-05-15,ABSENT_ON_OBSERVED_NIFTY_50_SESSION
SBICARD,daily,2018-05-16,2018-05-16,ABSENT_ON_OBSERVED_NIFTY_50_SESSION
SBICARD,daily,2018-05-17,2018-05-17,ABSENT_ON_OBSERVED_NIFTY_50_SESSION
SBICARD,daily,2018-05-18,2018-05-18,ABSENT_ON_OBSERVED_NIFTY_50_SESSION
SBICARD,daily,2018-05-21,2018-05-21,ABSENT_ON_OBSERVED_NIFTY_50_SESSION
SBICARD,daily,2018-05-22,2018-05-22,ABSENT_ON_OBSERVED_NIFTY_50_SESSION
SBICARD,daily,2018-05-23,2018-05-23,ABSENT_ON_OBSERVED_NIFTY_50_SESSION
SBICARD,daily,2018-05-24,2018-05-24,ABSENT_ON_OBSERVED_NIFTY_50_SESSION
SBICARD,daily,2018-05-25,2018-05-25,ABSENT_ON_OBSERVED_NIFTY_50_SESSION
SBICARD,daily,2018-05-28,2018-05-28,ABSENT_ON_OBSERVED_NIFTY_50_SESSION
SBICARD,daily,2018-05-29,2018-05-29,ABSENT_ON_OBSERVED_NIFTY_50_SESSION
SBICARD,daily,2018-05-30,2018-05-30,ABSENT_ON_OBSERVED_NIFTY_50_SESSION
SBICARD,daily,2018-05-31,2018-05-31,ABSENT_ON_OBSERVED_NIFTY_50_SESSION
SBICARD,daily,2018-06-01,2018-06-01,ABSENT_ON_OBSERVED_NIFTY_50_SESSION
SBICARD,daily,2018-06-04,2018-06-04,ABSENT_ON_OBSERVED_NIFTY_50_SESSION
SBICARD,daily,2018-06-05,2018-06-05,ABSENT_ON_OBSERVED_NIFTY_50_SESSION
SBICARD,daily,2018-06-06,2018-06-06,ABSENT_ON_OBSERVED_NIFTY_50_SESSION
SBICARD,daily,2018-06-07,2018-06-07,ABSENT_ON_OBSERVED_NIFTY_50_SESSION
SBICARD,daily,2018-06-08,2018-06-08,ABSENT_ON_OBSERVED_NIFTY_50_SESSION
SBICARD,daily,2018-06-11,2018-06-11,ABSENT_ON_OBSERVED_NIFTY_50_SESSION
SBICARD,daily,2018-06-12,2018-06-12,ABSENT_ON_OBSERVED_NIFTY_50_SESSION
SBICARD,daily,2018-06-13,2018-06-13,ABSENT_ON_OBSERVED_NIFTY_50_SESSION
SBICARD,daily,2018-06-14,2018-06-14,ABSENT_ON_OBSERVED_NIFTY_50_SESSION
SBICARD,daily,2018-06-15,2018-06-15,ABSENT_ON_OBSERVED_NIFTY_50_SESSION
SBICARD,daily,2018-06-18,2018-06-18,ABSENT_ON_OBSERVED_NIFTY_50_SESSION
SBICARD,daily,2018-06-19,2018-06-19,ABSENT_ON_OBSERVED_NIFTY_50_SESSION
SBICARD,daily,2018-06-20,2018-06-20,ABSENT_ON_OBSERVED_NIFTY_50_SESSION
SBICARD,daily,2018-06-21,2018-06-21,ABSENT_ON_OBSERVED_NIFTY_50_SESSION
SBICARD,daily,2018-06-22,2018-06-22,ABSENT_ON_OBSERVED_NIFTY_50_SESSION
SBICARD,daily,2018-06-25,2018-06-25,ABSENT_ON_OBSERVED_NIFTY_50_SESSION
SBICARD,daily,2018-06-26,2018-06-26,ABSENT_ON_OBSERVED_NIFTY_50_SESSION
SBICARD,daily,2018-06-27,2018-06-27,ABSENT_ON_OBSERVED_NIFTY_50_SESSION
SBICARD,daily,2018-06-28,2018-06-28,ABSENT_ON_OBSERVED_NIFTY_50_SESSION
SBICARD,daily,2018-06-29,2018-06-29,ABSENT_ON_OBSERVED_NIFTY_50_SESSION
SBICARD,daily,2018-07-02,2018-07-02,ABSENT_ON_OBSERVED_NIFTY_50_SESSION
SBICARD,daily,2018-07-03,2018-07-03,ABSENT_ON_OBSERVED_NIFTY_50_SESSION
SBICARD,daily,2018-07-04,2018-07-04,ABSENT_ON_OBSERVED_NIFTY_50_SESSION
SBICARD,daily,2018-07-05,2018-07-05,ABSENT_ON_OBSERVED_NIFTY_50_SESSION
SBICARD,daily,2018-07-06,2018-07-06,ABSENT_ON_OBSERVED_NIFTY_50_SESSION
SBICARD,daily,2018-07-09,2018-07-09,ABSENT_ON_OBSERVED_NIFTY_50_SESSION
SBICARD,daily,2018-07-10,2018-07-10,ABSENT_ON_OBSERVED_NIFTY_50_SESSION
SBICARD,daily,2018-07-11,2018-07-11,ABSENT_ON_OBSERVED_NIFTY_50_SESSION
SBICARD,daily,2018-07-12,2018-07-12,ABSENT_ON_OBSERVED_NIFTY_50_SESSION
SBICARD,daily,2018-07-13,2018-07-13,ABSENT_ON_OBSERVED_NIFTY_50_SESSION
SBICARD,daily,2018-07-16,2018-07-16,ABSENT_ON_OBSERVED_NIFTY_50_SESSION
SBICARD,daily,2018-07-17,2018-07-17,ABSENT_ON_OBSERVED_NIFTY_50_SESSION
SBICARD,daily,2018-07-18,2018-07-18,ABSENT_ON_OBSERVED_NIFTY_50_SESSION
SBICARD,daily,2018-07-19,2018-07-19,ABSENT_ON_OBSERVED_NIFTY_50_SESSION
SBICARD,daily,2018-07-20,2018-07-20,ABSENT_ON_OBSERVED_NIFTY_50_SESSION
SBICARD,daily,2018-07-23,2018-07-23,ABSENT_ON_OBSERVED_NIFTY_50_SESSION
SBICARD,daily,2018-07-24,2018-07-24,ABSENT_ON_OBSERVED_NIFTY_50_SESSION
SBICARD,daily,2018-07-25,2018-07-25,ABSENT_ON_OBSERVED_NIFTY_50_SESSION
SBICARD,daily,2018-07-26,2018-07-26,ABSENT_ON_OBSERVED_NIFTY_50_SESSION
SBICARD,daily,2018-07-27,2018-07-27,ABSENT_ON_OBSERVED_NIFTY_50_SESSION
SBICARD,daily,2018-07-30,2018-07-30,ABSENT_ON_OBSERVED_NIFTY_50_SESSION
SBICARD,daily,2018-07-31,2018-07-31,ABSENT_ON_OBSERVED_NIFTY_50_SESSION
SBICARD,daily,2018-08-01,2018-08-01,ABSENT_ON_OBSERVED_NIFTY_50_SESSION
SBICARD,daily,2018-08-02,2018-08-02,ABSENT_ON_OBSERVED_NIFTY_50_SESSION
SBICARD,daily,2018-08-03,2018-08-03,ABSENT_ON_OBSERVED_NIFTY_50_SESSION
SBICARD,daily,2018-08-06,2018-08-06,ABSENT_ON_OBSERVED_NIFTY_50_SESSION
SBICARD,daily,2018-08-07,2018-08-07,ABSENT_ON_OBSERVED_NIFTY_50_SESSION
SBICARD,daily,2018-08-08,2018-08-08,ABSENT_ON_OBSERVED_NIFTY_50_SESSION
SBICARD,daily,2018-08-09,2018-08-09,ABSENT_ON_OBSERVED_NIFTY_50_SESSION
SBICARD,daily,2018-08-10,2018-08-10,ABSENT_ON_OBSERVED_NIFTY_50_SESSION
SBICARD,daily,2018-08-13,2018-08-13,ABSENT_ON_OBSERVED_NIFTY_50_SESSION
SBICARD,daily,2018-08-14,2018-08-14,ABSENT_ON_OBSERVED_NIFTY_50_SESSION
SBICARD,daily,2018-08-16,2018-08-16,ABSENT_ON_OBSERVED_NIFTY_50_SESSION
SBICARD,daily,2018-08-17,2018-08-17,ABSENT_ON_OBSERVED_NIFTY_50_SESSION
SBICARD,daily,2018-08-20,2018-08-20,ABSENT_ON_OBSERVED_NIFTY_50_SESSION
SBICARD,daily,2018-08-21,2018-08-21,ABSENT_ON_OBSERVED_NIFTY_50_SESSION
SBICARD,daily,2018-08-23,2018-08-23,ABSENT_ON_OBSERVED_NIFTY_50_SESSION
SBICARD,daily,2018-08-24,2018-08-24,ABSENT_ON_OBSERVED_NIFTY_50_SESSION
SBICARD,daily,2018-08-27,2018-08-27,ABSENT_ON_OBSERVED_NIFTY_50_SESSION
SBICARD,daily,2018-08-28,2018-08-28,ABSENT_ON_OBSERVED_NIFTY_50_SESSION
SBICARD,daily,2018-08-29,2018-08-29,ABSENT_ON_OBSERVED_NIFTY_50_SESSION
SBICARD,daily,2018-08-30,2018-08-30,ABSENT_ON_OBSERVED_NIFTY_50_SESSION
SBICARD,daily,2018-08-31,2018-08-31,ABSENT_ON_OBSERVED_NIFTY_50_SESSION
SBICARD,daily,2018-09-03,2018-09-03,ABSENT_ON_OBSERVED_NIFTY_50_SESSION
SBICARD,daily,2018-09-04,2018-09-04,ABSENT_ON_OBSERVED_NIFTY_50_SESSION
SBICARD,daily,2018-09-05,2018-09-05,ABSENT_ON_OBSERVED_NIFTY_50_SESSION
SBICARD,daily,2018-09-06,2018-09-06,ABSENT_ON_OBSERVED_NIFTY_50_SESSION
SBICARD,daily,2018-09-07,2018-09-07,ABSENT_ON_OBSERVED_NIFTY_50_SESSION
SBICARD,daily,2018-09-10,2018-09-10,ABSENT_ON_OBSERVED_NIFTY_50_SESSION
SBICARD,daily,2018-09-11,2018-09-11,ABSENT_ON_OBSERVED_NIFTY_50_SESSION
SBICARD,daily,2018-09-12,2018-09-12,ABSENT_ON_OBSERVED_NIFTY_50_SESSION
SBICARD,daily,2018-09-14,2018-09-14,ABSENT_ON_OBSERVED_NIFTY_50_SESSION
SBICARD,daily,2018-09-17,2018-09-17,ABSENT_ON_OBSERVED_NIFTY_50_SESSION
SBICARD,daily,2018-09-18,2018-09-18,ABSENT_ON_OBSERVED_NIFTY_50_SESSION
SBICARD,daily,2018-09-19,2018-09-19,ABSENT_ON_OBSERVED_NIFTY_50_SESSION
SBICARD,daily,2018-09-21,2018-09-21,ABSENT_ON_OBSERVED_NIFTY_50_SESSION
SBICARD,daily,2018-09-24,2018-09-24,ABSENT_ON_OBSERVED_NIFTY_50_SESSION
SBICARD,daily,2018-09-25,2018-09-25,ABSENT_ON_OBSERVED_NIFTY_50_SESSION
SBICARD,daily,2018-09-26,2018-09-26,ABSENT_ON_OBSERVED_NIFTY_50_SESSION
SBICARD,daily,2018-09-27,2018-09-27,ABSENT_ON_OBSERVED_NIFTY_50_SESSION
SBICARD,daily,2018-09-28,2018-09-28,ABSENT_ON_OBSERVED_NIFTY_50_SESSION
SBICARD,daily,2018-10-01,2018-10-01,ABSENT_ON_OBSERVED_NIFTY_50_SESSION
SBICARD,daily,2018-10-03,2018-10-03,ABSENT_ON_OBSERVED_NIFTY_50_SESSION
SBICARD,daily,2018-10-04,2018-10-04,ABSENT_ON_OBSERVED_NIFTY_50_SESSION
SBICARD,daily,2018-10-05,2018-10-05,ABSENT_ON_OBSERVED_NIFTY_50_SESSION
SBICARD,daily,2018-10-08,2018-10-08,ABSENT_ON_OBSERVED_NIFTY_50_SESSION
SBICARD,daily,2018-10-09,2018-10-09,ABSENT_ON_OBSERVED_NIFTY_50_SESSION
SBICARD,daily,2018-10-10,2018-10-10,ABSENT_ON_OBSERVED_NIFTY_50_SESSION
SBICARD,daily,2018-10-11,2018-10-11,ABSENT_ON_OBSERVED_NIFTY_50_SESSION
SBICARD,daily,2018-10-12,2018-10-12,ABSENT_ON_OBSERVED_NIFTY_50_SESSION
SBICARD,daily,2018-10-15,2018-10-15,ABSENT_ON_OBSERVED_NIFTY_50_SESSION
SBICARD,daily,2018-10-16,2018-10-16,ABSENT_ON_OBSERVED_NIFTY_50_SESSION
SBICARD,daily,2018-10-17,2018-10-17,ABSENT_ON_OBSERVED_NIFTY_50_SESSION
SBICARD,daily,2018-10-19,2018-10-19,ABSENT_ON_OBSERVED_NIFTY_50_SESSION
SBICARD,daily,2018-10-22,2018-10-22,ABSENT_ON_OBSERVED_NIFTY_50_SESSION
SBICARD,daily,2018-10-23,2018-10-23,ABSENT_ON_OBSERVED_NIFTY_50_SESSION
SBICARD,daily,2018-10-24,2018-10-24,ABSENT_ON_OBSERVED_NIFTY_50_SESSION
SBICARD,daily,2018-10-25,2018-10-25,ABSENT_ON_OBSERVED_NIFTY_50_SESSION
SBICARD,daily,2018-10-26,2018-10-26,ABSENT_ON_OBSERVED_NIFTY_50_SESSION
SBICARD,daily,2018-10-29,2018-10-29,ABSENT_ON_OBSERVED_NIFTY_50_SESSION
SBICARD,daily,2018-10-30,2018-10-30,ABSENT_ON_OBSERVED_NIFTY_50_SESSION
SBICARD,daily,2018-10-31,2018-10-31,ABSENT_ON_OBSERVED_NIFTY_50_SESSION
SBICARD,daily,2018-11-01,2018-11-01,ABSENT_ON_OBSERVED_NIFTY_50_SESSION
SBICARD,daily,2018-11-02,2018-11-02,ABSENT_ON_OBSERVED_NIFTY_50_SESSION
SBICARD,daily,2018-11-05,2018-11-05,ABSENT_ON_OBSERVED_NIFTY_50_SESSION
SBICARD,daily,2018-11-06,2018-11-06,ABSENT_ON_OBSERVED_NIFTY_50_SESSION
SBICARD,daily,2018-11-07,2018-11-07,ABSENT_ON_OBSERVED_NIFTY_50_SESSION
SBICARD,daily,2018-11-09,2018-11-09,ABSENT_ON_OBSERVED_NIFTY_50_SESSION
SBICARD,daily,2018-11-12,2018-11-12,ABSENT_ON_OBSERVED_NIFTY_50_SESSION
SBICARD,daily,2018-11-13,2018-11-13,ABSENT_ON_OBSERVED_NIFTY_50_SESSION
SBICARD,daily,2018-11-14,2018-11-14,ABSENT_ON_OBSERVED_NIFTY_50_SESSION
SBICARD,daily,2018-11-15,2018-11-15,ABSENT_ON_OBSERVED_NIFTY_50_SESSION
SBICARD,daily,2018-11-16,2018-11-16,ABSENT_ON_OBSERVED_NIFTY_50_SESSION
SBICARD,daily,2018-11-19,2018-11-19,ABSENT_ON_OBSERVED_NIFTY_50_SESSION
SBICARD,daily,2018-11-20,2018-11-20,ABSENT_ON_OBSERVED_NIFTY_50_SESSION
SBICARD,daily,2018-11-21,2018-11-21,ABSENT_ON_OBSERVED_NIFTY_50_SESSION
SBICARD,daily,2018-11-22,2018-11-22,ABSENT_ON_OBSERVED_NIFTY_50_SESSION
SBICARD,daily,2018-11-26,2018-11-26,ABSENT_ON_OBSERVED_NIFTY_50_SESSION
SBICARD,daily,2018-11-27,2018-11-27,ABSENT_ON_OBSERVED_NIFTY_50_SESSION
SBICARD,daily,2018-11-28,2018-11-28,ABSENT_ON_OBSERVED_NIFTY_50_SESSION
SBICARD,daily,2018-11-29,2018-11-29,ABSENT_ON_OBSERVED_NIFTY_50_SESSION
SBICARD,daily,2018-11-30,2018-11-30,ABSENT_ON_OBSERVED_NIFTY_50_SESSION
SBICARD,daily,2018-12-03,2018-12-03,ABSENT_ON_OBSERVED_NIFTY_50_SESSION
SBICARD,daily,2018-12-04,2018-12-04,ABSENT_ON_OBSERVED_NIFTY_50_SESSION
SBICARD,daily,2018-12-05,2018-12-05,ABSENT_ON_OBSERVED_NIFTY_50_SESSION
SBICARD,daily,2018-12-06,2018-12-06,ABSENT_ON_OBSERVED_NIFTY_50_SESSION
SBICARD,daily,2018-12-07,2018-12-07,ABSENT_ON_OBSERVED_NIFTY_50_SESSION
SBICARD,daily,2018-12-10,2018-12-10,ABSENT_ON_OBSERVED_NIFTY_50_SESSION
SBICARD,daily,2018-12-11,2018-12-11,ABSENT_ON_OBSERVED_NIFTY_50_SESSION
SBICARD,daily,2018-12-12,2018-12-12,ABSENT_ON_OBSERVED_NIFTY_50_SESSION
SBICARD,daily,2018-12-13,2018-12-13,ABSENT_ON_OBSERVED_NIFTY_50_SESSION
SBICARD,daily,2018-12-14,2018-12-14,ABSENT_ON_OBSERVED_NIFTY_50_SESSION
SBICARD,daily,2018-12-17,2018-12-17,ABSENT_ON_OBSERVED_NIFTY_50_SESSION
SBICARD,daily,2018-12-18,2018-12-18,ABSENT_ON_OBSERVED_NIFTY_50_SESSION
SBICARD,daily,2018-12-19,2018-12-19,ABSENT_ON_OBSERVED_NIFTY_50_SESSION
SBICARD,daily,2018-12-20,2018-12-20,ABSENT_ON_OBSERVED_NIFTY_50_SESSION
SBICARD,daily,2018-12-21,2018-12-21,ABSENT_ON_OBSERVED_NIFTY_50_SESSION
SBICARD,daily,2018-12-24,2018-12-24,ABSENT_ON_OBSERVED_NIFTY_50_SESSION
SBICARD,daily,2018-12-26,2018-12-26,ABSENT_ON_OBSERVED_NIFTY_50_SESSION
SBICARD,daily,2018-12-27,2018-12-27,ABSENT_ON_OBSERVED_NIFTY_50_SESSION
SBICARD,daily,2018-12-28,2018-12-28,ABSENT_ON_OBSERVED_NIFTY_50_SESSION
SBICARD,daily,2018-12-31,2018-12-31,ABSENT_ON_OBSERVED_NIFTY_50_SESSION
SBICARD,daily,2019-01-01,2019-01-01,ABSENT_ON_OBSERVED_NIFTY_50_SESSION
SBICARD,daily,2019-01-02,2019-01-02,ABSENT_ON_OBSERVED_NIFTY_50_SESSION
SBICARD,daily,2019-01-03,2019-01-03,ABSENT_ON_OBSERVED_NIFTY_50_SESSION
SBICARD,daily,2019-01-04,2019-01-04,ABSENT_ON_OBSERVED_NIFTY_50_SESSION
SBICARD,daily,2019-01-07,2019-01-07,ABSENT_ON_OBSERVED_NIFTY_50_SESSION
SBICARD,daily,2019-01-08,2019-01-08,ABSENT_ON_OBSERVED_NIFTY_50_SESSION
SBICARD,daily,2019-01-09,2019-01-09,ABSENT_ON_OBSERVED_NIFTY_50_SESSION
SBICARD,daily,2019-01-10,2019-01-10,ABSENT_ON_OBSERVED_NIFTY_50_SESSION
SBICARD,daily,2019-01-11,2019-01-11,ABSENT_ON_OBSERVED_NIFTY_50_SESSION
SBICARD,daily,2019-01-14,2019-01-14,ABSENT_ON_OBSERVED_NIFTY_50_SESSION
SBICARD,daily,2019-01-15,2019-01-15,ABSENT_ON_OBSERVED_NIFTY_50_SESSION
SBICARD,daily,2019-01-16,2019-01-16,ABSENT_ON_OBSERVED_NIFTY_50_SESSION
SBICARD,daily,2019-01-17,2019-01-17,ABSENT_ON_OBSERVED_NIFTY_50_SESSION
SBICARD,daily,2019-01-18,2019-01-18,ABSENT_ON_OBSERVED_NIFTY_50_SESSION
SBICARD,daily,2019-01-21,2019-01-21,ABSENT_ON_OBSERVED_NIFTY_50_SESSION
SBICARD,daily,2019-01-22,2019-01-22,ABSENT_ON_OBSERVED_NIFTY_50_SESSION
SBICARD,daily,2019-01-23,2019-01-23,ABSENT_ON_OBSERVED_NIFTY_50_SESSION
SBICARD,daily,2019-01-24,2019-01-24,ABSENT_ON_OBSERVED_NIFTY_50_SESSION
SBICARD,daily,2019-01-25,2019-01-25,ABSENT_ON_OBSERVED_NIFTY_50_SESSION
SBICARD,daily,2019-01-28,2019-01-28,ABSENT_ON_OBSERVED_NIFTY_50_SESSION
SBICARD,daily,2019-01-29,2019-01-29,ABSENT_ON_OBSERVED_NIFTY_50_SESSION
SBICARD,daily,2019-01-30,2019-01-30,ABSENT_ON_OBSERVED_NIFTY_50_SESSION
SBICARD,daily,2019-01-31,2019-01-31,ABSENT_ON_OBSERVED_NIFTY_50_SESSION
SBICARD,daily,2019-02-01,2019-02-01,ABSENT_ON_OBSERVED_NIFTY_50_SESSION
SBICARD,daily,2019-02-04,2019-02-04,ABSENT_ON_OBSERVED_NIFTY_50_SESSION
SBICARD,daily,2019-02-05,2019-02-05,ABSENT_ON_OBSERVED_NIFTY_50_SESSION
SBICARD,daily,2019-02-06,2019-02-06,ABSENT_ON_OBSERVED_NIFTY_50_SESSION
SBICARD,daily,2019-02-07,2019-02-07,ABSENT_ON_OBSERVED_NIFTY_50_SESSION
SBICARD,daily,2019-02-08,2019-02-08,ABSENT_ON_OBSERVED_NIFTY_50_SESSION
SBICARD,daily,2019-02-11,2019-02-11,ABSENT_ON_OBSERVED_NIFTY_50_SESSION
SBICARD,daily,2019-02-12,2019-02-12,ABSENT_ON_OBSERVED_NIFTY_50_SESSION
SBICARD,daily,2019-02-13,2019-02-13,ABSENT_ON_OBSERVED_NIFTY_50_SESSION
SBICARD,daily,2019-02-14,2019-02-14,ABSENT_ON_OBSERVED_NIFTY_50_SESSION
SBICARD,daily,2019-02-15,2019-02-15,ABSENT_ON_OBSERVED_NIFTY_50_SESSION
SBICARD,daily,2019-02-18,2019-02-18,ABSENT_ON_OBSERVED_NIFTY_50_SESSION
SBICARD,daily,2019-02-19,2019-02-19,ABSENT_ON_OBSERVED_NIFTY_50_SESSION
SBICARD,daily,2019-02-20,2019-02-20,ABSENT_ON_OBSERVED_NIFTY_50_SESSION
SBICARD,daily,2019-02-21,2019-02-21,ABSENT_ON_OBSERVED_NIFTY_50_SESSION
SBICARD,daily,2019-02-22,2019-02-22,ABSENT_ON_OBSERVED_NIFTY_50_SESSION
SBICARD,daily,2019-02-25,2019-02-25,ABSENT_ON_OBSERVED_NIFTY_50_SESSION
SBICARD,daily,2019-02-26,2019-02-26,ABSENT_ON_OBSERVED_NIFTY_50_SESSION
SBICARD,daily,2019-02-27,2019-02-27,ABSENT_ON_OBSERVED_NIFTY_50_SESSION
SBICARD,daily,2019-02-28,2019-02-28,ABSENT_ON_OBSERVED_NIFTY_50_SESSION
SBICARD,daily,2019-03-01,2019-03-01,ABSENT_ON_OBSERVED_NIFTY_50_SESSION
SBICARD,daily,2019-03-05,2019-03-05,ABSENT_ON_OBSERVED_NIFTY_50_SESSION
SBICARD,daily,2019-03-06,2019-03-06,ABSENT_ON_OBSERVED_NIFTY_50_SESSION
SBICARD,daily,2019-03-07,2019-03-07,ABSENT_ON_OBSERVED_NIFTY_50_SESSION
SBICARD,daily,2019-03-08,2019-03-08,ABSENT_ON_OBSERVED_NIFTY_50_SESSION
SBICARD,daily,2019-03-11,2019-03-11,ABSENT_ON_OBSERVED_NIFTY_50_SESSION
SBICARD,daily,2019-03-12,2019-03-12,ABSENT_ON_OBSERVED_NIFTY_50_SESSION
SBICARD,daily,2019-03-13,2019-03-13,ABSENT_ON_OBSERVED_NIFTY_50_SESSION
SBICARD,daily,2019-03-14,2019-03-14,ABSENT_ON_OBSERVED_NIFTY_50_SESSION
SBICARD,daily,2019-03-15,2019-03-15,ABSENT_ON_OBSERVED_NIFTY_50_SESSION
SBICARD,daily,2019-03-18,2019-03-18,ABSENT_ON_OBSERVED_NIFTY_50_SESSION
SBICARD,daily,2019-03-19,2019-03-19,ABSENT_ON_OBSERVED_NIFTY_50_SESSION
SBICARD,daily,2019-03-20,2019-03-20,ABSENT_ON_OBSERVED_NIFTY_50_SESSION
SBICARD,daily,2019-03-22,2019-03-22,ABSENT_ON_OBSERVED_NIFTY_50_SESSION
SBICARD,daily,2019-03-25,2019-03-25,ABSENT_ON_OBSERVED_NIFTY_50_SESSION
SBICARD,daily,2019-03-26,2019-03-26,ABSENT_ON_OBSERVED_NIFTY_50_SESSION
SBICARD,daily,2019-03-27,2019-03-27,ABSENT_ON_OBSERVED_NIFTY_50_SESSION
SBICARD,daily,2019-03-28,2019-03-28,ABSENT_ON_OBSERVED_NIFTY_50_SESSION
SBICARD,daily,2019-03-29,2019-03-29,ABSENT_ON_OBSERVED_NIFTY_50_SESSION
SBICARD,daily,2019-04-01,2019-04-01,ABSENT_ON_OBSERVED_NIFTY_50_SESSION
SBICARD,daily,2019-04-02,2019-04-02,ABSENT_ON_OBSERVED_NIFTY_50_SESSION
SBICARD,daily,2019-04-03,2019-04-03,ABSENT_ON_OBSERVED_NIFTY_50_SESSION
SBICARD,daily,2019-04-04,2019-04-04,ABSENT_ON_OBSERVED_NIFTY_50_SESSION
SBICARD,daily,2019-04-05,2019-04-05,ABSENT_ON_OBSERVED_NIFTY_50_SESSION
SBICARD,daily,2019-04-08,2019-04-08,ABSENT_ON_OBSERVED_NIFTY_50_SESSION
SBICARD,daily,2019-04-09,2019-04-09,ABSENT_ON_OBSERVED_NIFTY_50_SESSION
SBICARD,daily,2019-04-10,2019-04-10,ABSENT_ON_OBSERVED_NIFTY_50_SESSION
SBICARD,daily,2019-04-11,2019-04-11,ABSENT_ON_OBSERVED_NIFTY_50_SESSION
SBICARD,daily,2019-04-12,2019-04-12,ABSENT_ON_OBSERVED_NIFTY_50_SESSION
SBICARD,daily,2019-04-15,2019-04-15,ABSENT_ON_OBSERVED_NIFTY_50_SESSION
SBICARD,daily,2019-04-16,2019-04-16,ABSENT_ON_OBSERVED_NIFTY_50_SESSION
SBICARD,daily,2019-04-18,2019-04-18,ABSENT_ON_OBSERVED_NIFTY_50_SESSION
SBICARD,daily,2019-04-22,2019-04-22,ABSENT_ON_OBSERVED_NIFTY_50_SESSION
SBICARD,daily,2019-04-23,2019-04-23,ABSENT_ON_OBSERVED_NIFTY_50_SESSION
SBICARD,daily,2019-04-24,2019-04-24,ABSENT_ON_OBSERVED_NIFTY_50_SESSION
SBICARD,daily,2019-04-25,2019-04-25,ABSENT_ON_OBSERVED_NIFTY_50_SESSION
SBICARD,daily,2019-04-26,2019-04-26,ABSENT_ON_OBSERVED_NIFTY_50_SESSION
SBICARD,daily,2019-04-30,2019-04-30,ABSENT_ON_OBSERVED_NIFTY_50_SESSION
SBICARD,daily,2019-05-02,2019-05-02,ABSENT_ON_OBSERVED_NIFTY_50_SESSION
SBICARD,daily,2019-05-03,2019-05-03,ABSENT_ON_OBSERVED_NIFTY_50_SESSION
SBICARD,daily,2019-05-06,2019-05-06,ABSENT_ON_OBSERVED_NIFTY_50_SESSION
SBICARD,daily,2019-05-07,2019-05-07,ABSENT_ON_OBSERVED_NIFTY_50_SESSION
SBICARD,daily,2019-05-08,2019-05-08,ABSENT_ON_OBSERVED_NIFTY_50_SESSION
SBICARD,daily,2019-05-09,2019-05-09,ABSENT_ON_OBSERVED_NIFTY_50_SESSION
SBICARD,daily,2019-05-10,2019-05-10,ABSENT_ON_OBSERVED_NIFTY_50_SESSION
SBICARD,daily,2019-05-13,2019-05-13,ABSENT_ON_OBSERVED_NIFTY_50_SESSION
SBICARD,daily,2019-05-14,2019-05-14,ABSENT_ON_OBSERVED_NIFTY_50_SESSION
SBICARD,daily,2019-05-15,2019-05-15,ABSENT_ON_OBSERVED_NIFTY_50_SESSION
SBICARD,daily,2019-05-16,2019-05-16,ABSENT_ON_OBSERVED_NIFTY_50_SESSION
SBICARD,daily,2019-05-17,2019-05-17,ABSENT_ON_OBSERVED_NIFTY_50_SESSION
SBICARD,daily,2019-05-20,2019-05-20,ABSENT_ON_OBSERVED_NIFTY_50_SESSION
SBICARD,daily,2019-05-21,2019-05-21,ABSENT_ON_OBSERVED_NIFTY_50_SESSION
SBICARD,daily,2019-05-22,2019-05-22,ABSENT_ON_OBSERVED_NIFTY_50_SESSION
SBICARD,daily,2019-05-23,2019-05-23,ABSENT_ON_OBSERVED_NIFTY_50_SESSION
SBICARD,daily,2019-05-24,2019-05-24,ABSENT_ON_OBSERVED_NIFTY_50_SESSION
SBICARD,daily,2019-05-27,2019-05-27,ABSENT_ON_OBSERVED_NIFTY_50_SESSION
SBICARD,daily,2019-05-28,2019-05-28,ABSENT_ON_OBSERVED_NIFTY_50_SESSION
SBICARD,daily,2019-05-29,2019-05-29,ABSENT_ON_OBSERVED_NIFTY_50_SESSION
SBICARD,daily,2019-05-30,2019-05-30,ABSENT_ON_OBSERVED_NIFTY_50_SESSION
SBICARD,daily,2019-05-31,2019-05-31,ABSENT_ON_OBSERVED_NIFTY_50_SESSION
SBICARD,daily,2019-06-03,2019-06-03,ABSENT_ON_OBSERVED_NIFTY_50_SESSION
SBICARD,daily,2019-06-04,2019-06-04,ABSENT_ON_OBSERVED_NIFTY_50_SESSION
SBICARD,daily,2019-06-06,2019-06-06,ABSENT_ON_OBSERVED_NIFTY_50_SESSION
SBICARD,daily,2019-06-07,2019-06-07,ABSENT_ON_OBSERVED_NIFTY_50_SESSION
SBICARD,daily,2019-06-10,2019-06-10,ABSENT_ON_OBSERVED_NIFTY_50_SESSION
SBICARD,daily,2019-06-11,2019-06-11,ABSENT_ON_OBSERVED_NIFTY_50_SESSION
SBICARD,daily,2019-06-12,2019-06-12,ABSENT_ON_OBSERVED_NIFTY_50_SESSION
SBICARD,daily,2019-06-13,2019-06-13,ABSENT_ON_OBSERVED_NIFTY_50_SESSION
SBICARD,daily,2019-06-14,2019-06-14,ABSENT_ON_OBSERVED_NIFTY_50_SESSION
SBICARD,daily,2019-06-17,2019-06-17,ABSENT_ON_OBSERVED_NIFTY_50_SESSION
SBICARD,daily,2019-06-18,2019-06-18,ABSENT_ON_OBSERVED_NIFTY_50_SESSION
SBICARD,daily,2019-06-19,2019-06-19,ABSENT_ON_OBSERVED_NIFTY_50_SESSION
SBICARD,daily,2019-06-20,2019-06-20,ABSENT_ON_OBSERVED_NIFTY_50_SESSION
SBICARD,daily,2019-06-21,2019-06-21,ABSENT_ON_OBSERVED_NIFTY_50_SESSION
SBICARD,daily,2019-06-24,2019-06-24,ABSENT_ON_OBSERVED_NIFTY_50_SESSION
SBICARD,daily,2019-06-25,2019-06-25,ABSENT_ON_OBSERVED_NIFTY_50_SESSION
SBICARD,daily,2019-06-26,2019-06-26,ABSENT_ON_OBSERVED_NIFTY_50_SESSION
SBICARD,daily,2019-06-27,2019-06-27,ABSENT_ON_OBSERVED_NIFTY_50_SESSION
SBICARD,daily,2019-06-28,2019-06-28,ABSENT_ON_OBSERVED_NIFTY_50_SESSION
SBICARD,daily,2019-07-01,2019-07-01,ABSENT_ON_OBSERVED_NIFTY_50_SESSION
SBICARD,daily,2019-07-02,2019-07-02,ABSENT_ON_OBSERVED_NIFTY_50_SESSION
SBICARD,daily,2019-07-03,2019-07-03,ABSENT_ON_OBSERVED_NIFTY_50_SESSION
SBICARD,daily,2019-07-04,2019-07-04,ABSENT_ON_OBSERVED_NIFTY_50_SESSION
SBICARD,daily,2019-07-05,2019-07-05,ABSENT_ON_OBSERVED_NIFTY_50_SESSION
SBICARD,daily,2019-07-08,2019-07-08,ABSENT_ON_OBSERVED_NIFTY_50_SESSION
SBICARD,daily,2019-07-09,2019-07-09,ABSENT_ON_OBSERVED_NIFTY_50_SESSION
SBICARD,daily,2019-07-10,2019-07-10,ABSENT_ON_OBSERVED_NIFTY_50_SESSION
SBICARD,daily,2019-07-11,2019-07-11,ABSENT_ON_OBSERVED_NIFTY_50_SESSION
SBICARD,daily,2019-07-12,2019-07-12,ABSENT_ON_OBSERVED_NIFTY_50_SESSION
SBICARD,daily,2019-07-15,2019-07-15,ABSENT_ON_OBSERVED_NIFTY_50_SESSION
SBICARD,daily,2019-07-16,2019-07-16,ABSENT_ON_OBSERVED_NIFTY_50_SESSION
SBICARD,daily,2019-07-17,2019-07-17,ABSENT_ON_OBSERVED_NIFTY_50_SESSION
SBICARD,daily,2019-07-18,2019-07-18,ABSENT_ON_OBSERVED_NIFTY_50_SESSION
SBICARD,daily,2019-07-19,2019-07-19,ABSENT_ON_OBSERVED_NIFTY_50_SESSION
SBICARD,daily,2019-07-22,2019-07-22,ABSENT_ON_OBSERVED_NIFTY_50_SESSION
SBICARD,daily,2019-07-23,2019-07-23,ABSENT_ON_OBSERVED_NIFTY_50_SESSION
SBICARD,daily,2019-07-24,2019-07-24,ABSENT_ON_OBSERVED_NIFTY_50_SESSION
SBICARD,daily,2019-07-25,2019-07-25,ABSENT_ON_OBSERVED_NIFTY_50_SESSION
SBICARD,daily,2019-07-26,2019-07-26,ABSENT_ON_OBSERVED_NIFTY_50_SESSION
SBICARD,daily,2019-07-29,2019-07-29,ABSENT_ON_OBSERVED_NIFTY_50_SESSION
SBICARD,daily,2019-07-30,2019-07-30,ABSENT_ON_OBSERVED_NIFTY_50_SESSION
SBICARD,daily,2019-07-31,2019-07-31,ABSENT_ON_OBSERVED_NIFTY_50_SESSION
SBICARD,daily,2019-08-01,2019-08-01,ABSENT_ON_OBSERVED_NIFTY_50_SESSION
SBICARD,daily,2019-08-02,2019-08-02,ABSENT_ON_OBSERVED_NIFTY_50_SESSION
SBICARD,daily,2019-08-05,2019-08-05,ABSENT_ON_OBSERVED_NIFTY_50_SESSION
SBICARD,daily,2019-08-06,2019-08-06,ABSENT_ON_OBSERVED_NIFTY_50_SESSION
SBICARD,daily,2019-08-07,2019-08-07,ABSENT_ON_OBSERVED_NIFTY_50_SESSION
SBICARD,daily,2019-08-08,2019-08-08,ABSENT_ON_OBSERVED_NIFTY_50_SESSION
SBICARD,daily,2019-08-09,2019-08-09,ABSENT_ON_OBSERVED_NIFTY_50_SESSION
SBICARD,daily,2019-08-13,2019-08-13,ABSENT_ON_OBSERVED_NIFTY_50_SESSION
SBICARD,daily,2019-08-14,2019-08-14,ABSENT_ON_OBSERVED_NIFTY_50_SESSION
SBICARD,daily,2019-08-16,2019-08-16,ABSENT_ON_OBSERVED_NIFTY_50_SESSION
SBICARD,daily,2019-08-19,2019-08-19,ABSENT_ON_OBSERVED_NIFTY_50_SESSION
SBICARD,daily,2019-08-20,2019-08-20,ABSENT_ON_OBSERVED_NIFTY_50_SESSION
SBICARD,daily,2019-08-21,2019-08-21,ABSENT_ON_OBSERVED_NIFTY_50_SESSION
SBICARD,daily,2019-08-22,2019-08-22,ABSENT_ON_OBSERVED_NIFTY_50_SESSION
SBICARD,daily,2019-08-23,2019-08-23,ABSENT_ON_OBSERVED_NIFTY_50_SESSION
SBICARD,daily,2019-08-26,2019-08-26,ABSENT_ON_OBSERVED_NIFTY_50_SESSION
SBICARD,daily,2019-08-27,2019-08-27,ABSENT_ON_OBSERVED_NIFTY_50_SESSION
SBICARD,daily,2019-08-28,2019-08-28,ABSENT_ON_OBSERVED_NIFTY_50_SESSION
SBICARD,daily,2019-08-29,2019-08-29,ABSENT_ON_OBSERVED_NIFTY_50_SESSION
SBICARD,daily,2019-08-30,2019-08-30,ABSENT_ON_OBSERVED_NIFTY_50_SESSION
SBICARD,daily,2019-09-03,2019-09-03,ABSENT_ON_OBSERVED_NIFTY_50_SESSION
SBICARD,daily,2019-09-04,2019-09-04,ABSENT_ON_OBSERVED_NIFTY_50_SESSION
SBICARD,daily,2019-09-05,2019-09-05,ABSENT_ON_OBSERVED_NIFTY_50_SESSION
SBICARD,daily,2019-09-06,2019-09-06,ABSENT_ON_OBSERVED_NIFTY_50_SESSION
SBICARD,daily,2019-09-09,2019-09-09,ABSENT_ON_OBSERVED_NIFTY_50_SESSION
SBICARD,daily,2019-09-11,2019-09-11,ABSENT_ON_OBSERVED_NIFTY_50_SESSION
SBICARD,daily,2019-09-12,2019-09-12,ABSENT_ON_OBSERVED_NIFTY_50_SESSION
SBICARD,daily,2019-09-13,2019-09-13,ABSENT_ON_OBSERVED_NIFTY_50_SESSION
SBICARD,daily,2019-09-16,2019-09-16,ABSENT_ON_OBSERVED_NIFTY_50_SESSION
SBICARD,daily,2019-09-17,2019-09-17,ABSENT_ON_OBSERVED_NIFTY_50_SESSION
SBICARD,daily,2019-09-18,2019-09-18,ABSENT_ON_OBSERVED_NIFTY_50_SESSION
SBICARD,daily,2019-09-19,2019-09-19,ABSENT_ON_OBSERVED_NIFTY_50_SESSION
SBICARD,daily,2019-09-20,2019-09-20,ABSENT_ON_OBSERVED_NIFTY_50_SESSION
SBICARD,daily,2019-09-23,2019-09-23,ABSENT_ON_OBSERVED_NIFTY_50_SESSION
SBICARD,daily,2019-09-24,2019-09-24,ABSENT_ON_OBSERVED_NIFTY_50_SESSION
SBICARD,daily,2019-09-25,2019-09-25,ABSENT_ON_OBSERVED_NIFTY_50_SESSION
SBICARD,daily,2019-09-26,2019-09-26,ABSENT_ON_OBSERVED_NIFTY_50_SESSION
SBICARD,daily,2019-09-27,2019-09-27,ABSENT_ON_OBSERVED_NIFTY_50_SESSION
SBICARD,daily,2019-09-30,2019-09-30,ABSENT_ON_OBSERVED_NIFTY_50_SESSION
SBICARD,daily,2019-10-01,2019-10-01,ABSENT_ON_OBSERVED_NIFTY_50_SESSION
SBICARD,daily,2019-10-03,2019-10-03,ABSENT_ON_OBSERVED_NIFTY_50_SESSION
SBICARD,daily,2019-10-04,2019-10-04,ABSENT_ON_OBSERVED_NIFTY_50_SESSION
SBICARD,daily,2019-10-07,2019-10-07,ABSENT_ON_OBSERVED_NIFTY_50_SESSION
SBICARD,daily,2019-10-09,2019-10-09,ABSENT_ON_OBSERVED_NIFTY_50_SESSION
SBICARD,daily,2019-10-10,2019-10-10,ABSENT_ON_OBSERVED_NIFTY_50_SESSION
SBICARD,daily,2019-10-11,2019-10-11,ABSENT_ON_OBSERVED_NIFTY_50_SESSION
SBICARD,daily,2019-10-14,2019-10-14,ABSENT_ON_OBSERVED_NIFTY_50_SESSION
SBICARD,daily,2019-10-15,2019-10-15,ABSENT_ON_OBSERVED_NIFTY_50_SESSION
SBICARD,daily,2019-10-16,2019-10-16,ABSENT_ON_OBSERVED_NIFTY_50_SESSION
SBICARD,daily,2019-10-17,2019-10-17,ABSENT_ON_OBSERVED_NIFTY_50_SESSION
SBICARD,daily,2019-10-18,2019-10-18,ABSENT_ON_OBSERVED_NIFTY_50_SESSION
SBICARD,daily,2019-10-22,2019-10-22,ABSENT_ON_OBSERVED_NIFTY_50_SESSION
SBICARD,daily,2019-10-23,2019-10-23,ABSENT_ON_OBSERVED_NIFTY_50_SESSION
SBICARD,daily,2019-10-24,2019-10-24,ABSENT_ON_OBSERVED_NIFTY_50_SESSION
SBICARD,daily,2019-10-25,2019-10-25,ABSENT_ON_OBSERVED_NIFTY_50_SESSION
SBICARD,daily,2019-10-27,2019-10-27,ABSENT_ON_OBSERVED_NIFTY_50_SESSION
SBICARD,daily,2019-10-29,2019-10-29,ABSENT_ON_OBSERVED_NIFTY_50_SESSION
SBICARD,daily,2019-10-30,2019-10-30,ABSENT_ON_OBSERVED_NIFTY_50_SESSION
SBICARD,daily,2019-10-31,2019-10-31,ABSENT_ON_OBSERVED_NIFTY_50_SESSION
SBICARD,daily,2019-11-01,2019-11-01,ABSENT_ON_OBSERVED_NIFTY_50_SESSION
SBICARD,daily,2019-11-04,2019-11-04,ABSENT_ON_OBSERVED_NIFTY_50_SESSION
SBICARD,daily,2019-11-05,2019-11-05,ABSENT_ON_OBSERVED_NIFTY_50_SESSION
SBICARD,daily,2019-11-06,2019-11-06,ABSENT_ON_OBSERVED_NIFTY_50_SESSION
SBICARD,daily,2019-11-07,2019-11-07,ABSENT_ON_OBSERVED_NIFTY_50_SESSION
SBICARD,daily,2019-11-08,2019-11-08,ABSENT_ON_OBSERVED_NIFTY_50_SESSION
SBICARD,daily,2019-11-11,2019-11-11,ABSENT_ON_OBSERVED_NIFTY_50_SESSION
SBICARD,daily,2019-11-13,2019-11-13,ABSENT_ON_OBSERVED_NIFTY_50_SESSION
SBICARD,daily,2019-11-14,2019-11-14,ABSENT_ON_OBSERVED_NIFTY_50_SESSION
SBICARD,daily,2019-11-15,2019-11-15,ABSENT_ON_OBSERVED_NIFTY_50_SESSION
SBICARD,daily,2019-11-18,2019-11-18,ABSENT_ON_OBSERVED_NIFTY_50_SESSION
SBICARD,daily,2019-11-19,2019-11-19,ABSENT_ON_OBSERVED_NIFTY_50_SESSION
SBICARD,daily,2019-11-20,2019-11-20,ABSENT_ON_OBSERVED_NIFTY_50_SESSION
SBICARD,daily,2019-11-21,2019-11-21,ABSENT_ON_OBSERVED_NIFTY_50_SESSION
SBICARD,daily,2019-11-22,2019-11-22,ABSENT_ON_OBSERVED_NIFTY_50_SESSION
SBICARD,daily,2019-11-25,2019-11-25,ABSENT_ON_OBSERVED_NIFTY_50_SESSION
SBICARD,daily,2019-11-26,2019-11-26,ABSENT_ON_OBSERVED_NIFTY_50_SESSION
SBICARD,daily,2019-11-27,2019-11-27,ABSENT_ON_OBSERVED_NIFTY_50_SESSION
SBICARD,daily,2019-11-28,2019-11-28,ABSENT_ON_OBSERVED_NIFTY_50_SESSION
SBICARD,daily,2019-11-29,2019-11-29,ABSENT_ON_OBSERVED_NIFTY_50_SESSION
SBICARD,daily,2019-12-02,2019-12-02,ABSENT_ON_OBSERVED_NIFTY_50_SESSION
SBICARD,daily,2019-12-03,2019-12-03,ABSENT_ON_OBSERVED_NIFTY_50_SESSION
SBICARD,daily,2019-12-04,2019-12-04,ABSENT_ON_OBSERVED_NIFTY_50_SESSION
SBICARD,daily,2019-12-05,2019-12-05,ABSENT_ON_OBSERVED_NIFTY_50_SESSION
SBICARD,daily,2019-12-06,2019-12-06,ABSENT_ON_OBSERVED_NIFTY_50_SESSION
SBICARD,daily,2019-12-09,2019-12-09,ABSENT_ON_OBSERVED_NIFTY_50_SESSION
SBICARD,daily,2019-12-10,2019-12-10,ABSENT_ON_OBSERVED_NIFTY_50_SESSION
SBICARD,daily,2019-12-11,2019-12-11,ABSENT_ON_OBSERVED_NIFTY_50_SESSION
SBICARD,daily,2019-12-12,2019-12-12,ABSENT_ON_OBSERVED_NIFTY_50_SESSION
SBICARD,daily,2019-12-13,2019-12-13,ABSENT_ON_OBSERVED_NIFTY_50_SESSION
SBICARD,daily,2019-12-16,2019-12-16,ABSENT_ON_OBSERVED_NIFTY_50_SESSION
SBICARD,daily,2019-12-17,2019-12-17,ABSENT_ON_OBSERVED_NIFTY_50_SESSION
SBICARD,daily,2019-12-18,2019-12-18,ABSENT_ON_OBSERVED_NIFTY_50_SESSION
SBICARD,daily,2019-12-19,2019-12-19,ABSENT_ON_OBSERVED_NIFTY_50_SESSION
SBICARD,daily,2019-12-20,2019-12-20,ABSENT_ON_OBSERVED_NIFTY_50_SESSION
SBICARD,daily,2019-12-23,2019-12-23,ABSENT_ON_OBSERVED_NIFTY_50_SESSION
SBICARD,daily,2019-12-24,2019-12-24,ABSENT_ON_OBSERVED_NIFTY_50_SESSION
SBICARD,daily,2019-12-26,2019-12-26,ABSENT_ON_OBSERVED_NIFTY_50_SESSION
SBICARD,daily,2019-12-27,2019-12-27,ABSENT_ON_OBSERVED_NIFTY_50_SESSION
SBICARD,daily,2019-12-30,2019-12-30,ABSENT_ON_OBSERVED_NIFTY_50_SESSION
SBICARD,daily,2019-12-31,2019-12-31,ABSENT_ON_OBSERVED_NIFTY_50_SESSION
SBICARD,daily,2020-01-01,2020-01-01,ABSENT_ON_OBSERVED_NIFTY_50_SESSION
SBICARD,daily,2020-01-02,2020-01-02,ABSENT_ON_OBSERVED_NIFTY_50_SESSION
SBICARD,daily,2020-01-03,2020-01-03,ABSENT_ON_OBSERVED_NIFTY_50_SESSION
SBICARD,daily,2020-01-06,2020-01-06,ABSENT_ON_OBSERVED_NIFTY_50_SESSION
SBICARD,daily,2020-01-07,2020-01-07,ABSENT_ON_OBSERVED_NIFTY_50_SESSION
SBICARD,daily,2020-01-08,2020-01-08,ABSENT_ON_OBSERVED_NIFTY_50_SESSION
SBICARD,daily,2020-01-09,2020-01-09,ABSENT_ON_OBSERVED_NIFTY_50_SESSION
SBICARD,daily,2020-01-10,2020-01-10,ABSENT_ON_OBSERVED_NIFTY_50_SESSION
SBICARD,daily,2020-01-13,2020-01-13,ABSENT_ON_OBSERVED_NIFTY_50_SESSION
SBICARD,daily,2020-01-14,2020-01-14,ABSENT_ON_OBSERVED_NIFTY_50_SESSION
SBICARD,daily,2020-01-15,2020-01-15,ABSENT_ON_OBSERVED_NIFTY_50_SESSION
SBICARD,daily,2020-01-16,2020-01-16,ABSENT_ON_OBSERVED_NIFTY_50_SESSION
SBICARD,daily,2020-01-17,2020-01-17,ABSENT_ON_OBSERVED_NIFTY_50_SESSION
SBICARD,daily,2020-01-20,2020-01-20,ABSENT_ON_OBSERVED_NIFTY_50_SESSION
SBICARD,daily,2020-01-21,2020-01-21,ABSENT_ON_OBSERVED_NIFTY_50_SESSION
SBICARD,daily,2020-01-22,2020-01-22,ABSENT_ON_OBSERVED_NIFTY_50_SESSION
SBICARD,daily,2020-01-23,2020-01-23,ABSENT_ON_OBSERVED_NIFTY_50_SESSION
SBICARD,daily,2020-01-24,2020-01-24,ABSENT_ON_OBSERVED_NIFTY_50_SESSION
SBICARD,daily,2020-01-27,2020-01-27,ABSENT_ON_OBSERVED_NIFTY_50_SESSION
SBICARD,daily,2020-01-28,2020-01-28,ABSENT_ON_OBSERVED_NIFTY_50_SESSION
SBICARD,daily,2020-01-29,2020-01-29,ABSENT_ON_OBSERVED_NIFTY_50_SESSION
SBICARD,daily,2020-01-30,2020-01-30,ABSENT_ON_OBSERVED_NIFTY_50_SESSION
SBICARD,daily,2020-01-31,2020-01-31,ABSENT_ON_OBSERVED_NIFTY_50_SESSION
SBICARD,daily,2020-02-01,2020-02-01,ABSENT_ON_OBSERVED_NIFTY_50_SESSION
SBICARD,daily,2020-02-03,2020-02-03,ABSENT_ON_OBSERVED_NIFTY_50_SESSION
SBICARD,daily,2020-02-04,2020-02-04,ABSENT_ON_OBSERVED_NIFTY_50_SESSION
SBICARD,daily,2020-02-05,2020-02-05,ABSENT_ON_OBSERVED_NIFTY_50_SESSION
SBICARD,daily,2020-02-06,2020-02-06,ABSENT_ON_OBSERVED_NIFTY_50_SESSION
SBICARD,daily,2020-02-07,2020-02-07,ABSENT_ON_OBSERVED_NIFTY_50_SESSION
SBICARD,daily,2020-02-10,2020-02-10,ABSENT_ON_OBSERVED_NIFTY_50_SESSION
SBICARD,daily,2020-02-11,2020-02-11,ABSENT_ON_OBSERVED_NIFTY_50_SESSION
SBICARD,daily,2020-02-12,2020-02-12,ABSENT_ON_OBSERVED_NIFTY_50_SESSION
SBICARD,daily,2020-02-13,2020-02-13,ABSENT_ON_OBSERVED_NIFTY_50_SESSION
SBICARD,daily,2020-02-14,2020-02-14,ABSENT_ON_OBSERVED_NIFTY_50_SESSION
SBICARD,daily,2020-02-17,2020-02-17,ABSENT_ON_OBSERVED_NIFTY_50_SESSION
SBICARD,daily,2020-02-18,2020-02-18,ABSENT_ON_OBSERVED_NIFTY_50_SESSION
SBICARD,daily,2020-02-19,2020-02-19,ABSENT_ON_OBSERVED_NIFTY_50_SESSION
SBICARD,daily,2020-02-20,2020-02-20,ABSENT_ON_OBSERVED_NIFTY_50_SESSION
SBICARD,daily,2020-02-24,2020-02-24,ABSENT_ON_OBSERVED_NIFTY_50_SESSION
SBICARD,daily,2020-02-25,2020-02-25,ABSENT_ON_OBSERVED_NIFTY_50_SESSION
SBICARD,daily,2020-02-26,2020-02-26,ABSENT_ON_OBSERVED_NIFTY_50_SESSION
SBICARD,daily,2020-02-27,2020-02-27,ABSENT_ON_OBSERVED_NIFTY_50_SESSION
SBICARD,daily,2020-02-28,2020-02-28,ABSENT_ON_OBSERVED_NIFTY_50_SESSION
SBICARD,daily,2020-03-02,2020-03-02,ABSENT_ON_OBSERVED_NIFTY_50_SESSION
SBICARD,daily,2020-03-03,2020-03-03,ABSENT_ON_OBSERVED_NIFTY_50_SESSION
SBICARD,daily,2020-03-04,2020-03-04,ABSENT_ON_OBSERVED_NIFTY_50_SESSION
SBICARD,daily,2020-03-05,2020-03-05,ABSENT_ON_OBSERVED_NIFTY_50_SESSION
SBICARD,daily,2020-03-06,2020-03-06,ABSENT_ON_OBSERVED_NIFTY_50_SESSION
SBICARD,daily,2020-03-09,2020-03-09,ABSENT_ON_OBSERVED_NIFTY_50_SESSION
SBICARD,daily,2020-03-11,2020-03-11,ABSENT_ON_OBSERVED_NIFTY_50_SESSION
SBICARD,daily,2020-03-12,2020-03-12,ABSENT_ON_OBSERVED_NIFTY_50_SESSION
SBICARD,daily,2020-03-13,2020-03-13,ABSENT_ON_OBSERVED_NIFTY_50_SESSION
SBILIFE,daily,2017-10-19,2017-10-19,ABSENT_ON_OBSERVED_NIFTY_50_SESSION
SBILIFE,daily,2018-11-07,2018-11-07,ABSENT_ON_OBSERVED_NIFTY_50_SESSION
SBIN,daily,2003-03-22,2003-03-22,ABSENT_ON_OBSERVED_NIFTY_50_SESSION
SBIN,daily,2003-10-25,2003-10-25,ABSENT_ON_OBSERVED_NIFTY_50_SESSION
SBIN,daily,2003-11-15,2003-11-15,ABSENT_ON_OBSERVED_NIFTY_50_SESSION
SBIN,daily,2004-04-17,2004-04-17,ABSENT_ON_OBSERVED_NIFTY_50_SESSION
SBIN,daily,2004-05-24,2004-05-24,ABSENT_ON_OBSERVED_NIFTY_50_SESSION
SBIN,daily,2004-05-25,2004-05-25,ABSENT_ON_OBSERVED_NIFTY_50_SESSION
SBIN,daily,2004-05-26,2004-05-26,ABSENT_ON_OBSERVED_NIFTY_50_SESSION
SBIN,daily,2004-05-27,2004-05-27,ABSENT_ON_OBSERVED_NIFTY_50_SESSION
SBIN,daily,2004-05-28,2004-05-28,ABSENT_ON_OBSERVED_NIFTY_50_SESSION
SBIN,daily,2004-05-31,2004-05-31,ABSENT_ON_OBSERVED_NIFTY_50_SESSION
SBIN,daily,2004-06-01,2004-06-01,ABSENT_ON_OBSERVED_NIFTY_50_SESSION
SBIN,daily,2004-06-02,2004-06-02,ABSENT_ON_OBSERVED_NIFTY_50_SESSION
SBIN,daily,2004-06-03,2004-06-03,ABSENT_ON_OBSERVED_NIFTY_50_SESSION
SBIN,daily,2004-06-04,2004-06-04,ABSENT_ON_OBSERVED_NIFTY_50_SESSION
SBIN,daily,2004-06-07,2004-06-07,ABSENT_ON_OBSERVED_NIFTY_50_SESSION
SBIN,daily,2004-06-08,2004-06-08,ABSENT_ON_OBSERVED_NIFTY_50_SESSION
SBIN,daily,2004-06-09,2004-06-09,ABSENT_ON_OBSERVED_NIFTY_50_SESSION
SBIN,daily,2004-06-10,2004-06-10,ABSENT_ON_OBSERVED_NIFTY_50_SESSION
SBIN,daily,2004-06-11,2004-06-11,ABSENT_ON_OBSERVED_NIFTY_50_SESSION
SBIN,daily,2004-06-14,2004-06-14,ABSENT_ON_OBSERVED_NIFTY_50_SESSION
SBIN,daily,2004-06-15,2004-06-15,ABSENT_ON_OBSERVED_NIFTY_50_SESSION
SBIN,daily,2004-06-16,2004-06-16,ABSENT_ON_OBSERVED_NIFTY_50_SESSION
SBIN,daily,2004-06-17,2004-06-17,ABSENT_ON_OBSERVED_NIFTY_50_SESSION
SBIN,daily,2004-06-18,2004-06-18,ABSENT_ON_OBSERVED_NIFTY_50_SESSION
SBIN,daily,2004-06-21,2004-06-21,ABSENT_ON_OBSERVED_NIFTY_50_SESSION
SBIN,daily,2004-06-22,2004-06-22,ABSENT_ON_OBSERVED_NIFTY_50_SESSION
SBIN,daily,2004-10-09,2004-10-09,ABSENT_ON_OBSERVED_NIFTY_50_SESSION
SBIN,daily,2005-06-04,2005-06-04,ABSENT_ON_OBSERVED_NIFTY_50_SESSION
SBIN,daily,2005-11-26,2005-11-26,ABSENT_ON_OBSERVED_NIFTY_50_SESSION
SBIN,daily,2006-04-29,2006-04-29,ABSENT_ON_OBSERVED_NIFTY_50_SESSION
SBIN,daily,2006-06-25,2006-06-25,ABSENT_ON_OBSERVED_NIFTY_50_SESSION
SBIN,daily,2006-10-21,2006-10-21,ABSENT_ON_OBSERVED_NIFTY_50_SESSION
SBIN,daily,2009-10-17,2009-10-17,ABSENT_ON_OBSERVED_NIFTY_50_SESSION
SBIN,daily,2010-02-06,2010-02-06,ABSENT_ON_OBSERVED_NIFTY_50_SESSION
SBIN,daily,2011-10-26,2011-10-26,ABSENT_ON_OBSERVED_NIFTY_50_SESSION
SBIN,daily,2012-01-07,2012-01-07,ABSENT_ON_OBSERVED_NIFTY_50_SESSION
SBIN,daily,2012-03-03,2012-03-03,ABSENT_ON_OBSERVED_NIFTY_50_SESSION
SBIN,daily,2012-04-28,2012-04-28,ABSENT_ON_OBSERVED_NIFTY_50_SESSION
SBIN,daily,2012-09-08,2012-09-08,ABSENT_ON_OBSERVED_NIFTY_50_SESSION
SBIN,daily,2013-05-11,2013-05-11,ABSENT_ON_OBSERVED_NIFTY_50_SESSION
SBIN,daily,2013-11-03,2013-11-03,ABSENT_ON_OBSERVED_NIFTY_50_SESSION
SBIN,daily,2014-03-22,2014-03-22,ABSENT_ON_OBSERVED_NIFTY_50_SESSION
SBIN,daily,2015-02-28,2015-02-28,ABSENT_ON_OBSERVED_NIFTY_50_SESSION
SBIN,daily,2016-10-30,2016-10-30,ABSENT_ON_OBSERVED_NIFTY_50_SESSION
SBIN,daily,2017-10-19,2017-10-19,ABSENT_ON_OBSERVED_NIFTY_50_SESSION
SBIN,daily,2018-11-07,2018-11-07,ABSENT_ON_OBSERVED_NIFTY_50_SESSION
SHRIRAMFIN,daily,2003-03-22,2003-03-22,ABSENT_ON_OBSERVED_NIFTY_50_SESSION
SHRIRAMFIN,daily,2003-10-25,2003-10-25,ABSENT_ON_OBSERVED_NIFTY_50_SESSION
SHRIRAMFIN,daily,2003-11-15,2003-11-15,ABSENT_ON_OBSERVED_NIFTY_50_SESSION
SHRIRAMFIN,daily,2004-04-17,2004-04-17,ABSENT_ON_OBSERVED_NIFTY_50_SESSION
SHRIRAMFIN,daily,2004-05-24,2004-05-24,ABSENT_ON_OBSERVED_NIFTY_50_SESSION
SHRIRAMFIN,daily,2004-05-25,2004-05-25,ABSENT_ON_OBSERVED_NIFTY_50_SESSION
SHRIRAMFIN,daily,2004-05-26,2004-05-26,ABSENT_ON_OBSERVED_NIFTY_50_SESSION
SHRIRAMFIN,daily,2004-05-27,2004-05-27,ABSENT_ON_OBSERVED_NIFTY_50_SESSION
SHRIRAMFIN,daily,2004-05-28,2004-05-28,ABSENT_ON_OBSERVED_NIFTY_50_SESSION
SHRIRAMFIN,daily,2004-05-31,2004-05-31,ABSENT_ON_OBSERVED_NIFTY_50_SESSION
SHRIRAMFIN,daily,2004-06-01,2004-06-01,ABSENT_ON_OBSERVED_NIFTY_50_SESSION
SHRIRAMFIN,daily,2004-06-02,2004-06-02,ABSENT_ON_OBSERVED_NIFTY_50_SESSION
SHRIRAMFIN,daily,2004-06-03,2004-06-03,ABSENT_ON_OBSERVED_NIFTY_50_SESSION
SHRIRAMFIN,daily,2004-06-04,2004-06-04,ABSENT_ON_OBSERVED_NIFTY_50_SESSION
SHRIRAMFIN,daily,2004-06-07,2004-06-07,ABSENT_ON_OBSERVED_NIFTY_50_SESSION
SHRIRAMFIN,daily,2004-06-08,2004-06-08,ABSENT_ON_OBSERVED_NIFTY_50_SESSION
SHRIRAMFIN,daily,2004-06-09,2004-06-09,ABSENT_ON_OBSERVED_NIFTY_50_SESSION
SHRIRAMFIN,daily,2004-06-10,2004-06-10,ABSENT_ON_OBSERVED_NIFTY_50_SESSION
SHRIRAMFIN,daily,2004-06-11,2004-06-11,ABSENT_ON_OBSERVED_NIFTY_50_SESSION
SHRIRAMFIN,daily,2004-06-14,2004-06-14,ABSENT_ON_OBSERVED_NIFTY_50_SESSION
SHRIRAMFIN,daily,2004-06-15,2004-06-15,ABSENT_ON_OBSERVED_NIFTY_50_SESSION
SHRIRAMFIN,daily,2004-06-16,2004-06-16,ABSENT_ON_OBSERVED_NIFTY_50_SESSION
SHRIRAMFIN,daily,2004-06-17,2004-06-17,ABSENT_ON_OBSERVED_NIFTY_50_SESSION
SHRIRAMFIN,daily,2004-06-18,2004-06-18,ABSENT_ON_OBSERVED_NIFTY_50_SESSION
SHRIRAMFIN,daily,2004-06-21,2004-06-21,ABSENT_ON_OBSERVED_NIFTY_50_SESSION
SHRIRAMFIN,daily,2004-06-22,2004-06-22,ABSENT_ON_OBSERVED_NIFTY_50_SESSION
SHRIRAMFIN,daily,2004-10-09,2004-10-09,ABSENT_ON_OBSERVED_NIFTY_50_SESSION
SHRIRAMFIN,daily,2005-06-04,2005-06-04,ABSENT_ON_OBSERVED_NIFTY_50_SESSION
SHRIRAMFIN,daily,2005-11-26,2005-11-26,ABSENT_ON_OBSERVED_NIFTY_50_SESSION
SHRIRAMFIN,daily,2006-04-29,2006-04-29,ABSENT_ON_OBSERVED_NIFTY_50_SESSION
SHRIRAMFIN,daily,2006-06-25,2006-06-25,ABSENT_ON_OBSERVED_NIFTY_50_SESSION
SHRIRAMFIN,daily,2006-10-21,2006-10-21,ABSENT_ON_OBSERVED_NIFTY_50_SESSION
SHRIRAMFIN,daily,2009-10-17,2009-10-17,ABSENT_ON_OBSERVED_NIFTY_50_SESSION
SHRIRAMFIN,daily,2010-02-06,2010-02-06,ABSENT_ON_OBSERVED_NIFTY_50_SESSION
SHRIRAMFIN,daily,2011-10-26,2011-10-26,ABSENT_ON_OBSERVED_NIFTY_50_SESSION
SHRIRAMFIN,daily,2012-01-07,2012-01-07,ABSENT_ON_OBSERVED_NIFTY_50_SESSION
SHRIRAMFIN,daily,2012-03-03,2012-03-03,ABSENT_ON_OBSERVED_NIFTY_50_SESSION
SHRIRAMFIN,daily,2012-04-28,2012-04-28,ABSENT_ON_OBSERVED_NIFTY_50_SESSION
SHRIRAMFIN,daily,2012-09-08,2012-09-08,ABSENT_ON_OBSERVED_NIFTY_50_SESSION
SHRIRAMFIN,daily,2013-05-11,2013-05-11,ABSENT_ON_OBSERVED_NIFTY_50_SESSION
SHRIRAMFIN,daily,2013-11-03,2013-11-03,ABSENT_ON_OBSERVED_NIFTY_50_SESSION
SHRIRAMFIN,daily,2014-03-22,2014-03-22,ABSENT_ON_OBSERVED_NIFTY_50_SESSION
SHRIRAMFIN,daily,2015-02-28,2015-02-28,ABSENT_ON_OBSERVED_NIFTY_50_SESSION
SHRIRAMFIN,daily,2016-10-30,2016-10-30,ABSENT_ON_OBSERVED_NIFTY_50_SESSION
SHRIRAMFIN,daily,2017-10-19,2017-10-19,ABSENT_ON_OBSERVED_NIFTY_50_SESSION
SHRIRAMFIN,daily,2018-11-07,2018-11-07,ABSENT_ON_OBSERVED_NIFTY_50_SESSION
SIEMENS,daily,2003-03-22,2003-03-22,ABSENT_ON_OBSERVED_NIFTY_50_SESSION
SIEMENS,daily,2003-10-25,2003-10-25,ABSENT_ON_OBSERVED_NIFTY_50_SESSION
SIEMENS,daily,2003-11-15,2003-11-15,ABSENT_ON_OBSERVED_NIFTY_50_SESSION
SIEMENS,daily,2004-04-17,2004-04-17,ABSENT_ON_OBSERVED_NIFTY_50_SESSION
SIEMENS,daily,2004-05-24,2004-05-24,ABSENT_ON_OBSERVED_NIFTY_50_SESSION
SIEMENS,daily,2004-05-25,2004-05-25,ABSENT_ON_OBSERVED_NIFTY_50_SESSION
SIEMENS,daily,2004-05-26,2004-05-26,ABSENT_ON_OBSERVED_NIFTY_50_SESSION
SIEMENS,daily,2004-05-27,2004-05-27,ABSENT_ON_OBSERVED_NIFTY_50_SESSION
SIEMENS,daily,2004-05-28,2004-05-28,ABSENT_ON_OBSERVED_NIFTY_50_SESSION
SIEMENS,daily,2004-05-31,2004-05-31,ABSENT_ON_OBSERVED_NIFTY_50_SESSION
SIEMENS,daily,2004-06-01,2004-06-01,ABSENT_ON_OBSERVED_NIFTY_50_SESSION
SIEMENS,daily,2004-06-02,2004-06-02,ABSENT_ON_OBSERVED_NIFTY_50_SESSION
SIEMENS,daily,2004-06-03,2004-06-03,ABSENT_ON_OBSERVED_NIFTY_50_SESSION
SIEMENS,daily,2004-06-04,2004-06-04,ABSENT_ON_OBSERVED_NIFTY_50_SESSION
SIEMENS,daily,2004-06-07,2004-06-07,ABSENT_ON_OBSERVED_NIFTY_50_SESSION
SIEMENS,daily,2004-06-08,2004-06-08,ABSENT_ON_OBSERVED_NIFTY_50_SESSION
SIEMENS,daily,2004-06-09,2004-06-09,ABSENT_ON_OBSERVED_NIFTY_50_SESSION
SIEMENS,daily,2004-06-10,2004-06-10,ABSENT_ON_OBSERVED_NIFTY_50_SESSION
SIEMENS,daily,2004-06-11,2004-06-11,ABSENT_ON_OBSERVED_NIFTY_50_SESSION
SIEMENS,daily,2004-06-14,2004-06-14,ABSENT_ON_OBSERVED_NIFTY_50_SESSION
SIEMENS,daily,2004-06-15,2004-06-15,ABSENT_ON_OBSERVED_NIFTY_50_SESSION
SIEMENS,daily,2004-06-16,2004-06-16,ABSENT_ON_OBSERVED_NIFTY_50_SESSION
SIEMENS,daily,2004-06-17,2004-06-17,ABSENT_ON_OBSERVED_NIFTY_50_SESSION
SIEMENS,daily,2004-06-18,2004-06-18,ABSENT_ON_OBSERVED_NIFTY_50_SESSION
SIEMENS,daily,2004-06-21,2004-06-21,ABSENT_ON_OBSERVED_NIFTY_50_SESSION
SIEMENS,daily,2004-06-22,2004-06-22,ABSENT_ON_OBSERVED_NIFTY_50_SESSION
SIEMENS,daily,2004-10-09,2004-10-09,ABSENT_ON_OBSERVED_NIFTY_50_SESSION
SIEMENS,daily,2005-06-04,2005-06-04,ABSENT_ON_OBSERVED_NIFTY_50_SESSION
SIEMENS,daily,2005-11-26,2005-11-26,ABSENT_ON_OBSERVED_NIFTY_50_SESSION
SIEMENS,daily,2006-04-29,2006-04-29,ABSENT_ON_OBSERVED_NIFTY_50_SESSION
SIEMENS,daily,2006-06-25,2006-06-25,ABSENT_ON_OBSERVED_NIFTY_50_SESSION
SIEMENS,daily,2006-10-21,2006-10-21,ABSENT_ON_OBSERVED_NIFTY_50_SESSION
SIEMENS,daily,2009-10-17,2009-10-17,ABSENT_ON_OBSERVED_NIFTY_50_SESSION
SIEMENS,daily,2010-02-06,2010-02-06,ABSENT_ON_OBSERVED_NIFTY_50_SESSION
SIEMENS,daily,2011-10-26,2011-10-26,ABSENT_ON_OBSERVED_NIFTY_50_SESSION
SIEMENS,daily,2012-01-07,2012-01-07,ABSENT_ON_OBSERVED_NIFTY_50_SESSION
SIEMENS,daily,2012-03-03,2012-03-03,ABSENT_ON_OBSERVED_NIFTY_50_SESSION
SIEMENS,daily,2012-04-28,2012-04-28,ABSENT_ON_OBSERVED_NIFTY_50_SESSION
SIEMENS,daily,2012-09-08,2012-09-08,ABSENT_ON_OBSERVED_NIFTY_50_SESSION
SIEMENS,daily,2013-05-11,2013-05-11,ABSENT_ON_OBSERVED_NIFTY_50_SESSION
SIEMENS,daily,2013-11-03,2013-11-03,ABSENT_ON_OBSERVED_NIFTY_50_SESSION
SIEMENS,daily,2014-03-22,2014-03-22,ABSENT_ON_OBSERVED_NIFTY_50_SESSION
SIEMENS,daily,2015-02-28,2015-02-28,ABSENT_ON_OBSERVED_NIFTY_50_SESSION
SIEMENS,daily,2016-10-30,2016-10-30,ABSENT_ON_OBSERVED_NIFTY_50_SESSION
SIEMENS,daily,2017-10-19,2017-10-19,ABSENT_ON_OBSERVED_NIFTY_50_SESSION
SIEMENS,daily,2018-11-07,2018-11-07,ABSENT_ON_OBSERVED_NIFTY_50_SESSION
SOLARINDS,daily,2006-04-29,2006-04-29,ABSENT_ON_OBSERVED_NIFTY_50_SESSION
SOLARINDS,daily,2006-06-25,2006-06-25,ABSENT_ON_OBSERVED_NIFTY_50_SESSION
SOLARINDS,daily,2006-10-21,2006-10-21,ABSENT_ON_OBSERVED_NIFTY_50_SESSION
SOLARINDS,daily,2009-10-17,2009-10-17,ABSENT_ON_OBSERVED_NIFTY_50_SESSION
SOLARINDS,daily,2010-02-06,2010-02-06,ABSENT_ON_OBSERVED_NIFTY_50_SESSION
SOLARINDS,daily,2011-10-26,2011-10-26,ABSENT_ON_OBSERVED_NIFTY_50_SESSION
SOLARINDS,daily,2012-01-07,2012-01-07,ABSENT_ON_OBSERVED_NIFTY_50_SESSION
SOLARINDS,daily,2012-03-03,2012-03-03,ABSENT_ON_OBSERVED_NIFTY_50_SESSION
SOLARINDS,daily,2012-04-28,2012-04-28,ABSENT_ON_OBSERVED_NIFTY_50_SESSION
SOLARINDS,daily,2012-09-08,2012-09-08,ABSENT_ON_OBSERVED_NIFTY_50_SESSION
SOLARINDS,daily,2013-05-11,2013-05-11,ABSENT_ON_OBSERVED_NIFTY_50_SESSION
SOLARINDS,daily,2013-11-03,2013-11-03,ABSENT_ON_OBSERVED_NIFTY_50_SESSION
SOLARINDS,daily,2014-03-22,2014-03-22,ABSENT_ON_OBSERVED_NIFTY_50_SESSION
SOLARINDS,daily,2015-02-28,2015-02-28,ABSENT_ON_OBSERVED_NIFTY_50_SESSION
SOLARINDS,daily,2016-10-30,2016-10-30,ABSENT_ON_OBSERVED_NIFTY_50_SESSION
SOLARINDS,daily,2017-10-19,2017-10-19,ABSENT_ON_OBSERVED_NIFTY_50_SESSION
SOLARINDS,daily,2018-11-07,2018-11-07,ABSENT_ON_OBSERVED_NIFTY_50_SESSION
SRF,daily,2003-03-22,2003-03-22,ABSENT_ON_OBSERVED_NIFTY_50_SESSION
SRF,daily,2003-10-25,2003-10-25,ABSENT_ON_OBSERVED_NIFTY_50_SESSION
SRF,daily,2003-11-15,2003-11-15,ABSENT_ON_OBSERVED_NIFTY_50_SESSION
SRF,daily,2004-04-17,2004-04-17,ABSENT_ON_OBSERVED_NIFTY_50_SESSION
SRF,daily,2004-05-24,2004-05-24,ABSENT_ON_OBSERVED_NIFTY_50_SESSION
SRF,daily,2004-05-25,2004-05-25,ABSENT_ON_OBSERVED_NIFTY_50_SESSION
SRF,daily,2004-05-26,2004-05-26,ABSENT_ON_OBSERVED_NIFTY_50_SESSION
SRF,daily,2004-05-27,2004-05-27,ABSENT_ON_OBSERVED_NIFTY_50_SESSION
SRF,daily,2004-05-28,2004-05-28,ABSENT_ON_OBSERVED_NIFTY_50_SESSION
SRF,daily,2004-05-31,2004-05-31,ABSENT_ON_OBSERVED_NIFTY_50_SESSION
SRF,daily,2004-06-01,2004-06-01,ABSENT_ON_OBSERVED_NIFTY_50_SESSION
SRF,daily,2004-06-02,2004-06-02,ABSENT_ON_OBSERVED_NIFTY_50_SESSION
SRF,daily,2004-06-03,2004-06-03,ABSENT_ON_OBSERVED_NIFTY_50_SESSION
SRF,daily,2004-06-04,2004-06-04,ABSENT_ON_OBSERVED_NIFTY_50_SESSION
SRF,daily,2004-06-07,2004-06-07,ABSENT_ON_OBSERVED_NIFTY_50_SESSION
SRF,daily,2004-06-08,2004-06-08,ABSENT_ON_OBSERVED_NIFTY_50_SESSION
SRF,daily,2004-06-09,2004-06-09,ABSENT_ON_OBSERVED_NIFTY_50_SESSION
SRF,daily,2004-06-10,2004-06-10,ABSENT_ON_OBSERVED_NIFTY_50_SESSION
SRF,daily,2004-06-11,2004-06-11,ABSENT_ON_OBSERVED_NIFTY_50_SESSION
SRF,daily,2004-06-14,2004-06-14,ABSENT_ON_OBSERVED_NIFTY_50_SESSION
SRF,daily,2004-06-15,2004-06-15,ABSENT_ON_OBSERVED_NIFTY_50_SESSION
SRF,daily,2004-06-16,2004-06-16,ABSENT_ON_OBSERVED_NIFTY_50_SESSION
SRF,daily,2004-06-17,2004-06-17,ABSENT_ON_OBSERVED_NIFTY_50_SESSION
SRF,daily,2004-06-18,2004-06-18,ABSENT_ON_OBSERVED_NIFTY_50_SESSION
SRF,daily,2004-06-21,2004-06-21,ABSENT_ON_OBSERVED_NIFTY_50_SESSION
SRF,daily,2004-06-22,2004-06-22,ABSENT_ON_OBSERVED_NIFTY_50_SESSION
SRF,daily,2004-10-09,2004-10-09,ABSENT_ON_OBSERVED_NIFTY_50_SESSION
SRF,daily,2005-06-04,2005-06-04,ABSENT_ON_OBSERVED_NIFTY_50_SESSION
SRF,daily,2005-11-26,2005-11-26,ABSENT_ON_OBSERVED_NIFTY_50_SESSION
SRF,daily,2006-04-29,2006-04-29,ABSENT_ON_OBSERVED_NIFTY_50_SESSION
SRF,daily,2006-06-25,2006-06-25,ABSENT_ON_OBSERVED_NIFTY_50_SESSION
SRF,daily,2006-10-21,2006-10-21,ABSENT_ON_OBSERVED_NIFTY_50_SESSION
SRF,daily,2009-10-17,2009-10-17,ABSENT_ON_OBSERVED_NIFTY_50_SESSION
SRF,daily,2010-02-06,2010-02-06,ABSENT_ON_OBSERVED_NIFTY_50_SESSION
SRF,daily,2011-10-26,2011-10-26,ABSENT_ON_OBSERVED_NIFTY_50_SESSION
SRF,daily,2012-01-07,2012-01-07,ABSENT_ON_OBSERVED_NIFTY_50_SESSION
SRF,daily,2012-03-03,2012-03-03,ABSENT_ON_OBSERVED_NIFTY_50_SESSION
SRF,daily,2012-04-28,2012-04-28,ABSENT_ON_OBSERVED_NIFTY_50_SESSION
SRF,daily,2012-09-08,2012-09-08,ABSENT_ON_OBSERVED_NIFTY_50_SESSION
SRF,daily,2013-05-11,2013-05-11,ABSENT_ON_OBSERVED_NIFTY_50_SESSION
SRF,daily,2013-11-03,2013-11-03,ABSENT_ON_OBSERVED_NIFTY_50_SESSION
SRF,daily,2014-03-22,2014-03-22,ABSENT_ON_OBSERVED_NIFTY_50_SESSION
SRF,daily,2015-02-28,2015-02-28,ABSENT_ON_OBSERVED_NIFTY_50_SESSION
SRF,daily,2016-10-30,2016-10-30,ABSENT_ON_OBSERVED_NIFTY_50_SESSION
SRF,daily,2017-10-19,2017-10-19,ABSENT_ON_OBSERVED_NIFTY_50_SESSION
SRF,daily,2018-11-07,2018-11-07,ABSENT_ON_OBSERVED_NIFTY_50_SESSION
SUNPHARMA,daily,2003-03-22,2003-03-22,ABSENT_ON_OBSERVED_NIFTY_50_SESSION
SUNPHARMA,daily,2003-10-25,2003-10-25,ABSENT_ON_OBSERVED_NIFTY_50_SESSION
SUNPHARMA,daily,2003-11-15,2003-11-15,ABSENT_ON_OBSERVED_NIFTY_50_SESSION
SUNPHARMA,daily,2004-04-17,2004-04-17,ABSENT_ON_OBSERVED_NIFTY_50_SESSION
SUNPHARMA,daily,2004-05-24,2004-05-24,ABSENT_ON_OBSERVED_NIFTY_50_SESSION
SUNPHARMA,daily,2004-05-25,2004-05-25,ABSENT_ON_OBSERVED_NIFTY_50_SESSION
SUNPHARMA,daily,2004-05-26,2004-05-26,ABSENT_ON_OBSERVED_NIFTY_50_SESSION
SUNPHARMA,daily,2004-05-27,2004-05-27,ABSENT_ON_OBSERVED_NIFTY_50_SESSION
SUNPHARMA,daily,2004-05-28,2004-05-28,ABSENT_ON_OBSERVED_NIFTY_50_SESSION
SUNPHARMA,daily,2004-05-31,2004-05-31,ABSENT_ON_OBSERVED_NIFTY_50_SESSION
SUNPHARMA,daily,2004-06-01,2004-06-01,ABSENT_ON_OBSERVED_NIFTY_50_SESSION
SUNPHARMA,daily,2004-06-02,2004-06-02,ABSENT_ON_OBSERVED_NIFTY_50_SESSION
SUNPHARMA,daily,2004-06-03,2004-06-03,ABSENT_ON_OBSERVED_NIFTY_50_SESSION
SUNPHARMA,daily,2004-06-04,2004-06-04,ABSENT_ON_OBSERVED_NIFTY_50_SESSION
SUNPHARMA,daily,2004-06-07,2004-06-07,ABSENT_ON_OBSERVED_NIFTY_50_SESSION
SUNPHARMA,daily,2004-06-08,2004-06-08,ABSENT_ON_OBSERVED_NIFTY_50_SESSION
SUNPHARMA,daily,2004-06-09,2004-06-09,ABSENT_ON_OBSERVED_NIFTY_50_SESSION
SUNPHARMA,daily,2004-06-10,2004-06-10,ABSENT_ON_OBSERVED_NIFTY_50_SESSION
SUNPHARMA,daily,2004-06-11,2004-06-11,ABSENT_ON_OBSERVED_NIFTY_50_SESSION
SUNPHARMA,daily,2004-06-14,2004-06-14,ABSENT_ON_OBSERVED_NIFTY_50_SESSION
SUNPHARMA,daily,2004-06-15,2004-06-15,ABSENT_ON_OBSERVED_NIFTY_50_SESSION
SUNPHARMA,daily,2004-06-16,2004-06-16,ABSENT_ON_OBSERVED_NIFTY_50_SESSION
SUNPHARMA,daily,2004-06-17,2004-06-17,ABSENT_ON_OBSERVED_NIFTY_50_SESSION
SUNPHARMA,daily,2004-06-18,2004-06-18,ABSENT_ON_OBSERVED_NIFTY_50_SESSION
SUNPHARMA,daily,2004-06-21,2004-06-21,ABSENT_ON_OBSERVED_NIFTY_50_SESSION
SUNPHARMA,daily,2004-06-22,2004-06-22,ABSENT_ON_OBSERVED_NIFTY_50_SESSION
SUNPHARMA,daily,2004-10-09,2004-10-09,ABSENT_ON_OBSERVED_NIFTY_50_SESSION
SUNPHARMA,daily,2005-06-04,2005-06-04,ABSENT_ON_OBSERVED_NIFTY_50_SESSION
SUNPHARMA,daily,2005-11-26,2005-11-26,ABSENT_ON_OBSERVED_NIFTY_50_SESSION
SUNPHARMA,daily,2006-04-29,2006-04-29,ABSENT_ON_OBSERVED_NIFTY_50_SESSION
SUNPHARMA,daily,2006-06-25,2006-06-25,ABSENT_ON_OBSERVED_NIFTY_50_SESSION
SUNPHARMA,daily,2006-10-21,2006-10-21,ABSENT_ON_OBSERVED_NIFTY_50_SESSION
SUNPHARMA,daily,2009-10-17,2009-10-17,ABSENT_ON_OBSERVED_NIFTY_50_SESSION
SUNPHARMA,daily,2010-02-06,2010-02-06,ABSENT_ON_OBSERVED_NIFTY_50_SESSION
SUNPHARMA,daily,2011-10-26,2011-10-26,ABSENT_ON_OBSERVED_NIFTY_50_SESSION
SUNPHARMA,daily,2012-01-07,2012-01-07,ABSENT_ON_OBSERVED_NIFTY_50_SESSION
SUNPHARMA,daily,2012-03-03,2012-03-03,ABSENT_ON_OBSERVED_NIFTY_50_SESSION
SUNPHARMA,daily,2012-04-28,2012-04-28,ABSENT_ON_OBSERVED_NIFTY_50_SESSION
SUNPHARMA,daily,2012-09-08,2012-09-08,ABSENT_ON_OBSERVED_NIFTY_50_SESSION
SUNPHARMA,daily,2013-05-11,2013-05-11,ABSENT_ON_OBSERVED_NIFTY_50_SESSION
SUNPHARMA,daily,2013-11-03,2013-11-03,ABSENT_ON_OBSERVED_NIFTY_50_SESSION
SUNPHARMA,daily,2014-03-22,2014-03-22,ABSENT_ON_OBSERVED_NIFTY_50_SESSION
SUNPHARMA,daily,2015-02-28,2015-02-28,ABSENT_ON_OBSERVED_NIFTY_50_SESSION
SUNPHARMA,daily,2016-10-30,2016-10-30,ABSENT_ON_OBSERVED_NIFTY_50_SESSION
SUNPHARMA,daily,2017-10-19,2017-10-19,ABSENT_ON_OBSERVED_NIFTY_50_SESSION
SUNPHARMA,daily,2018-11-07,2018-11-07,ABSENT_ON_OBSERVED_NIFTY_50_SESSION
SUPREMEIND,daily,2003-03-22,2003-03-22,ABSENT_ON_OBSERVED_NIFTY_50_SESSION
SUPREMEIND,daily,2003-10-25,2003-10-25,ABSENT_ON_OBSERVED_NIFTY_50_SESSION
SUPREMEIND,daily,2003-11-15,2003-11-15,ABSENT_ON_OBSERVED_NIFTY_50_SESSION
SUPREMEIND,daily,2004-04-17,2004-04-17,ABSENT_ON_OBSERVED_NIFTY_50_SESSION
SUPREMEIND,daily,2004-05-24,2004-05-24,ABSENT_ON_OBSERVED_NIFTY_50_SESSION
SUPREMEIND,daily,2004-05-25,2004-05-25,ABSENT_ON_OBSERVED_NIFTY_50_SESSION
SUPREMEIND,daily,2004-05-26,2004-05-26,ABSENT_ON_OBSERVED_NIFTY_50_SESSION
SUPREMEIND,daily,2004-05-27,2004-05-27,ABSENT_ON_OBSERVED_NIFTY_50_SESSION
SUPREMEIND,daily,2004-05-28,2004-05-28,ABSENT_ON_OBSERVED_NIFTY_50_SESSION
SUPREMEIND,daily,2004-05-31,2004-05-31,ABSENT_ON_OBSERVED_NIFTY_50_SESSION
SUPREMEIND,daily,2004-06-01,2004-06-01,ABSENT_ON_OBSERVED_NIFTY_50_SESSION
SUPREMEIND,daily,2004-06-02,2004-06-02,ABSENT_ON_OBSERVED_NIFTY_50_SESSION
SUPREMEIND,daily,2004-06-03,2004-06-03,ABSENT_ON_OBSERVED_NIFTY_50_SESSION
SUPREMEIND,daily,2004-06-04,2004-06-04,ABSENT_ON_OBSERVED_NIFTY_50_SESSION
SUPREMEIND,daily,2004-06-07,2004-06-07,ABSENT_ON_OBSERVED_NIFTY_50_SESSION
SUPREMEIND,daily,2004-06-08,2004-06-08,ABSENT_ON_OBSERVED_NIFTY_50_SESSION
SUPREMEIND,daily,2004-06-09,2004-06-09,ABSENT_ON_OBSERVED_NIFTY_50_SESSION
SUPREMEIND,daily,2004-06-10,2004-06-10,ABSENT_ON_OBSERVED_NIFTY_50_SESSION
SUPREMEIND,daily,2004-06-11,2004-06-11,ABSENT_ON_OBSERVED_NIFTY_50_SESSION
SUPREMEIND,daily,2004-06-14,2004-06-14,ABSENT_ON_OBSERVED_NIFTY_50_SESSION
SUPREMEIND,daily,2004-06-15,2004-06-15,ABSENT_ON_OBSERVED_NIFTY_50_SESSION
SUPREMEIND,daily,2004-06-16,2004-06-16,ABSENT_ON_OBSERVED_NIFTY_50_SESSION
SUPREMEIND,daily,2004-06-17,2004-06-17,ABSENT_ON_OBSERVED_NIFTY_50_SESSION
SUPREMEIND,daily,2004-06-18,2004-06-18,ABSENT_ON_OBSERVED_NIFTY_50_SESSION
SUPREMEIND,daily,2004-06-21,2004-06-21,ABSENT_ON_OBSERVED_NIFTY_50_SESSION
SUPREMEIND,daily,2004-06-22,2004-06-22,ABSENT_ON_OBSERVED_NIFTY_50_SESSION
SUPREMEIND,daily,2004-10-09,2004-10-09,ABSENT_ON_OBSERVED_NIFTY_50_SESSION
SUPREMEIND,daily,2005-06-04,2005-06-04,ABSENT_ON_OBSERVED_NIFTY_50_SESSION
SUPREMEIND,daily,2005-11-26,2005-11-26,ABSENT_ON_OBSERVED_NIFTY_50_SESSION
SUPREMEIND,daily,2006-04-29,2006-04-29,ABSENT_ON_OBSERVED_NIFTY_50_SESSION
SUPREMEIND,daily,2006-06-25,2006-06-25,ABSENT_ON_OBSERVED_NIFTY_50_SESSION
SUPREMEIND,daily,2006-10-21,2006-10-21,ABSENT_ON_OBSERVED_NIFTY_50_SESSION
SUPREMEIND,daily,2009-10-17,2009-10-17,ABSENT_ON_OBSERVED_NIFTY_50_SESSION
SUPREMEIND,daily,2010-02-06,2010-02-06,ABSENT_ON_OBSERVED_NIFTY_50_SESSION
SUPREMEIND,daily,2011-10-26,2011-10-26,ABSENT_ON_OBSERVED_NIFTY_50_SESSION
SUPREMEIND,daily,2012-01-07,2012-01-07,ABSENT_ON_OBSERVED_NIFTY_50_SESSION
SUPREMEIND,daily,2012-03-03,2012-03-03,ABSENT_ON_OBSERVED_NIFTY_50_SESSION
SUPREMEIND,daily,2012-04-28,2012-04-28,ABSENT_ON_OBSERVED_NIFTY_50_SESSION
SUPREMEIND,daily,2012-09-08,2012-09-08,ABSENT_ON_OBSERVED_NIFTY_50_SESSION
SUPREMEIND,daily,2013-05-11,2013-05-11,ABSENT_ON_OBSERVED_NIFTY_50_SESSION
SUPREMEIND,daily,2013-11-03,2013-11-03,ABSENT_ON_OBSERVED_NIFTY_50_SESSION
SUPREMEIND,daily,2014-03-22,2014-03-22,ABSENT_ON_OBSERVED_NIFTY_50_SESSION
SUPREMEIND,daily,2015-02-28,2015-02-28,ABSENT_ON_OBSERVED_NIFTY_50_SESSION
SUPREMEIND,daily,2016-10-30,2016-10-30,ABSENT_ON_OBSERVED_NIFTY_50_SESSION
SUPREMEIND,daily,2017-10-19,2017-10-19,ABSENT_ON_OBSERVED_NIFTY_50_SESSION
SUPREMEIND,daily,2018-11-07,2018-11-07,ABSENT_ON_OBSERVED_NIFTY_50_SESSION
SUZLON,daily,2005-11-26,2005-11-26,ABSENT_ON_OBSERVED_NIFTY_50_SESSION
SUZLON,daily,2006-04-29,2006-04-29,ABSENT_ON_OBSERVED_NIFTY_50_SESSION
SUZLON,daily,2006-06-25,2006-06-25,ABSENT_ON_OBSERVED_NIFTY_50_SESSION
SUZLON,daily,2006-10-21,2006-10-21,ABSENT_ON_OBSERVED_NIFTY_50_SESSION
SUZLON,daily,2009-10-17,2009-10-17,ABSENT_ON_OBSERVED_NIFTY_50_SESSION
SUZLON,daily,2010-02-06,2010-02-06,ABSENT_ON_OBSERVED_NIFTY_50_SESSION
SUZLON,daily,2011-10-26,2011-10-26,ABSENT_ON_OBSERVED_NIFTY_50_SESSION
SUZLON,daily,2012-01-07,2012-01-07,ABSENT_ON_OBSERVED_NIFTY_50_SESSION
SUZLON,daily,2012-03-03,2012-03-03,ABSENT_ON_OBSERVED_NIFTY_50_SESSION
SUZLON,daily,2012-04-28,2012-04-28,ABSENT_ON_OBSERVED_NIFTY_50_SESSION
SUZLON,daily,2012-09-08,2012-09-08,ABSENT_ON_OBSERVED_NIFTY_50_SESSION
SUZLON,daily,2013-05-11,2013-05-11,ABSENT_ON_OBSERVED_NIFTY_50_SESSION
SUZLON,daily,2013-11-03,2013-11-03,ABSENT_ON_OBSERVED_NIFTY_50_SESSION
SUZLON,daily,2014-03-22,2014-03-22,ABSENT_ON_OBSERVED_NIFTY_50_SESSION
SUZLON,daily,2015-02-28,2015-02-28,ABSENT_ON_OBSERVED_NIFTY_50_SESSION
SUZLON,daily,2016-10-30,2016-10-30,ABSENT_ON_OBSERVED_NIFTY_50_SESSION
SUZLON,daily,2017-10-19,2017-10-19,ABSENT_ON_OBSERVED_NIFTY_50_SESSION
SUZLON,daily,2018-11-07,2018-11-07,ABSENT_ON_OBSERVED_NIFTY_50_SESSION
TATACOMM,daily,2003-03-22,2003-03-22,ABSENT_ON_OBSERVED_NIFTY_50_SESSION
TATACOMM,daily,2003-10-25,2003-10-25,ABSENT_ON_OBSERVED_NIFTY_50_SESSION
TATACOMM,daily,2003-11-15,2003-11-15,ABSENT_ON_OBSERVED_NIFTY_50_SESSION
TATACOMM,daily,2004-04-17,2004-04-17,ABSENT_ON_OBSERVED_NIFTY_50_SESSION
TATACOMM,daily,2004-05-24,2004-05-24,ABSENT_ON_OBSERVED_NIFTY_50_SESSION
TATACOMM,daily,2004-05-25,2004-05-25,ABSENT_ON_OBSERVED_NIFTY_50_SESSION
TATACOMM,daily,2004-05-26,2004-05-26,ABSENT_ON_OBSERVED_NIFTY_50_SESSION
TATACOMM,daily,2004-05-27,2004-05-27,ABSENT_ON_OBSERVED_NIFTY_50_SESSION
TATACOMM,daily,2004-05-28,2004-05-28,ABSENT_ON_OBSERVED_NIFTY_50_SESSION
TATACOMM,daily,2004-05-31,2004-05-31,ABSENT_ON_OBSERVED_NIFTY_50_SESSION
TATACOMM,daily,2004-06-01,2004-06-01,ABSENT_ON_OBSERVED_NIFTY_50_SESSION
TATACOMM,daily,2004-06-02,2004-06-02,ABSENT_ON_OBSERVED_NIFTY_50_SESSION
TATACOMM,daily,2004-06-03,2004-06-03,ABSENT_ON_OBSERVED_NIFTY_50_SESSION
TATACOMM,daily,2004-06-04,2004-06-04,ABSENT_ON_OBSERVED_NIFTY_50_SESSION
TATACOMM,daily,2004-06-07,2004-06-07,ABSENT_ON_OBSERVED_NIFTY_50_SESSION
TATACOMM,daily,2004-06-08,2004-06-08,ABSENT_ON_OBSERVED_NIFTY_50_SESSION
TATACOMM,daily,2004-06-09,2004-06-09,ABSENT_ON_OBSERVED_NIFTY_50_SESSION
TATACOMM,daily,2004-06-10,2004-06-10,ABSENT_ON_OBSERVED_NIFTY_50_SESSION
TATACOMM,daily,2004-06-11,2004-06-11,ABSENT_ON_OBSERVED_NIFTY_50_SESSION
TATACOMM,daily,2004-06-14,2004-06-14,ABSENT_ON_OBSERVED_NIFTY_50_SESSION
TATACOMM,daily,2004-06-15,2004-06-15,ABSENT_ON_OBSERVED_NIFTY_50_SESSION
TATACOMM,daily,2004-06-16,2004-06-16,ABSENT_ON_OBSERVED_NIFTY_50_SESSION
TATACOMM,daily,2004-06-17,2004-06-17,ABSENT_ON_OBSERVED_NIFTY_50_SESSION
TATACOMM,daily,2004-06-18,2004-06-18,ABSENT_ON_OBSERVED_NIFTY_50_SESSION
TATACOMM,daily,2004-06-21,2004-06-21,ABSENT_ON_OBSERVED_NIFTY_50_SESSION
TATACOMM,daily,2004-06-22,2004-06-22,ABSENT_ON_OBSERVED_NIFTY_50_SESSION
TATACOMM,daily,2004-10-09,2004-10-09,ABSENT_ON_OBSERVED_NIFTY_50_SESSION
TATACOMM,daily,2005-06-04,2005-06-04,ABSENT_ON_OBSERVED_NIFTY_50_SESSION
TATACOMM,daily,2005-11-26,2005-11-26,ABSENT_ON_OBSERVED_NIFTY_50_SESSION
TATACOMM,daily,2006-04-29,2006-04-29,ABSENT_ON_OBSERVED_NIFTY_50_SESSION
TATACOMM,daily,2006-06-25,2006-06-25,ABSENT_ON_OBSERVED_NIFTY_50_SESSION
TATACOMM,daily,2006-10-21,2006-10-21,ABSENT_ON_OBSERVED_NIFTY_50_SESSION
TATACOMM,daily,2009-10-17,2009-10-17,ABSENT_ON_OBSERVED_NIFTY_50_SESSION
TATACOMM,daily,2010-02-06,2010-02-06,ABSENT_ON_OBSERVED_NIFTY_50_SESSION
TATACOMM,daily,2011-10-26,2011-10-26,ABSENT_ON_OBSERVED_NIFTY_50_SESSION
TATACOMM,daily,2012-01-07,2012-01-07,ABSENT_ON_OBSERVED_NIFTY_50_SESSION
TATACOMM,daily,2012-03-03,2012-03-03,ABSENT_ON_OBSERVED_NIFTY_50_SESSION
TATACOMM,daily,2012-04-28,2012-04-28,ABSENT_ON_OBSERVED_NIFTY_50_SESSION
TATACOMM,daily,2012-09-08,2012-09-08,ABSENT_ON_OBSERVED_NIFTY_50_SESSION
TATACOMM,daily,2013-05-11,2013-05-11,ABSENT_ON_OBSERVED_NIFTY_50_SESSION
TATACOMM,daily,2013-11-03,2013-11-03,ABSENT_ON_OBSERVED_NIFTY_50_SESSION
TATACOMM,daily,2014-03-22,2014-03-22,ABSENT_ON_OBSERVED_NIFTY_50_SESSION
TATACOMM,daily,2015-02-28,2015-02-28,ABSENT_ON_OBSERVED_NIFTY_50_SESSION
TATACOMM,daily,2016-10-30,2016-10-30,ABSENT_ON_OBSERVED_NIFTY_50_SESSION
TATACOMM,daily,2017-10-19,2017-10-19,ABSENT_ON_OBSERVED_NIFTY_50_SESSION
TATACOMM,daily,2018-11-07,2018-11-07,ABSENT_ON_OBSERVED_NIFTY_50_SESSION
TATACONSUM,daily,2003-03-22,2003-03-22,ABSENT_ON_OBSERVED_NIFTY_50_SESSION
TATACONSUM,daily,2003-10-25,2003-10-25,ABSENT_ON_OBSERVED_NIFTY_50_SESSION
TATACONSUM,daily,2003-11-15,2003-11-15,ABSENT_ON_OBSERVED_NIFTY_50_SESSION
TATACONSUM,daily,2004-04-17,2004-04-17,ABSENT_ON_OBSERVED_NIFTY_50_SESSION
TATACONSUM,daily,2004-05-24,2004-05-24,ABSENT_ON_OBSERVED_NIFTY_50_SESSION
TATACONSUM,daily,2004-05-25,2004-05-25,ABSENT_ON_OBSERVED_NIFTY_50_SESSION
TATACONSUM,daily,2004-05-26,2004-05-26,ABSENT_ON_OBSERVED_NIFTY_50_SESSION
TATACONSUM,daily,2004-05-27,2004-05-27,ABSENT_ON_OBSERVED_NIFTY_50_SESSION
TATACONSUM,daily,2004-05-28,2004-05-28,ABSENT_ON_OBSERVED_NIFTY_50_SESSION
TATACONSUM,daily,2004-05-31,2004-05-31,ABSENT_ON_OBSERVED_NIFTY_50_SESSION
TATACONSUM,daily,2004-06-01,2004-06-01,ABSENT_ON_OBSERVED_NIFTY_50_SESSION
TATACONSUM,daily,2004-06-02,2004-06-02,ABSENT_ON_OBSERVED_NIFTY_50_SESSION
TATACONSUM,daily,2004-06-03,2004-06-03,ABSENT_ON_OBSERVED_NIFTY_50_SESSION
TATACONSUM,daily,2004-06-04,2004-06-04,ABSENT_ON_OBSERVED_NIFTY_50_SESSION
TATACONSUM,daily,2004-06-07,2004-06-07,ABSENT_ON_OBSERVED_NIFTY_50_SESSION
TATACONSUM,daily,2004-06-08,2004-06-08,ABSENT_ON_OBSERVED_NIFTY_50_SESSION
TATACONSUM,daily,2004-06-09,2004-06-09,ABSENT_ON_OBSERVED_NIFTY_50_SESSION
TATACONSUM,daily,2004-06-10,2004-06-10,ABSENT_ON_OBSERVED_NIFTY_50_SESSION
TATACONSUM,daily,2004-06-11,2004-06-11,ABSENT_ON_OBSERVED_NIFTY_50_SESSION
TATACONSUM,daily,2004-06-14,2004-06-14,ABSENT_ON_OBSERVED_NIFTY_50_SESSION
TATACONSUM,daily,2004-06-15,2004-06-15,ABSENT_ON_OBSERVED_NIFTY_50_SESSION
TATACONSUM,daily,2004-06-16,2004-06-16,ABSENT_ON_OBSERVED_NIFTY_50_SESSION
TATACONSUM,daily,2004-06-17,2004-06-17,ABSENT_ON_OBSERVED_NIFTY_50_SESSION
TATACONSUM,daily,2004-06-18,2004-06-18,ABSENT_ON_OBSERVED_NIFTY_50_SESSION
TATACONSUM,daily,2004-06-21,2004-06-21,ABSENT_ON_OBSERVED_NIFTY_50_SESSION
TATACONSUM,daily,2004-06-22,2004-06-22,ABSENT_ON_OBSERVED_NIFTY_50_SESSION
TATACONSUM,daily,2004-10-09,2004-10-09,ABSENT_ON_OBSERVED_NIFTY_50_SESSION
TATACONSUM,daily,2005-06-04,2005-06-04,ABSENT_ON_OBSERVED_NIFTY_50_SESSION
TATACONSUM,daily,2005-11-26,2005-11-26,ABSENT_ON_OBSERVED_NIFTY_50_SESSION
TATACONSUM,daily,2006-04-29,2006-04-29,ABSENT_ON_OBSERVED_NIFTY_50_SESSION
TATACONSUM,daily,2006-06-25,2006-06-25,ABSENT_ON_OBSERVED_NIFTY_50_SESSION
TATACONSUM,daily,2006-10-21,2006-10-21,ABSENT_ON_OBSERVED_NIFTY_50_SESSION
TATACONSUM,daily,2009-10-17,2009-10-17,ABSENT_ON_OBSERVED_NIFTY_50_SESSION
TATACONSUM,daily,2010-02-06,2010-02-06,ABSENT_ON_OBSERVED_NIFTY_50_SESSION
TATACONSUM,daily,2011-10-26,2011-10-26,ABSENT_ON_OBSERVED_NIFTY_50_SESSION
TATACONSUM,daily,2012-01-07,2012-01-07,ABSENT_ON_OBSERVED_NIFTY_50_SESSION
TATACONSUM,daily,2012-03-03,2012-03-03,ABSENT_ON_OBSERVED_NIFTY_50_SESSION
TATACONSUM,daily,2012-04-28,2012-04-28,ABSENT_ON_OBSERVED_NIFTY_50_SESSION
TATACONSUM,daily,2012-09-08,2012-09-08,ABSENT_ON_OBSERVED_NIFTY_50_SESSION
TATACONSUM,daily,2013-05-11,2013-05-11,ABSENT_ON_OBSERVED_NIFTY_50_SESSION
TATACONSUM,daily,2013-11-03,2013-11-03,ABSENT_ON_OBSERVED_NIFTY_50_SESSION
TATACONSUM,daily,2014-03-22,2014-03-22,ABSENT_ON_OBSERVED_NIFTY_50_SESSION
TATACONSUM,daily,2015-02-28,2015-02-28,ABSENT_ON_OBSERVED_NIFTY_50_SESSION
TATACONSUM,daily,2016-10-30,2016-10-30,ABSENT_ON_OBSERVED_NIFTY_50_SESSION
TATACONSUM,daily,2017-10-19,2017-10-19,ABSENT_ON_OBSERVED_NIFTY_50_SESSION
TATACONSUM,daily,2018-11-07,2018-11-07,ABSENT_ON_OBSERVED_NIFTY_50_SESSION
TATAPOWER,daily,2003-03-22,2003-03-22,ABSENT_ON_OBSERVED_NIFTY_50_SESSION
TATAPOWER,daily,2003-10-25,2003-10-25,ABSENT_ON_OBSERVED_NIFTY_50_SESSION
TATAPOWER,daily,2003-11-15,2003-11-15,ABSENT_ON_OBSERVED_NIFTY_50_SESSION
TATAPOWER,daily,2004-04-17,2004-04-17,ABSENT_ON_OBSERVED_NIFTY_50_SESSION
TATAPOWER,daily,2004-05-24,2004-05-24,ABSENT_ON_OBSERVED_NIFTY_50_SESSION
TATAPOWER,daily,2004-05-25,2004-05-25,ABSENT_ON_OBSERVED_NIFTY_50_SESSION
TATAPOWER,daily,2004-05-26,2004-05-26,ABSENT_ON_OBSERVED_NIFTY_50_SESSION
TATAPOWER,daily,2004-05-27,2004-05-27,ABSENT_ON_OBSERVED_NIFTY_50_SESSION
TATAPOWER,daily,2004-05-28,2004-05-28,ABSENT_ON_OBSERVED_NIFTY_50_SESSION
TATAPOWER,daily,2004-05-31,2004-05-31,ABSENT_ON_OBSERVED_NIFTY_50_SESSION
TATAPOWER,daily,2004-06-01,2004-06-01,ABSENT_ON_OBSERVED_NIFTY_50_SESSION
TATAPOWER,daily,2004-06-02,2004-06-02,ABSENT_ON_OBSERVED_NIFTY_50_SESSION
TATAPOWER,daily,2004-06-03,2004-06-03,ABSENT_ON_OBSERVED_NIFTY_50_SESSION
TATAPOWER,daily,2004-06-04,2004-06-04,ABSENT_ON_OBSERVED_NIFTY_50_SESSION
TATAPOWER,daily,2004-06-07,2004-06-07,ABSENT_ON_OBSERVED_NIFTY_50_SESSION
TATAPOWER,daily,2004-06-08,2004-06-08,ABSENT_ON_OBSERVED_NIFTY_50_SESSION
TATAPOWER,daily,2004-06-09,2004-06-09,ABSENT_ON_OBSERVED_NIFTY_50_SESSION
TATAPOWER,daily,2004-06-10,2004-06-10,ABSENT_ON_OBSERVED_NIFTY_50_SESSION
TATAPOWER,daily,2004-06-11,2004-06-11,ABSENT_ON_OBSERVED_NIFTY_50_SESSION
TATAPOWER,daily,2004-06-14,2004-06-14,ABSENT_ON_OBSERVED_NIFTY_50_SESSION
TATAPOWER,daily,2004-06-15,2004-06-15,ABSENT_ON_OBSERVED_NIFTY_50_SESSION
TATAPOWER,daily,2004-06-16,2004-06-16,ABSENT_ON_OBSERVED_NIFTY_50_SESSION
TATAPOWER,daily,2004-06-17,2004-06-17,ABSENT_ON_OBSERVED_NIFTY_50_SESSION
TATAPOWER,daily,2004-06-18,2004-06-18,ABSENT_ON_OBSERVED_NIFTY_50_SESSION
TATAPOWER,daily,2004-06-21,2004-06-21,ABSENT_ON_OBSERVED_NIFTY_50_SESSION
TATAPOWER,daily,2004-06-22,2004-06-22,ABSENT_ON_OBSERVED_NIFTY_50_SESSION
TATAPOWER,daily,2004-10-09,2004-10-09,ABSENT_ON_OBSERVED_NIFTY_50_SESSION
TATAPOWER,daily,2005-06-04,2005-06-04,ABSENT_ON_OBSERVED_NIFTY_50_SESSION
TATAPOWER,daily,2005-11-26,2005-11-26,ABSENT_ON_OBSERVED_NIFTY_50_SESSION
TATAPOWER,daily,2006-04-29,2006-04-29,ABSENT_ON_OBSERVED_NIFTY_50_SESSION
TATAPOWER,daily,2006-06-25,2006-06-25,ABSENT_ON_OBSERVED_NIFTY_50_SESSION
TATAPOWER,daily,2006-10-21,2006-10-21,ABSENT_ON_OBSERVED_NIFTY_50_SESSION
TATAPOWER,daily,2009-10-17,2009-10-17,ABSENT_ON_OBSERVED_NIFTY_50_SESSION
TATAPOWER,daily,2010-02-06,2010-02-06,ABSENT_ON_OBSERVED_NIFTY_50_SESSION
TATAPOWER,daily,2011-10-26,2011-10-26,ABSENT_ON_OBSERVED_NIFTY_50_SESSION
TATAPOWER,daily,2012-01-07,2012-01-07,ABSENT_ON_OBSERVED_NIFTY_50_SESSION
TATAPOWER,daily,2012-03-03,2012-03-03,ABSENT_ON_OBSERVED_NIFTY_50_SESSION
TATAPOWER,daily,2012-04-28,2012-04-28,ABSENT_ON_OBSERVED_NIFTY_50_SESSION
TATAPOWER,daily,2012-09-08,2012-09-08,ABSENT_ON_OBSERVED_NIFTY_50_SESSION
TATAPOWER,daily,2013-05-11,2013-05-11,ABSENT_ON_OBSERVED_NIFTY_50_SESSION
TATAPOWER,daily,2013-11-03,2013-11-03,ABSENT_ON_OBSERVED_NIFTY_50_SESSION
TATAPOWER,daily,2014-03-22,2014-03-22,ABSENT_ON_OBSERVED_NIFTY_50_SESSION
TATAPOWER,daily,2015-02-28,2015-02-28,ABSENT_ON_OBSERVED_NIFTY_50_SESSION
TATAPOWER,daily,2016-10-30,2016-10-30,ABSENT_ON_OBSERVED_NIFTY_50_SESSION
TATAPOWER,daily,2017-10-19,2017-10-19,ABSENT_ON_OBSERVED_NIFTY_50_SESSION
TATAPOWER,daily,2018-11-07,2018-11-07,ABSENT_ON_OBSERVED_NIFTY_50_SESSION
TATASTEEL,daily,2003-03-22,2003-03-22,ABSENT_ON_OBSERVED_NIFTY_50_SESSION
TATASTEEL,daily,2003-10-25,2003-10-25,ABSENT_ON_OBSERVED_NIFTY_50_SESSION
TATASTEEL,daily,2003-11-15,2003-11-15,ABSENT_ON_OBSERVED_NIFTY_50_SESSION
TATASTEEL,daily,2004-04-17,2004-04-17,ABSENT_ON_OBSERVED_NIFTY_50_SESSION
TATASTEEL,daily,2004-05-24,2004-05-24,ABSENT_ON_OBSERVED_NIFTY_50_SESSION
TATASTEEL,daily,2004-05-25,2004-05-25,ABSENT_ON_OBSERVED_NIFTY_50_SESSION
TATASTEEL,daily,2004-05-26,2004-05-26,ABSENT_ON_OBSERVED_NIFTY_50_SESSION
TATASTEEL,daily,2004-05-27,2004-05-27,ABSENT_ON_OBSERVED_NIFTY_50_SESSION
TATASTEEL,daily,2004-05-28,2004-05-28,ABSENT_ON_OBSERVED_NIFTY_50_SESSION
TATASTEEL,daily,2004-05-31,2004-05-31,ABSENT_ON_OBSERVED_NIFTY_50_SESSION
TATASTEEL,daily,2004-06-01,2004-06-01,ABSENT_ON_OBSERVED_NIFTY_50_SESSION
TATASTEEL,daily,2004-06-02,2004-06-02,ABSENT_ON_OBSERVED_NIFTY_50_SESSION
TATASTEEL,daily,2004-06-03,2004-06-03,ABSENT_ON_OBSERVED_NIFTY_50_SESSION
TATASTEEL,daily,2004-06-04,2004-06-04,ABSENT_ON_OBSERVED_NIFTY_50_SESSION
TATASTEEL,daily,2004-06-07,2004-06-07,ABSENT_ON_OBSERVED_NIFTY_50_SESSION
TATASTEEL,daily,2004-06-08,2004-06-08,ABSENT_ON_OBSERVED_NIFTY_50_SESSION
TATASTEEL,daily,2004-06-09,2004-06-09,ABSENT_ON_OBSERVED_NIFTY_50_SESSION
TATASTEEL,daily,2004-06-10,2004-06-10,ABSENT_ON_OBSERVED_NIFTY_50_SESSION
TATASTEEL,daily,2004-06-11,2004-06-11,ABSENT_ON_OBSERVED_NIFTY_50_SESSION
TATASTEEL,daily,2004-06-14,2004-06-14,ABSENT_ON_OBSERVED_NIFTY_50_SESSION
TATASTEEL,daily,2004-06-15,2004-06-15,ABSENT_ON_OBSERVED_NIFTY_50_SESSION
TATASTEEL,daily,2004-06-16,2004-06-16,ABSENT_ON_OBSERVED_NIFTY_50_SESSION
TATASTEEL,daily,2004-06-17,2004-06-17,ABSENT_ON_OBSERVED_NIFTY_50_SESSION
TATASTEEL,daily,2004-06-18,2004-06-18,ABSENT_ON_OBSERVED_NIFTY_50_SESSION
TATASTEEL,daily,2004-06-21,2004-06-21,ABSENT_ON_OBSERVED_NIFTY_50_SESSION
TATASTEEL,daily,2004-06-22,2004-06-22,ABSENT_ON_OBSERVED_NIFTY_50_SESSION
TATASTEEL,daily,2004-10-09,2004-10-09,ABSENT_ON_OBSERVED_NIFTY_50_SESSION
TATASTEEL,daily,2005-06-04,2005-06-04,ABSENT_ON_OBSERVED_NIFTY_50_SESSION
TATASTEEL,daily,2005-11-26,2005-11-26,ABSENT_ON_OBSERVED_NIFTY_50_SESSION
TATASTEEL,daily,2006-04-29,2006-04-29,ABSENT_ON_OBSERVED_NIFTY_50_SESSION
TATASTEEL,daily,2006-06-25,2006-06-25,ABSENT_ON_OBSERVED_NIFTY_50_SESSION
TATASTEEL,daily,2006-10-21,2006-10-21,ABSENT_ON_OBSERVED_NIFTY_50_SESSION
TATASTEEL,daily,2009-10-17,2009-10-17,ABSENT_ON_OBSERVED_NIFTY_50_SESSION
TATASTEEL,daily,2010-02-06,2010-02-06,ABSENT_ON_OBSERVED_NIFTY_50_SESSION
TATASTEEL,daily,2011-10-26,2011-10-26,ABSENT_ON_OBSERVED_NIFTY_50_SESSION
TATASTEEL,daily,2012-01-07,2012-01-07,ABSENT_ON_OBSERVED_NIFTY_50_SESSION
TATASTEEL,daily,2012-03-03,2012-03-03,ABSENT_ON_OBSERVED_NIFTY_50_SESSION
TATASTEEL,daily,2012-04-28,2012-04-28,ABSENT_ON_OBSERVED_NIFTY_50_SESSION
TATASTEEL,daily,2012-09-08,2012-09-08,ABSENT_ON_OBSERVED_NIFTY_50_SESSION
TATASTEEL,daily,2013-05-11,2013-05-11,ABSENT_ON_OBSERVED_NIFTY_50_SESSION
TATASTEEL,daily,2013-11-03,2013-11-03,ABSENT_ON_OBSERVED_NIFTY_50_SESSION
TATASTEEL,daily,2014-03-22,2014-03-22,ABSENT_ON_OBSERVED_NIFTY_50_SESSION
TATASTEEL,daily,2015-02-28,2015-02-28,ABSENT_ON_OBSERVED_NIFTY_50_SESSION
TATASTEEL,daily,2016-10-30,2016-10-30,ABSENT_ON_OBSERVED_NIFTY_50_SESSION
TATASTEEL,daily,2017-10-19,2017-10-19,ABSENT_ON_OBSERVED_NIFTY_50_SESSION
TATASTEEL,daily,2018-11-07,2018-11-07,ABSENT_ON_OBSERVED_NIFTY_50_SESSION
TCS,daily,2004-10-09,2004-10-09,ABSENT_ON_OBSERVED_NIFTY_50_SESSION
TCS,daily,2005-06-04,2005-06-04,ABSENT_ON_OBSERVED_NIFTY_50_SESSION
TCS,daily,2005-11-26,2005-11-26,ABSENT_ON_OBSERVED_NIFTY_50_SESSION
TCS,daily,2006-04-29,2006-04-29,ABSENT_ON_OBSERVED_NIFTY_50_SESSION
TCS,daily,2006-06-25,2006-06-25,ABSENT_ON_OBSERVED_NIFTY_50_SESSION
TCS,daily,2006-10-21,2006-10-21,ABSENT_ON_OBSERVED_NIFTY_50_SESSION
TCS,daily,2009-10-17,2009-10-17,ABSENT_ON_OBSERVED_NIFTY_50_SESSION
TCS,daily,2010-02-06,2010-02-06,ABSENT_ON_OBSERVED_NIFTY_50_SESSION
TCS,daily,2011-10-26,2011-10-26,ABSENT_ON_OBSERVED_NIFTY_50_SESSION
TCS,daily,2012-01-07,2012-01-07,ABSENT_ON_OBSERVED_NIFTY_50_SESSION
TCS,daily,2012-03-03,2012-03-03,ABSENT_ON_OBSERVED_NIFTY_50_SESSION
TCS,daily,2012-04-28,2012-04-28,ABSENT_ON_OBSERVED_NIFTY_50_SESSION
TCS,daily,2012-09-08,2012-09-08,ABSENT_ON_OBSERVED_NIFTY_50_SESSION
TCS,daily,2013-05-11,2013-05-11,ABSENT_ON_OBSERVED_NIFTY_50_SESSION
TCS,daily,2013-11-03,2013-11-03,ABSENT_ON_OBSERVED_NIFTY_50_SESSION
TCS,daily,2014-03-22,2014-03-22,ABSENT_ON_OBSERVED_NIFTY_50_SESSION
TCS,daily,2015-02-28,2015-02-28,ABSENT_ON_OBSERVED_NIFTY_50_SESSION
TCS,daily,2016-10-30,2016-10-30,ABSENT_ON_OBSERVED_NIFTY_50_SESSION
TCS,daily,2017-10-19,2017-10-19,ABSENT_ON_OBSERVED_NIFTY_50_SESSION
TCS,daily,2018-11-07,2018-11-07,ABSENT_ON_OBSERVED_NIFTY_50_SESSION
TECHM,daily,2018-11-07,2018-11-07,ABSENT_ON_OBSERVED_NIFTY_50_SESSION
TIINDIA,daily,2018-11-07,2018-11-07,ABSENT_ON_OBSERVED_NIFTY_50_SESSION
TITAN,daily,2003-03-22,2003-03-22,ABSENT_ON_OBSERVED_NIFTY_50_SESSION
TITAN,daily,2003-10-25,2003-10-25,ABSENT_ON_OBSERVED_NIFTY_50_SESSION
TITAN,daily,2003-11-15,2003-11-15,ABSENT_ON_OBSERVED_NIFTY_50_SESSION
TITAN,daily,2004-04-17,2004-04-17,ABSENT_ON_OBSERVED_NIFTY_50_SESSION
TITAN,daily,2004-05-24,2004-05-24,ABSENT_ON_OBSERVED_NIFTY_50_SESSION
TITAN,daily,2004-05-25,2004-05-25,ABSENT_ON_OBSERVED_NIFTY_50_SESSION
TITAN,daily,2004-05-26,2004-05-26,ABSENT_ON_OBSERVED_NIFTY_50_SESSION
TITAN,daily,2004-05-27,2004-05-27,ABSENT_ON_OBSERVED_NIFTY_50_SESSION
TITAN,daily,2004-05-28,2004-05-28,ABSENT_ON_OBSERVED_NIFTY_50_SESSION
TITAN,daily,2004-05-31,2004-05-31,ABSENT_ON_OBSERVED_NIFTY_50_SESSION
TITAN,daily,2004-06-01,2004-06-01,ABSENT_ON_OBSERVED_NIFTY_50_SESSION
TITAN,daily,2004-06-02,2004-06-02,ABSENT_ON_OBSERVED_NIFTY_50_SESSION
TITAN,daily,2004-06-03,2004-06-03,ABSENT_ON_OBSERVED_NIFTY_50_SESSION
TITAN,daily,2004-06-04,2004-06-04,ABSENT_ON_OBSERVED_NIFTY_50_SESSION
TITAN,daily,2004-06-07,2004-06-07,ABSENT_ON_OBSERVED_NIFTY_50_SESSION
TITAN,daily,2004-06-08,2004-06-08,ABSENT_ON_OBSERVED_NIFTY_50_SESSION
TITAN,daily,2004-06-09,2004-06-09,ABSENT_ON_OBSERVED_NIFTY_50_SESSION
TITAN,daily,2004-06-10,2004-06-10,ABSENT_ON_OBSERVED_NIFTY_50_SESSION
TITAN,daily,2004-06-11,2004-06-11,ABSENT_ON_OBSERVED_NIFTY_50_SESSION
TITAN,daily,2004-06-14,2004-06-14,ABSENT_ON_OBSERVED_NIFTY_50_SESSION
TITAN,daily,2004-06-15,2004-06-15,ABSENT_ON_OBSERVED_NIFTY_50_SESSION
TITAN,daily,2004-06-16,2004-06-16,ABSENT_ON_OBSERVED_NIFTY_50_SESSION
TITAN,daily,2004-06-17,2004-06-17,ABSENT_ON_OBSERVED_NIFTY_50_SESSION
TITAN,daily,2004-06-18,2004-06-18,ABSENT_ON_OBSERVED_NIFTY_50_SESSION
TITAN,daily,2004-06-21,2004-06-21,ABSENT_ON_OBSERVED_NIFTY_50_SESSION
TITAN,daily,2004-06-22,2004-06-22,ABSENT_ON_OBSERVED_NIFTY_50_SESSION
TITAN,daily,2004-10-09,2004-10-09,ABSENT_ON_OBSERVED_NIFTY_50_SESSION
TITAN,daily,2005-06-04,2005-06-04,ABSENT_ON_OBSERVED_NIFTY_50_SESSION
TITAN,daily,2005-11-26,2005-11-26,ABSENT_ON_OBSERVED_NIFTY_50_SESSION
TITAN,daily,2006-04-29,2006-04-29,ABSENT_ON_OBSERVED_NIFTY_50_SESSION
TITAN,daily,2006-06-25,2006-06-25,ABSENT_ON_OBSERVED_NIFTY_50_SESSION
TITAN,daily,2006-10-21,2006-10-21,ABSENT_ON_OBSERVED_NIFTY_50_SESSION
TITAN,daily,2009-10-17,2009-10-17,ABSENT_ON_OBSERVED_NIFTY_50_SESSION
TITAN,daily,2010-02-06,2010-02-06,ABSENT_ON_OBSERVED_NIFTY_50_SESSION
TITAN,daily,2011-10-26,2011-10-26,ABSENT_ON_OBSERVED_NIFTY_50_SESSION
TITAN,daily,2012-01-07,2012-01-07,ABSENT_ON_OBSERVED_NIFTY_50_SESSION
TITAN,daily,2012-03-03,2012-03-03,ABSENT_ON_OBSERVED_NIFTY_50_SESSION
TITAN,daily,2012-04-28,2012-04-28,ABSENT_ON_OBSERVED_NIFTY_50_SESSION
TITAN,daily,2012-09-08,2012-09-08,ABSENT_ON_OBSERVED_NIFTY_50_SESSION
TITAN,daily,2013-05-11,2013-05-11,ABSENT_ON_OBSERVED_NIFTY_50_SESSION
TITAN,daily,2013-11-03,2013-11-03,ABSENT_ON_OBSERVED_NIFTY_50_SESSION
TITAN,daily,2014-03-22,2014-03-22,ABSENT_ON_OBSERVED_NIFTY_50_SESSION
TITAN,daily,2015-02-28,2015-02-28,ABSENT_ON_OBSERVED_NIFTY_50_SESSION
TITAN,daily,2016-10-30,2016-10-30,ABSENT_ON_OBSERVED_NIFTY_50_SESSION
TITAN,daily,2017-10-19,2017-10-19,ABSENT_ON_OBSERVED_NIFTY_50_SESSION
TITAN,daily,2018-11-07,2018-11-07,ABSENT_ON_OBSERVED_NIFTY_50_SESSION
TMPV,daily,2003-03-22,2003-03-22,ABSENT_ON_OBSERVED_NIFTY_50_SESSION
TMPV,daily,2003-10-25,2003-10-25,ABSENT_ON_OBSERVED_NIFTY_50_SESSION
TMPV,daily,2003-11-15,2003-11-15,ABSENT_ON_OBSERVED_NIFTY_50_SESSION
TMPV,daily,2004-04-17,2004-04-17,ABSENT_ON_OBSERVED_NIFTY_50_SESSION
TMPV,daily,2004-05-24,2004-05-24,ABSENT_ON_OBSERVED_NIFTY_50_SESSION
TMPV,daily,2004-05-25,2004-05-25,ABSENT_ON_OBSERVED_NIFTY_50_SESSION
TMPV,daily,2004-05-26,2004-05-26,ABSENT_ON_OBSERVED_NIFTY_50_SESSION
TMPV,daily,2004-05-27,2004-05-27,ABSENT_ON_OBSERVED_NIFTY_50_SESSION
TMPV,daily,2004-05-28,2004-05-28,ABSENT_ON_OBSERVED_NIFTY_50_SESSION
TMPV,daily,2004-05-31,2004-05-31,ABSENT_ON_OBSERVED_NIFTY_50_SESSION
TMPV,daily,2004-06-01,2004-06-01,ABSENT_ON_OBSERVED_NIFTY_50_SESSION
TMPV,daily,2004-06-02,2004-06-02,ABSENT_ON_OBSERVED_NIFTY_50_SESSION
TMPV,daily,2004-06-03,2004-06-03,ABSENT_ON_OBSERVED_NIFTY_50_SESSION
TMPV,daily,2004-06-04,2004-06-04,ABSENT_ON_OBSERVED_NIFTY_50_SESSION
TMPV,daily,2004-06-07,2004-06-07,ABSENT_ON_OBSERVED_NIFTY_50_SESSION
TMPV,daily,2004-06-08,2004-06-08,ABSENT_ON_OBSERVED_NIFTY_50_SESSION
TMPV,daily,2004-06-09,2004-06-09,ABSENT_ON_OBSERVED_NIFTY_50_SESSION
TMPV,daily,2004-06-10,2004-06-10,ABSENT_ON_OBSERVED_NIFTY_50_SESSION
TMPV,daily,2004-06-11,2004-06-11,ABSENT_ON_OBSERVED_NIFTY_50_SESSION
TMPV,daily,2004-06-14,2004-06-14,ABSENT_ON_OBSERVED_NIFTY_50_SESSION
TMPV,daily,2004-06-15,2004-06-15,ABSENT_ON_OBSERVED_NIFTY_50_SESSION
TMPV,daily,2004-06-16,2004-06-16,ABSENT_ON_OBSERVED_NIFTY_50_SESSION
TMPV,daily,2004-06-17,2004-06-17,ABSENT_ON_OBSERVED_NIFTY_50_SESSION
TMPV,daily,2004-06-18,2004-06-18,ABSENT_ON_OBSERVED_NIFTY_50_SESSION
TMPV,daily,2004-06-21,2004-06-21,ABSENT_ON_OBSERVED_NIFTY_50_SESSION
TMPV,daily,2004-06-22,2004-06-22,ABSENT_ON_OBSERVED_NIFTY_50_SESSION
TMPV,daily,2004-10-09,2004-10-09,ABSENT_ON_OBSERVED_NIFTY_50_SESSION
TMPV,daily,2005-06-04,2005-06-04,ABSENT_ON_OBSERVED_NIFTY_50_SESSION
TMPV,daily,2005-11-26,2005-11-26,ABSENT_ON_OBSERVED_NIFTY_50_SESSION
TMPV,daily,2006-04-29,2006-04-29,ABSENT_ON_OBSERVED_NIFTY_50_SESSION
TMPV,daily,2006-06-25,2006-06-25,ABSENT_ON_OBSERVED_NIFTY_50_SESSION
TMPV,daily,2006-10-21,2006-10-21,ABSENT_ON_OBSERVED_NIFTY_50_SESSION
TMPV,daily,2009-10-17,2009-10-17,ABSENT_ON_OBSERVED_NIFTY_50_SESSION
TMPV,daily,2010-02-06,2010-02-06,ABSENT_ON_OBSERVED_NIFTY_50_SESSION
TMPV,daily,2011-10-26,2011-10-26,ABSENT_ON_OBSERVED_NIFTY_50_SESSION
TMPV,daily,2012-01-07,2012-01-07,ABSENT_ON_OBSERVED_NIFTY_50_SESSION
TMPV,daily,2012-03-03,2012-03-03,ABSENT_ON_OBSERVED_NIFTY_50_SESSION
TMPV,daily,2012-04-28,2012-04-28,ABSENT_ON_OBSERVED_NIFTY_50_SESSION
TMPV,daily,2012-09-08,2012-09-08,ABSENT_ON_OBSERVED_NIFTY_50_SESSION
TMPV,daily,2013-05-11,2013-05-11,ABSENT_ON_OBSERVED_NIFTY_50_SESSION
TMPV,daily,2013-11-03,2013-11-03,ABSENT_ON_OBSERVED_NIFTY_50_SESSION
TMPV,daily,2014-03-22,2014-03-22,ABSENT_ON_OBSERVED_NIFTY_50_SESSION
TMPV,daily,2015-02-28,2015-02-28,ABSENT_ON_OBSERVED_NIFTY_50_SESSION
TMPV,daily,2016-10-30,2016-10-30,ABSENT_ON_OBSERVED_NIFTY_50_SESSION
TMPV,daily,2017-10-19,2017-10-19,ABSENT_ON_OBSERVED_NIFTY_50_SESSION
TMPV,daily,2018-11-07,2018-11-07,ABSENT_ON_OBSERVED_NIFTY_50_SESSION
TORNTPHARM,daily,2003-03-22,2003-03-22,ABSENT_ON_OBSERVED_NIFTY_50_SESSION
TORNTPHARM,daily,2003-10-25,2003-10-25,ABSENT_ON_OBSERVED_NIFTY_50_SESSION
TORNTPHARM,daily,2003-11-15,2003-11-15,ABSENT_ON_OBSERVED_NIFTY_50_SESSION
TORNTPHARM,daily,2004-04-17,2004-04-17,ABSENT_ON_OBSERVED_NIFTY_50_SESSION
TORNTPHARM,daily,2004-05-24,2004-05-24,ABSENT_ON_OBSERVED_NIFTY_50_SESSION
TORNTPHARM,daily,2004-05-25,2004-05-25,ABSENT_ON_OBSERVED_NIFTY_50_SESSION
TORNTPHARM,daily,2004-05-26,2004-05-26,ABSENT_ON_OBSERVED_NIFTY_50_SESSION
TORNTPHARM,daily,2004-05-27,2004-05-27,ABSENT_ON_OBSERVED_NIFTY_50_SESSION
TORNTPHARM,daily,2004-05-28,2004-05-28,ABSENT_ON_OBSERVED_NIFTY_50_SESSION
TORNTPHARM,daily,2004-05-31,2004-05-31,ABSENT_ON_OBSERVED_NIFTY_50_SESSION
TORNTPHARM,daily,2004-06-01,2004-06-01,ABSENT_ON_OBSERVED_NIFTY_50_SESSION
TORNTPHARM,daily,2004-06-02,2004-06-02,ABSENT_ON_OBSERVED_NIFTY_50_SESSION
TORNTPHARM,daily,2004-06-03,2004-06-03,ABSENT_ON_OBSERVED_NIFTY_50_SESSION
TORNTPHARM,daily,2004-06-04,2004-06-04,ABSENT_ON_OBSERVED_NIFTY_50_SESSION
TORNTPHARM,daily,2004-06-07,2004-06-07,ABSENT_ON_OBSERVED_NIFTY_50_SESSION
TORNTPHARM,daily,2004-06-08,2004-06-08,ABSENT_ON_OBSERVED_NIFTY_50_SESSION
TORNTPHARM,daily,2004-06-09,2004-06-09,ABSENT_ON_OBSERVED_NIFTY_50_SESSION
TORNTPHARM,daily,2004-06-10,2004-06-10,ABSENT_ON_OBSERVED_NIFTY_50_SESSION
TORNTPHARM,daily,2004-06-11,2004-06-11,ABSENT_ON_OBSERVED_NIFTY_50_SESSION
TORNTPHARM,daily,2004-06-14,2004-06-14,ABSENT_ON_OBSERVED_NIFTY_50_SESSION
TORNTPHARM,daily,2004-06-15,2004-06-15,ABSENT_ON_OBSERVED_NIFTY_50_SESSION
TORNTPHARM,daily,2004-06-16,2004-06-16,ABSENT_ON_OBSERVED_NIFTY_50_SESSION
TORNTPHARM,daily,2004-06-17,2004-06-17,ABSENT_ON_OBSERVED_NIFTY_50_SESSION
TORNTPHARM,daily,2004-06-18,2004-06-18,ABSENT_ON_OBSERVED_NIFTY_50_SESSION
TORNTPHARM,daily,2004-06-21,2004-06-21,ABSENT_ON_OBSERVED_NIFTY_50_SESSION
TORNTPHARM,daily,2004-06-22,2004-06-22,ABSENT_ON_OBSERVED_NIFTY_50_SESSION
TORNTPHARM,daily,2004-10-09,2004-10-09,ABSENT_ON_OBSERVED_NIFTY_50_SESSION
TORNTPHARM,daily,2005-06-04,2005-06-04,ABSENT_ON_OBSERVED_NIFTY_50_SESSION
TORNTPHARM,daily,2005-11-26,2005-11-26,ABSENT_ON_OBSERVED_NIFTY_50_SESSION
TORNTPHARM,daily,2006-04-29,2006-04-29,ABSENT_ON_OBSERVED_NIFTY_50_SESSION
TORNTPHARM,daily,2006-06-25,2006-06-25,ABSENT_ON_OBSERVED_NIFTY_50_SESSION
TORNTPHARM,daily,2006-10-21,2006-10-21,ABSENT_ON_OBSERVED_NIFTY_50_SESSION
TORNTPHARM,daily,2009-10-17,2009-10-17,ABSENT_ON_OBSERVED_NIFTY_50_SESSION
TORNTPHARM,daily,2010-02-06,2010-02-06,ABSENT_ON_OBSERVED_NIFTY_50_SESSION
TORNTPHARM,daily,2011-10-26,2011-10-26,ABSENT_ON_OBSERVED_NIFTY_50_SESSION
TORNTPHARM,daily,2012-01-07,2012-01-07,ABSENT_ON_OBSERVED_NIFTY_50_SESSION
TORNTPHARM,daily,2012-03-03,2012-03-03,ABSENT_ON_OBSERVED_NIFTY_50_SESSION
TORNTPHARM,daily,2012-04-28,2012-04-28,ABSENT_ON_OBSERVED_NIFTY_50_SESSION
TORNTPHARM,daily,2012-09-08,2012-09-08,ABSENT_ON_OBSERVED_NIFTY_50_SESSION
TORNTPHARM,daily,2013-05-11,2013-05-11,ABSENT_ON_OBSERVED_NIFTY_50_SESSION
TORNTPHARM,daily,2013-11-03,2013-11-03,ABSENT_ON_OBSERVED_NIFTY_50_SESSION
TORNTPHARM,daily,2014-03-22,2014-03-22,ABSENT_ON_OBSERVED_NIFTY_50_SESSION
TORNTPHARM,daily,2015-02-28,2015-02-28,ABSENT_ON_OBSERVED_NIFTY_50_SESSION
TORNTPHARM,daily,2016-10-30,2016-10-30,ABSENT_ON_OBSERVED_NIFTY_50_SESSION
TORNTPHARM,daily,2017-10-19,2017-10-19,ABSENT_ON_OBSERVED_NIFTY_50_SESSION
TORNTPHARM,daily,2018-11-07,2018-11-07,ABSENT_ON_OBSERVED_NIFTY_50_SESSION
TRENT,daily,2003-03-22,2003-03-22,ABSENT_ON_OBSERVED_NIFTY_50_SESSION
TRENT,daily,2003-10-25,2003-10-25,ABSENT_ON_OBSERVED_NIFTY_50_SESSION
TRENT,daily,2003-11-15,2003-11-15,ABSENT_ON_OBSERVED_NIFTY_50_SESSION
TRENT,daily,2004-04-17,2004-04-17,ABSENT_ON_OBSERVED_NIFTY_50_SESSION
TRENT,daily,2004-05-24,2004-05-24,ABSENT_ON_OBSERVED_NIFTY_50_SESSION
TRENT,daily,2004-05-25,2004-05-25,ABSENT_ON_OBSERVED_NIFTY_50_SESSION
TRENT,daily,2004-05-26,2004-05-26,ABSENT_ON_OBSERVED_NIFTY_50_SESSION
TRENT,daily,2004-05-27,2004-05-27,ABSENT_ON_OBSERVED_NIFTY_50_SESSION
TRENT,daily,2004-05-28,2004-05-28,ABSENT_ON_OBSERVED_NIFTY_50_SESSION
TRENT,daily,2004-05-31,2004-05-31,ABSENT_ON_OBSERVED_NIFTY_50_SESSION
TRENT,daily,2004-06-01,2004-06-01,ABSENT_ON_OBSERVED_NIFTY_50_SESSION
TRENT,daily,2004-06-02,2004-06-02,ABSENT_ON_OBSERVED_NIFTY_50_SESSION
TRENT,daily,2004-06-03,2004-06-03,ABSENT_ON_OBSERVED_NIFTY_50_SESSION
TRENT,daily,2004-06-04,2004-06-04,ABSENT_ON_OBSERVED_NIFTY_50_SESSION
TRENT,daily,2004-06-07,2004-06-07,ABSENT_ON_OBSERVED_NIFTY_50_SESSION
TRENT,daily,2004-06-08,2004-06-08,ABSENT_ON_OBSERVED_NIFTY_50_SESSION
TRENT,daily,2004-06-09,2004-06-09,ABSENT_ON_OBSERVED_NIFTY_50_SESSION
TRENT,daily,2004-06-10,2004-06-10,ABSENT_ON_OBSERVED_NIFTY_50_SESSION
TRENT,daily,2004-06-11,2004-06-11,ABSENT_ON_OBSERVED_NIFTY_50_SESSION
TRENT,daily,2004-06-14,2004-06-14,ABSENT_ON_OBSERVED_NIFTY_50_SESSION
TRENT,daily,2004-06-15,2004-06-15,ABSENT_ON_OBSERVED_NIFTY_50_SESSION
TRENT,daily,2004-06-16,2004-06-16,ABSENT_ON_OBSERVED_NIFTY_50_SESSION
TRENT,daily,2004-06-17,2004-06-17,ABSENT_ON_OBSERVED_NIFTY_50_SESSION
TRENT,daily,2004-06-18,2004-06-18,ABSENT_ON_OBSERVED_NIFTY_50_SESSION
TRENT,daily,2004-06-21,2004-06-21,ABSENT_ON_OBSERVED_NIFTY_50_SESSION
TRENT,daily,2004-06-22,2004-06-22,ABSENT_ON_OBSERVED_NIFTY_50_SESSION
TRENT,daily,2004-10-09,2004-10-09,ABSENT_ON_OBSERVED_NIFTY_50_SESSION
TRENT,daily,2005-06-04,2005-06-04,ABSENT_ON_OBSERVED_NIFTY_50_SESSION
TRENT,daily,2005-11-26,2005-11-26,ABSENT_ON_OBSERVED_NIFTY_50_SESSION
TRENT,daily,2006-04-29,2006-04-29,ABSENT_ON_OBSERVED_NIFTY_50_SESSION
TRENT,daily,2006-06-25,2006-06-25,ABSENT_ON_OBSERVED_NIFTY_50_SESSION
TRENT,daily,2006-10-21,2006-10-21,ABSENT_ON_OBSERVED_NIFTY_50_SESSION
TRENT,daily,2009-10-17,2009-10-17,ABSENT_ON_OBSERVED_NIFTY_50_SESSION
TRENT,daily,2010-02-06,2010-02-06,ABSENT_ON_OBSERVED_NIFTY_50_SESSION
TRENT,daily,2011-10-26,2011-10-26,ABSENT_ON_OBSERVED_NIFTY_50_SESSION
TRENT,daily,2012-01-07,2012-01-07,ABSENT_ON_OBSERVED_NIFTY_50_SESSION
TRENT,daily,2012-03-03,2012-03-03,ABSENT_ON_OBSERVED_NIFTY_50_SESSION
TRENT,daily,2012-04-28,2012-04-28,ABSENT_ON_OBSERVED_NIFTY_50_SESSION
TRENT,daily,2012-09-08,2012-09-08,ABSENT_ON_OBSERVED_NIFTY_50_SESSION
TRENT,daily,2013-05-11,2013-05-11,ABSENT_ON_OBSERVED_NIFTY_50_SESSION
TRENT,daily,2013-11-03,2013-11-03,ABSENT_ON_OBSERVED_NIFTY_50_SESSION
TRENT,daily,2014-03-22,2014-03-22,ABSENT_ON_OBSERVED_NIFTY_50_SESSION
TRENT,daily,2015-02-28,2015-02-28,ABSENT_ON_OBSERVED_NIFTY_50_SESSION
TRENT,daily,2016-10-30,2016-10-30,ABSENT_ON_OBSERVED_NIFTY_50_SESSION
TRENT,daily,2017-10-19,2017-10-19,ABSENT_ON_OBSERVED_NIFTY_50_SESSION
TRENT,daily,2018-11-07,2018-11-07,ABSENT_ON_OBSERVED_NIFTY_50_SESSION
TVSMOTOR,daily,2003-03-22,2003-03-22,ABSENT_ON_OBSERVED_NIFTY_50_SESSION
TVSMOTOR,daily,2003-10-25,2003-10-25,ABSENT_ON_OBSERVED_NIFTY_50_SESSION
TVSMOTOR,daily,2003-11-15,2003-11-15,ABSENT_ON_OBSERVED_NIFTY_50_SESSION
TVSMOTOR,daily,2004-04-17,2004-04-17,ABSENT_ON_OBSERVED_NIFTY_50_SESSION
TVSMOTOR,daily,2004-05-24,2004-05-24,ABSENT_ON_OBSERVED_NIFTY_50_SESSION
TVSMOTOR,daily,2004-05-25,2004-05-25,ABSENT_ON_OBSERVED_NIFTY_50_SESSION
TVSMOTOR,daily,2004-05-26,2004-05-26,ABSENT_ON_OBSERVED_NIFTY_50_SESSION
TVSMOTOR,daily,2004-05-27,2004-05-27,ABSENT_ON_OBSERVED_NIFTY_50_SESSION
TVSMOTOR,daily,2004-05-28,2004-05-28,ABSENT_ON_OBSERVED_NIFTY_50_SESSION
TVSMOTOR,daily,2004-05-31,2004-05-31,ABSENT_ON_OBSERVED_NIFTY_50_SESSION
TVSMOTOR,daily,2004-06-01,2004-06-01,ABSENT_ON_OBSERVED_NIFTY_50_SESSION
TVSMOTOR,daily,2004-06-02,2004-06-02,ABSENT_ON_OBSERVED_NIFTY_50_SESSION
TVSMOTOR,daily,2004-06-03,2004-06-03,ABSENT_ON_OBSERVED_NIFTY_50_SESSION
TVSMOTOR,daily,2004-06-04,2004-06-04,ABSENT_ON_OBSERVED_NIFTY_50_SESSION
TVSMOTOR,daily,2004-06-07,2004-06-07,ABSENT_ON_OBSERVED_NIFTY_50_SESSION
TVSMOTOR,daily,2004-06-08,2004-06-08,ABSENT_ON_OBSERVED_NIFTY_50_SESSION
TVSMOTOR,daily,2004-06-09,2004-06-09,ABSENT_ON_OBSERVED_NIFTY_50_SESSION
TVSMOTOR,daily,2004-06-10,2004-06-10,ABSENT_ON_OBSERVED_NIFTY_50_SESSION
TVSMOTOR,daily,2004-06-11,2004-06-11,ABSENT_ON_OBSERVED_NIFTY_50_SESSION
TVSMOTOR,daily,2004-06-14,2004-06-14,ABSENT_ON_OBSERVED_NIFTY_50_SESSION
TVSMOTOR,daily,2004-06-15,2004-06-15,ABSENT_ON_OBSERVED_NIFTY_50_SESSION
TVSMOTOR,daily,2004-06-16,2004-06-16,ABSENT_ON_OBSERVED_NIFTY_50_SESSION
TVSMOTOR,daily,2004-06-17,2004-06-17,ABSENT_ON_OBSERVED_NIFTY_50_SESSION
TVSMOTOR,daily,2004-06-18,2004-06-18,ABSENT_ON_OBSERVED_NIFTY_50_SESSION
TVSMOTOR,daily,2004-06-21,2004-06-21,ABSENT_ON_OBSERVED_NIFTY_50_SESSION
TVSMOTOR,daily,2004-06-22,2004-06-22,ABSENT_ON_OBSERVED_NIFTY_50_SESSION
TVSMOTOR,daily,2004-10-09,2004-10-09,ABSENT_ON_OBSERVED_NIFTY_50_SESSION
TVSMOTOR,daily,2005-06-04,2005-06-04,ABSENT_ON_OBSERVED_NIFTY_50_SESSION
TVSMOTOR,daily,2005-11-26,2005-11-26,ABSENT_ON_OBSERVED_NIFTY_50_SESSION
TVSMOTOR,daily,2006-04-29,2006-04-29,ABSENT_ON_OBSERVED_NIFTY_50_SESSION
TVSMOTOR,daily,2006-06-25,2006-06-25,ABSENT_ON_OBSERVED_NIFTY_50_SESSION
TVSMOTOR,daily,2006-10-21,2006-10-21,ABSENT_ON_OBSERVED_NIFTY_50_SESSION
TVSMOTOR,daily,2009-10-17,2009-10-17,ABSENT_ON_OBSERVED_NIFTY_50_SESSION
TVSMOTOR,daily,2010-02-06,2010-02-06,ABSENT_ON_OBSERVED_NIFTY_50_SESSION
TVSMOTOR,daily,2011-10-26,2011-10-26,ABSENT_ON_OBSERVED_NIFTY_50_SESSION
TVSMOTOR,daily,2012-01-07,2012-01-07,ABSENT_ON_OBSERVED_NIFTY_50_SESSION
TVSMOTOR,daily,2012-03-03,2012-03-03,ABSENT_ON_OBSERVED_NIFTY_50_SESSION
TVSMOTOR,daily,2012-04-28,2012-04-28,ABSENT_ON_OBSERVED_NIFTY_50_SESSION
TVSMOTOR,daily,2012-09-08,2012-09-08,ABSENT_ON_OBSERVED_NIFTY_50_SESSION
TVSMOTOR,daily,2013-05-11,2013-05-11,ABSENT_ON_OBSERVED_NIFTY_50_SESSION
TVSMOTOR,daily,2013-11-03,2013-11-03,ABSENT_ON_OBSERVED_NIFTY_50_SESSION
TVSMOTOR,daily,2014-03-22,2014-03-22,ABSENT_ON_OBSERVED_NIFTY_50_SESSION
TVSMOTOR,daily,2015-02-28,2015-02-28,ABSENT_ON_OBSERVED_NIFTY_50_SESSION
TVSMOTOR,daily,2016-10-30,2016-10-30,ABSENT_ON_OBSERVED_NIFTY_50_SESSION
TVSMOTOR,daily,2017-10-19,2017-10-19,ABSENT_ON_OBSERVED_NIFTY_50_SESSION
TVSMOTOR,daily,2018-11-07,2018-11-07,ABSENT_ON_OBSERVED_NIFTY_50_SESSION
ULTRACEMCO,daily,2004-10-09,2004-10-09,ABSENT_ON_OBSERVED_NIFTY_50_SESSION
ULTRACEMCO,daily,2005-06-04,2005-06-04,ABSENT_ON_OBSERVED_NIFTY_50_SESSION
ULTRACEMCO,daily,2005-11-26,2005-11-26,ABSENT_ON_OBSERVED_NIFTY_50_SESSION
ULTRACEMCO,daily,2006-04-29,2006-04-29,ABSENT_ON_OBSERVED_NIFTY_50_SESSION
ULTRACEMCO,daily,2006-06-25,2006-06-25,ABSENT_ON_OBSERVED_NIFTY_50_SESSION
ULTRACEMCO,daily,2006-10-21,2006-10-21,ABSENT_ON_OBSERVED_NIFTY_50_SESSION
ULTRACEMCO,daily,2009-10-17,2009-10-17,ABSENT_ON_OBSERVED_NIFTY_50_SESSION
ULTRACEMCO,daily,2010-02-06,2010-02-06,ABSENT_ON_OBSERVED_NIFTY_50_SESSION
ULTRACEMCO,daily,2011-10-26,2011-10-26,ABSENT_ON_OBSERVED_NIFTY_50_SESSION
ULTRACEMCO,daily,2012-01-07,2012-01-07,ABSENT_ON_OBSERVED_NIFTY_50_SESSION
ULTRACEMCO,daily,2012-03-03,2012-03-03,ABSENT_ON_OBSERVED_NIFTY_50_SESSION
ULTRACEMCO,daily,2012-04-28,2012-04-28,ABSENT_ON_OBSERVED_NIFTY_50_SESSION
ULTRACEMCO,daily,2012-09-08,2012-09-08,ABSENT_ON_OBSERVED_NIFTY_50_SESSION
ULTRACEMCO,daily,2013-05-11,2013-05-11,ABSENT_ON_OBSERVED_NIFTY_50_SESSION
ULTRACEMCO,daily,2013-11-03,2013-11-03,ABSENT_ON_OBSERVED_NIFTY_50_SESSION
ULTRACEMCO,daily,2014-03-22,2014-03-22,ABSENT_ON_OBSERVED_NIFTY_50_SESSION
ULTRACEMCO,daily,2015-02-28,2015-02-28,ABSENT_ON_OBSERVED_NIFTY_50_SESSION
ULTRACEMCO,daily,2016-10-30,2016-10-30,ABSENT_ON_OBSERVED_NIFTY_50_SESSION
ULTRACEMCO,daily,2017-10-19,2017-10-19,ABSENT_ON_OBSERVED_NIFTY_50_SESSION
ULTRACEMCO,daily,2018-11-07,2018-11-07,ABSENT_ON_OBSERVED_NIFTY_50_SESSION
UNIONBANK,daily,2003-03-22,2003-03-22,ABSENT_ON_OBSERVED_NIFTY_50_SESSION
UNIONBANK,daily,2003-10-25,2003-10-25,ABSENT_ON_OBSERVED_NIFTY_50_SESSION
UNIONBANK,daily,2003-11-15,2003-11-15,ABSENT_ON_OBSERVED_NIFTY_50_SESSION
UNIONBANK,daily,2004-04-17,2004-04-17,ABSENT_ON_OBSERVED_NIFTY_50_SESSION
UNIONBANK,daily,2004-05-24,2004-05-24,ABSENT_ON_OBSERVED_NIFTY_50_SESSION
UNIONBANK,daily,2004-05-25,2004-05-25,ABSENT_ON_OBSERVED_NIFTY_50_SESSION
UNIONBANK,daily,2004-05-26,2004-05-26,ABSENT_ON_OBSERVED_NIFTY_50_SESSION
UNIONBANK,daily,2004-05-27,2004-05-27,ABSENT_ON_OBSERVED_NIFTY_50_SESSION
UNIONBANK,daily,2004-05-28,2004-05-28,ABSENT_ON_OBSERVED_NIFTY_50_SESSION
UNIONBANK,daily,2004-05-31,2004-05-31,ABSENT_ON_OBSERVED_NIFTY_50_SESSION
UNIONBANK,daily,2004-06-01,2004-06-01,ABSENT_ON_OBSERVED_NIFTY_50_SESSION
UNIONBANK,daily,2004-06-02,2004-06-02,ABSENT_ON_OBSERVED_NIFTY_50_SESSION
UNIONBANK,daily,2004-06-03,2004-06-03,ABSENT_ON_OBSERVED_NIFTY_50_SESSION
UNIONBANK,daily,2004-06-04,2004-06-04,ABSENT_ON_OBSERVED_NIFTY_50_SESSION
UNIONBANK,daily,2004-06-07,2004-06-07,ABSENT_ON_OBSERVED_NIFTY_50_SESSION
UNIONBANK,daily,2004-06-08,2004-06-08,ABSENT_ON_OBSERVED_NIFTY_50_SESSION
UNIONBANK,daily,2004-06-09,2004-06-09,ABSENT_ON_OBSERVED_NIFTY_50_SESSION
UNIONBANK,daily,2004-06-10,2004-06-10,ABSENT_ON_OBSERVED_NIFTY_50_SESSION
UNIONBANK,daily,2004-06-11,2004-06-11,ABSENT_ON_OBSERVED_NIFTY_50_SESSION
UNIONBANK,daily,2004-06-14,2004-06-14,ABSENT_ON_OBSERVED_NIFTY_50_SESSION
UNIONBANK,daily,2004-06-15,2004-06-15,ABSENT_ON_OBSERVED_NIFTY_50_SESSION
UNIONBANK,daily,2004-06-16,2004-06-16,ABSENT_ON_OBSERVED_NIFTY_50_SESSION
UNIONBANK,daily,2004-06-17,2004-06-17,ABSENT_ON_OBSERVED_NIFTY_50_SESSION
UNIONBANK,daily,2004-06-18,2004-06-18,ABSENT_ON_OBSERVED_NIFTY_50_SESSION
UNIONBANK,daily,2004-06-21,2004-06-21,ABSENT_ON_OBSERVED_NIFTY_50_SESSION
UNIONBANK,daily,2004-06-22,2004-06-22,ABSENT_ON_OBSERVED_NIFTY_50_SESSION
UNIONBANK,daily,2004-10-09,2004-10-09,ABSENT_ON_OBSERVED_NIFTY_50_SESSION
UNIONBANK,daily,2005-06-04,2005-06-04,ABSENT_ON_OBSERVED_NIFTY_50_SESSION
UNIONBANK,daily,2005-11-26,2005-11-26,ABSENT_ON_OBSERVED_NIFTY_50_SESSION
UNIONBANK,daily,2006-04-29,2006-04-29,ABSENT_ON_OBSERVED_NIFTY_50_SESSION
UNIONBANK,daily,2006-06-25,2006-06-25,ABSENT_ON_OBSERVED_NIFTY_50_SESSION
UNIONBANK,daily,2006-10-21,2006-10-21,ABSENT_ON_OBSERVED_NIFTY_50_SESSION
UNIONBANK,daily,2009-10-17,2009-10-17,ABSENT_ON_OBSERVED_NIFTY_50_SESSION
UNIONBANK,daily,2010-02-06,2010-02-06,ABSENT_ON_OBSERVED_NIFTY_50_SESSION
UNIONBANK,daily,2011-10-26,2011-10-26,ABSENT_ON_OBSERVED_NIFTY_50_SESSION
UNIONBANK,daily,2012-01-07,2012-01-07,ABSENT_ON_OBSERVED_NIFTY_50_SESSION
UNIONBANK,daily,2012-03-03,2012-03-03,ABSENT_ON_OBSERVED_NIFTY_50_SESSION
UNIONBANK,daily,2012-04-28,2012-04-28,ABSENT_ON_OBSERVED_NIFTY_50_SESSION
UNIONBANK,daily,2012-09-08,2012-09-08,ABSENT_ON_OBSERVED_NIFTY_50_SESSION
UNIONBANK,daily,2013-05-11,2013-05-11,ABSENT_ON_OBSERVED_NIFTY_50_SESSION
UNIONBANK,daily,2013-11-03,2013-11-03,ABSENT_ON_OBSERVED_NIFTY_50_SESSION
UNIONBANK,daily,2014-03-22,2014-03-22,ABSENT_ON_OBSERVED_NIFTY_50_SESSION
UNIONBANK,daily,2015-02-28,2015-02-28,ABSENT_ON_OBSERVED_NIFTY_50_SESSION
UNIONBANK,daily,2016-10-30,2016-10-30,ABSENT_ON_OBSERVED_NIFTY_50_SESSION
UNIONBANK,daily,2017-10-19,2017-10-19,ABSENT_ON_OBSERVED_NIFTY_50_SESSION
UNIONBANK,daily,2018-11-07,2018-11-07,ABSENT_ON_OBSERVED_NIFTY_50_SESSION
UNITDSPR,daily,2003-03-22,2003-03-22,ABSENT_ON_OBSERVED_NIFTY_50_SESSION
UNITDSPR,daily,2003-10-25,2003-10-25,ABSENT_ON_OBSERVED_NIFTY_50_SESSION
UNITDSPR,daily,2003-11-15,2003-11-15,ABSENT_ON_OBSERVED_NIFTY_50_SESSION
UNITDSPR,daily,2004-04-17,2004-04-17,ABSENT_ON_OBSERVED_NIFTY_50_SESSION
UNITDSPR,daily,2004-05-24,2004-05-24,ABSENT_ON_OBSERVED_NIFTY_50_SESSION
UNITDSPR,daily,2004-05-25,2004-05-25,ABSENT_ON_OBSERVED_NIFTY_50_SESSION
UNITDSPR,daily,2004-05-26,2004-05-26,ABSENT_ON_OBSERVED_NIFTY_50_SESSION
UNITDSPR,daily,2004-05-27,2004-05-27,ABSENT_ON_OBSERVED_NIFTY_50_SESSION
UNITDSPR,daily,2004-05-28,2004-05-28,ABSENT_ON_OBSERVED_NIFTY_50_SESSION
UNITDSPR,daily,2004-05-31,2004-05-31,ABSENT_ON_OBSERVED_NIFTY_50_SESSION
UNITDSPR,daily,2004-06-01,2004-06-01,ABSENT_ON_OBSERVED_NIFTY_50_SESSION
UNITDSPR,daily,2004-06-02,2004-06-02,ABSENT_ON_OBSERVED_NIFTY_50_SESSION
UNITDSPR,daily,2004-06-03,2004-06-03,ABSENT_ON_OBSERVED_NIFTY_50_SESSION
UNITDSPR,daily,2004-06-04,2004-06-04,ABSENT_ON_OBSERVED_NIFTY_50_SESSION
UNITDSPR,daily,2004-06-07,2004-06-07,ABSENT_ON_OBSERVED_NIFTY_50_SESSION
UNITDSPR,daily,2004-06-08,2004-06-08,ABSENT_ON_OBSERVED_NIFTY_50_SESSION
UNITDSPR,daily,2004-06-09,2004-06-09,ABSENT_ON_OBSERVED_NIFTY_50_SESSION
UNITDSPR,daily,2004-06-10,2004-06-10,ABSENT_ON_OBSERVED_NIFTY_50_SESSION
UNITDSPR,daily,2004-06-11,2004-06-11,ABSENT_ON_OBSERVED_NIFTY_50_SESSION
UNITDSPR,daily,2004-06-14,2004-06-14,ABSENT_ON_OBSERVED_NIFTY_50_SESSION
UNITDSPR,daily,2004-06-15,2004-06-15,ABSENT_ON_OBSERVED_NIFTY_50_SESSION
UNITDSPR,daily,2004-06-16,2004-06-16,ABSENT_ON_OBSERVED_NIFTY_50_SESSION
UNITDSPR,daily,2004-06-17,2004-06-17,ABSENT_ON_OBSERVED_NIFTY_50_SESSION
UNITDSPR,daily,2004-06-18,2004-06-18,ABSENT_ON_OBSERVED_NIFTY_50_SESSION
UNITDSPR,daily,2004-06-21,2004-06-21,ABSENT_ON_OBSERVED_NIFTY_50_SESSION
UNITDSPR,daily,2004-06-22,2004-06-22,ABSENT_ON_OBSERVED_NIFTY_50_SESSION
UNITDSPR,daily,2004-10-09,2004-10-09,ABSENT_ON_OBSERVED_NIFTY_50_SESSION
UNITDSPR,daily,2005-06-04,2005-06-04,ABSENT_ON_OBSERVED_NIFTY_50_SESSION
UNITDSPR,daily,2005-11-26,2005-11-26,ABSENT_ON_OBSERVED_NIFTY_50_SESSION
UNITDSPR,daily,2006-04-29,2006-04-29,ABSENT_ON_OBSERVED_NIFTY_50_SESSION
UNITDSPR,daily,2006-06-25,2006-06-25,ABSENT_ON_OBSERVED_NIFTY_50_SESSION
UNITDSPR,daily,2006-10-21,2006-10-21,ABSENT_ON_OBSERVED_NIFTY_50_SESSION
UNITDSPR,daily,2009-10-17,2009-10-17,ABSENT_ON_OBSERVED_NIFTY_50_SESSION
UNITDSPR,daily,2010-02-06,2010-02-06,ABSENT_ON_OBSERVED_NIFTY_50_SESSION
UNITDSPR,daily,2011-10-26,2011-10-26,ABSENT_ON_OBSERVED_NIFTY_50_SESSION
UNITDSPR,daily,2012-01-07,2012-01-07,ABSENT_ON_OBSERVED_NIFTY_50_SESSION
UNITDSPR,daily,2012-03-03,2012-03-03,ABSENT_ON_OBSERVED_NIFTY_50_SESSION
UNITDSPR,daily,2012-04-28,2012-04-28,ABSENT_ON_OBSERVED_NIFTY_50_SESSION
UNITDSPR,daily,2012-09-08,2012-09-08,ABSENT_ON_OBSERVED_NIFTY_50_SESSION
UNITDSPR,daily,2013-05-11,2013-05-11,ABSENT_ON_OBSERVED_NIFTY_50_SESSION
UNITDSPR,daily,2013-11-03,2013-11-03,ABSENT_ON_OBSERVED_NIFTY_50_SESSION
UNITDSPR,daily,2014-03-22,2014-03-22,ABSENT_ON_OBSERVED_NIFTY_50_SESSION
UNITDSPR,daily,2015-02-28,2015-02-28,ABSENT_ON_OBSERVED_NIFTY_50_SESSION
UNITDSPR,daily,2016-10-30,2016-10-30,ABSENT_ON_OBSERVED_NIFTY_50_SESSION
UNITDSPR,daily,2017-10-19,2017-10-19,ABSENT_ON_OBSERVED_NIFTY_50_SESSION
UNITDSPR,daily,2018-11-07,2018-11-07,ABSENT_ON_OBSERVED_NIFTY_50_SESSION
UNITDSPR,daily,2019-11-08,2019-11-08,ABSENT_ON_OBSERVED_NIFTY_50_SESSION
UPL,daily,2004-04-17,2004-04-17,ABSENT_ON_OBSERVED_NIFTY_50_SESSION
UPL,daily,2004-05-24,2004-05-24,ABSENT_ON_OBSERVED_NIFTY_50_SESSION
UPL,daily,2004-05-25,2004-05-25,ABSENT_ON_OBSERVED_NIFTY_50_SESSION
UPL,daily,2004-05-26,2004-05-26,ABSENT_ON_OBSERVED_NIFTY_50_SESSION
UPL,daily,2004-05-27,2004-05-27,ABSENT_ON_OBSERVED_NIFTY_50_SESSION
UPL,daily,2004-05-28,2004-05-28,ABSENT_ON_OBSERVED_NIFTY_50_SESSION
UPL,daily,2004-05-31,2004-05-31,ABSENT_ON_OBSERVED_NIFTY_50_SESSION
UPL,daily,2004-06-01,2004-06-01,ABSENT_ON_OBSERVED_NIFTY_50_SESSION
UPL,daily,2004-06-02,2004-06-02,ABSENT_ON_OBSERVED_NIFTY_50_SESSION
UPL,daily,2004-06-03,2004-06-03,ABSENT_ON_OBSERVED_NIFTY_50_SESSION
UPL,daily,2004-06-04,2004-06-04,ABSENT_ON_OBSERVED_NIFTY_50_SESSION
UPL,daily,2004-06-07,2004-06-07,ABSENT_ON_OBSERVED_NIFTY_50_SESSION
UPL,daily,2004-06-08,2004-06-08,ABSENT_ON_OBSERVED_NIFTY_50_SESSION
UPL,daily,2004-06-09,2004-06-09,ABSENT_ON_OBSERVED_NIFTY_50_SESSION
UPL,daily,2004-06-10,2004-06-10,ABSENT_ON_OBSERVED_NIFTY_50_SESSION
UPL,daily,2004-06-11,2004-06-11,ABSENT_ON_OBSERVED_NIFTY_50_SESSION
UPL,daily,2004-06-14,2004-06-14,ABSENT_ON_OBSERVED_NIFTY_50_SESSION
UPL,daily,2004-06-15,2004-06-15,ABSENT_ON_OBSERVED_NIFTY_50_SESSION
UPL,daily,2004-06-16,2004-06-16,ABSENT_ON_OBSERVED_NIFTY_50_SESSION
UPL,daily,2004-06-17,2004-06-17,ABSENT_ON_OBSERVED_NIFTY_50_SESSION
UPL,daily,2004-06-18,2004-06-18,ABSENT_ON_OBSERVED_NIFTY_50_SESSION
UPL,daily,2004-06-21,2004-06-21,ABSENT_ON_OBSERVED_NIFTY_50_SESSION
UPL,daily,2004-06-22,2004-06-22,ABSENT_ON_OBSERVED_NIFTY_50_SESSION
UPL,daily,2004-10-09,2004-10-09,ABSENT_ON_OBSERVED_NIFTY_50_SESSION
UPL,daily,2005-06-04,2005-06-04,ABSENT_ON_OBSERVED_NIFTY_50_SESSION
UPL,daily,2005-11-26,2005-11-26,ABSENT_ON_OBSERVED_NIFTY_50_SESSION
UPL,daily,2006-04-29,2006-04-29,ABSENT_ON_OBSERVED_NIFTY_50_SESSION
UPL,daily,2006-06-25,2006-06-25,ABSENT_ON_OBSERVED_NIFTY_50_SESSION
UPL,daily,2006-10-21,2006-10-21,ABSENT_ON_OBSERVED_NIFTY_50_SESSION
UPL,daily,2009-10-17,2009-10-17,ABSENT_ON_OBSERVED_NIFTY_50_SESSION
UPL,daily,2010-02-06,2010-02-06,ABSENT_ON_OBSERVED_NIFTY_50_SESSION
UPL,daily,2011-10-26,2011-10-26,ABSENT_ON_OBSERVED_NIFTY_50_SESSION
UPL,daily,2012-01-07,2012-01-07,ABSENT_ON_OBSERVED_NIFTY_50_SESSION
UPL,daily,2012-03-03,2012-03-03,ABSENT_ON_OBSERVED_NIFTY_50_SESSION
UPL,daily,2012-04-28,2012-04-28,ABSENT_ON_OBSERVED_NIFTY_50_SESSION
UPL,daily,2012-09-08,2012-09-08,ABSENT_ON_OBSERVED_NIFTY_50_SESSION
UPL,daily,2013-05-11,2013-05-11,ABSENT_ON_OBSERVED_NIFTY_50_SESSION
UPL,daily,2013-11-03,2013-11-03,ABSENT_ON_OBSERVED_NIFTY_50_SESSION
UPL,daily,2014-03-22,2014-03-22,ABSENT_ON_OBSERVED_NIFTY_50_SESSION
UPL,daily,2015-02-28,2015-02-28,ABSENT_ON_OBSERVED_NIFTY_50_SESSION
UPL,daily,2016-10-30,2016-10-30,ABSENT_ON_OBSERVED_NIFTY_50_SESSION
UPL,daily,2017-10-19,2017-10-19,ABSENT_ON_OBSERVED_NIFTY_50_SESSION
UPL,daily,2018-11-07,2018-11-07,ABSENT_ON_OBSERVED_NIFTY_50_SESSION
VBL,daily,2017-10-19,2017-10-19,ABSENT_ON_OBSERVED_NIFTY_50_SESSION
VBL,daily,2018-11-07,2018-11-07,ABSENT_ON_OBSERVED_NIFTY_50_SESSION
VEDL,daily,2005-01-12,2005-01-12,ABSENT_ON_OBSERVED_NIFTY_50_SESSION
VEDL,daily,2005-01-13,2005-01-13,ABSENT_ON_OBSERVED_NIFTY_50_SESSION
VEDL,daily,2005-06-04,2005-06-04,ABSENT_ON_OBSERVED_NIFTY_50_SESSION
VEDL,daily,2005-11-26,2005-11-26,ABSENT_ON_OBSERVED_NIFTY_50_SESSION
VEDL,daily,2006-04-29,2006-04-29,ABSENT_ON_OBSERVED_NIFTY_50_SESSION
VEDL,daily,2006-06-25,2006-06-25,ABSENT_ON_OBSERVED_NIFTY_50_SESSION
VEDL,daily,2006-10-21,2006-10-21,ABSENT_ON_OBSERVED_NIFTY_50_SESSION
VEDL,daily,2009-10-17,2009-10-17,ABSENT_ON_OBSERVED_NIFTY_50_SESSION
VEDL,daily,2010-02-06,2010-02-06,ABSENT_ON_OBSERVED_NIFTY_50_SESSION
VEDL,daily,2011-10-26,2011-10-26,ABSENT_ON_OBSERVED_NIFTY_50_SESSION
VEDL,daily,2012-01-07,2012-01-07,ABSENT_ON_OBSERVED_NIFTY_50_SESSION
VEDL,daily,2012-03-03,2012-03-03,ABSENT_ON_OBSERVED_NIFTY_50_SESSION
VEDL,daily,2012-04-28,2012-04-28,ABSENT_ON_OBSERVED_NIFTY_50_SESSION
VEDL,daily,2012-09-08,2012-09-08,ABSENT_ON_OBSERVED_NIFTY_50_SESSION
VEDL,daily,2013-05-11,2013-05-11,ABSENT_ON_OBSERVED_NIFTY_50_SESSION
VEDL,daily,2013-11-03,2013-11-03,ABSENT_ON_OBSERVED_NIFTY_50_SESSION
VEDL,daily,2014-03-22,2014-03-22,ABSENT_ON_OBSERVED_NIFTY_50_SESSION
VEDL,daily,2015-02-28,2015-02-28,ABSENT_ON_OBSERVED_NIFTY_50_SESSION
VEDL,daily,2016-10-30,2016-10-30,ABSENT_ON_OBSERVED_NIFTY_50_SESSION
VEDL,daily,2017-10-19,2017-10-19,ABSENT_ON_OBSERVED_NIFTY_50_SESSION
VEDL,daily,2018-11-07,2018-11-07,ABSENT_ON_OBSERVED_NIFTY_50_SESSION
VOLTAS,daily,2003-03-22,2003-03-22,ABSENT_ON_OBSERVED_NIFTY_50_SESSION
VOLTAS,daily,2003-10-25,2003-10-25,ABSENT_ON_OBSERVED_NIFTY_50_SESSION
VOLTAS,daily,2003-11-15,2003-11-15,ABSENT_ON_OBSERVED_NIFTY_50_SESSION
VOLTAS,daily,2004-04-17,2004-04-17,ABSENT_ON_OBSERVED_NIFTY_50_SESSION
VOLTAS,daily,2004-05-24,2004-05-24,ABSENT_ON_OBSERVED_NIFTY_50_SESSION
VOLTAS,daily,2004-05-25,2004-05-25,ABSENT_ON_OBSERVED_NIFTY_50_SESSION
VOLTAS,daily,2004-05-26,2004-05-26,ABSENT_ON_OBSERVED_NIFTY_50_SESSION
VOLTAS,daily,2004-05-27,2004-05-27,ABSENT_ON_OBSERVED_NIFTY_50_SESSION
VOLTAS,daily,2004-05-28,2004-05-28,ABSENT_ON_OBSERVED_NIFTY_50_SESSION
VOLTAS,daily,2004-05-31,2004-05-31,ABSENT_ON_OBSERVED_NIFTY_50_SESSION
VOLTAS,daily,2004-06-01,2004-06-01,ABSENT_ON_OBSERVED_NIFTY_50_SESSION
VOLTAS,daily,2004-06-02,2004-06-02,ABSENT_ON_OBSERVED_NIFTY_50_SESSION
VOLTAS,daily,2004-06-03,2004-06-03,ABSENT_ON_OBSERVED_NIFTY_50_SESSION
VOLTAS,daily,2004-06-04,2004-06-04,ABSENT_ON_OBSERVED_NIFTY_50_SESSION
VOLTAS,daily,2004-06-07,2004-06-07,ABSENT_ON_OBSERVED_NIFTY_50_SESSION
VOLTAS,daily,2004-06-08,2004-06-08,ABSENT_ON_OBSERVED_NIFTY_50_SESSION
VOLTAS,daily,2004-06-09,2004-06-09,ABSENT_ON_OBSERVED_NIFTY_50_SESSION
VOLTAS,daily,2004-06-10,2004-06-10,ABSENT_ON_OBSERVED_NIFTY_50_SESSION
VOLTAS,daily,2004-06-11,2004-06-11,ABSENT_ON_OBSERVED_NIFTY_50_SESSION
VOLTAS,daily,2004-06-14,2004-06-14,ABSENT_ON_OBSERVED_NIFTY_50_SESSION
VOLTAS,daily,2004-06-15,2004-06-15,ABSENT_ON_OBSERVED_NIFTY_50_SESSION
VOLTAS,daily,2004-06-16,2004-06-16,ABSENT_ON_OBSERVED_NIFTY_50_SESSION
VOLTAS,daily,2004-06-17,2004-06-17,ABSENT_ON_OBSERVED_NIFTY_50_SESSION
VOLTAS,daily,2004-06-18,2004-06-18,ABSENT_ON_OBSERVED_NIFTY_50_SESSION
VOLTAS,daily,2004-06-21,2004-06-21,ABSENT_ON_OBSERVED_NIFTY_50_SESSION
VOLTAS,daily,2004-06-22,2004-06-22,ABSENT_ON_OBSERVED_NIFTY_50_SESSION
VOLTAS,daily,2004-10-09,2004-10-09,ABSENT_ON_OBSERVED_NIFTY_50_SESSION
VOLTAS,daily,2005-06-04,2005-06-04,ABSENT_ON_OBSERVED_NIFTY_50_SESSION
VOLTAS,daily,2005-11-26,2005-11-26,ABSENT_ON_OBSERVED_NIFTY_50_SESSION
VOLTAS,daily,2006-04-29,2006-04-29,ABSENT_ON_OBSERVED_NIFTY_50_SESSION
VOLTAS,daily,2006-06-25,2006-06-25,ABSENT_ON_OBSERVED_NIFTY_50_SESSION
VOLTAS,daily,2006-10-21,2006-10-21,ABSENT_ON_OBSERVED_NIFTY_50_SESSION
VOLTAS,daily,2009-10-17,2009-10-17,ABSENT_ON_OBSERVED_NIFTY_50_SESSION
VOLTAS,daily,2010-02-06,2010-02-06,ABSENT_ON_OBSERVED_NIFTY_50_SESSION
VOLTAS,daily,2011-10-26,2011-10-26,ABSENT_ON_OBSERVED_NIFTY_50_SESSION
VOLTAS,daily,2012-01-07,2012-01-07,ABSENT_ON_OBSERVED_NIFTY_50_SESSION
VOLTAS,daily,2012-03-03,2012-03-03,ABSENT_ON_OBSERVED_NIFTY_50_SESSION
VOLTAS,daily,2012-04-28,2012-04-28,ABSENT_ON_OBSERVED_NIFTY_50_SESSION
VOLTAS,daily,2012-09-08,2012-09-08,ABSENT_ON_OBSERVED_NIFTY_50_SESSION
VOLTAS,daily,2013-05-11,2013-05-11,ABSENT_ON_OBSERVED_NIFTY_50_SESSION
VOLTAS,daily,2013-11-03,2013-11-03,ABSENT_ON_OBSERVED_NIFTY_50_SESSION
VOLTAS,daily,2014-03-22,2014-03-22,ABSENT_ON_OBSERVED_NIFTY_50_SESSION
VOLTAS,daily,2015-02-28,2015-02-28,ABSENT_ON_OBSERVED_NIFTY_50_SESSION
VOLTAS,daily,2016-10-30,2016-10-30,ABSENT_ON_OBSERVED_NIFTY_50_SESSION
VOLTAS,daily,2017-10-19,2017-10-19,ABSENT_ON_OBSERVED_NIFTY_50_SESSION
VOLTAS,daily,2018-11-07,2018-11-07,ABSENT_ON_OBSERVED_NIFTY_50_SESSION
WIPRO,daily,2003-03-22,2003-03-22,ABSENT_ON_OBSERVED_NIFTY_50_SESSION
WIPRO,daily,2003-10-25,2003-10-25,ABSENT_ON_OBSERVED_NIFTY_50_SESSION
WIPRO,daily,2003-11-15,2003-11-15,ABSENT_ON_OBSERVED_NIFTY_50_SESSION
WIPRO,daily,2004-04-17,2004-04-17,ABSENT_ON_OBSERVED_NIFTY_50_SESSION
WIPRO,daily,2004-05-24,2004-05-24,ABSENT_ON_OBSERVED_NIFTY_50_SESSION
WIPRO,daily,2004-05-25,2004-05-25,ABSENT_ON_OBSERVED_NIFTY_50_SESSION
WIPRO,daily,2004-05-26,2004-05-26,ABSENT_ON_OBSERVED_NIFTY_50_SESSION
WIPRO,daily,2004-05-27,2004-05-27,ABSENT_ON_OBSERVED_NIFTY_50_SESSION
WIPRO,daily,2004-05-28,2004-05-28,ABSENT_ON_OBSERVED_NIFTY_50_SESSION
WIPRO,daily,2004-05-31,2004-05-31,ABSENT_ON_OBSERVED_NIFTY_50_SESSION
WIPRO,daily,2004-06-01,2004-06-01,ABSENT_ON_OBSERVED_NIFTY_50_SESSION
WIPRO,daily,2004-06-02,2004-06-02,ABSENT_ON_OBSERVED_NIFTY_50_SESSION
WIPRO,daily,2004-06-03,2004-06-03,ABSENT_ON_OBSERVED_NIFTY_50_SESSION
WIPRO,daily,2004-06-04,2004-06-04,ABSENT_ON_OBSERVED_NIFTY_50_SESSION
WIPRO,daily,2004-06-07,2004-06-07,ABSENT_ON_OBSERVED_NIFTY_50_SESSION
WIPRO,daily,2004-06-08,2004-06-08,ABSENT_ON_OBSERVED_NIFTY_50_SESSION
WIPRO,daily,2004-06-09,2004-06-09,ABSENT_ON_OBSERVED_NIFTY_50_SESSION
WIPRO,daily,2004-06-10,2004-06-10,ABSENT_ON_OBSERVED_NIFTY_50_SESSION
WIPRO,daily,2004-06-11,2004-06-11,ABSENT_ON_OBSERVED_NIFTY_50_SESSION
WIPRO,daily,2004-06-14,2004-06-14,ABSENT_ON_OBSERVED_NIFTY_50_SESSION
WIPRO,daily,2004-06-15,2004-06-15,ABSENT_ON_OBSERVED_NIFTY_50_SESSION
WIPRO,daily,2004-06-16,2004-06-16,ABSENT_ON_OBSERVED_NIFTY_50_SESSION
WIPRO,daily,2004-06-17,2004-06-17,ABSENT_ON_OBSERVED_NIFTY_50_SESSION
WIPRO,daily,2004-06-18,2004-06-18,ABSENT_ON_OBSERVED_NIFTY_50_SESSION
WIPRO,daily,2004-06-21,2004-06-21,ABSENT_ON_OBSERVED_NIFTY_50_SESSION
WIPRO,daily,2004-06-22,2004-06-22,ABSENT_ON_OBSERVED_NIFTY_50_SESSION
WIPRO,daily,2004-10-09,2004-10-09,ABSENT_ON_OBSERVED_NIFTY_50_SESSION
WIPRO,daily,2005-06-04,2005-06-04,ABSENT_ON_OBSERVED_NIFTY_50_SESSION
WIPRO,daily,2005-11-26,2005-11-26,ABSENT_ON_OBSERVED_NIFTY_50_SESSION
WIPRO,daily,2006-04-29,2006-04-29,ABSENT_ON_OBSERVED_NIFTY_50_SESSION
WIPRO,daily,2006-06-25,2006-06-25,ABSENT_ON_OBSERVED_NIFTY_50_SESSION
WIPRO,daily,2006-10-21,2006-10-21,ABSENT_ON_OBSERVED_NIFTY_50_SESSION
WIPRO,daily,2009-10-17,2009-10-17,ABSENT_ON_OBSERVED_NIFTY_50_SESSION
WIPRO,daily,2010-02-06,2010-02-06,ABSENT_ON_OBSERVED_NIFTY_50_SESSION
WIPRO,daily,2011-10-26,2011-10-26,ABSENT_ON_OBSERVED_NIFTY_50_SESSION
WIPRO,daily,2012-01-07,2012-01-07,ABSENT_ON_OBSERVED_NIFTY_50_SESSION
WIPRO,daily,2012-03-03,2012-03-03,ABSENT_ON_OBSERVED_NIFTY_50_SESSION
WIPRO,daily,2012-04-28,2012-04-28,ABSENT_ON_OBSERVED_NIFTY_50_SESSION
WIPRO,daily,2012-09-08,2012-09-08,ABSENT_ON_OBSERVED_NIFTY_50_SESSION
WIPRO,daily,2013-05-11,2013-05-11,ABSENT_ON_OBSERVED_NIFTY_50_SESSION
WIPRO,daily,2013-11-03,2013-11-03,ABSENT_ON_OBSERVED_NIFTY_50_SESSION
WIPRO,daily,2014-03-22,2014-03-22,ABSENT_ON_OBSERVED_NIFTY_50_SESSION
WIPRO,daily,2015-02-28,2015-02-28,ABSENT_ON_OBSERVED_NIFTY_50_SESSION
WIPRO,daily,2016-10-30,2016-10-30,ABSENT_ON_OBSERVED_NIFTY_50_SESSION
WIPRO,daily,2017-10-19,2017-10-19,ABSENT_ON_OBSERVED_NIFTY_50_SESSION
WIPRO,daily,2018-11-07,2018-11-07,ABSENT_ON_OBSERVED_NIFTY_50_SESSION
YESBANK,daily,2005-11-26,2005-11-26,ABSENT_ON_OBSERVED_NIFTY_50_SESSION
YESBANK,daily,2006-04-29,2006-04-29,ABSENT_ON_OBSERVED_NIFTY_50_SESSION
YESBANK,daily,2006-06-25,2006-06-25,ABSENT_ON_OBSERVED_NIFTY_50_SESSION
YESBANK,daily,2006-10-21,2006-10-21,ABSENT_ON_OBSERVED_NIFTY_50_SESSION
YESBANK,daily,2009-10-17,2009-10-17,ABSENT_ON_OBSERVED_NIFTY_50_SESSION
YESBANK,daily,2010-02-06,2010-02-06,ABSENT_ON_OBSERVED_NIFTY_50_SESSION
YESBANK,daily,2011-10-26,2011-10-26,ABSENT_ON_OBSERVED_NIFTY_50_SESSION
YESBANK,daily,2012-01-07,2012-01-07,ABSENT_ON_OBSERVED_NIFTY_50_SESSION
YESBANK,daily,2012-03-03,2012-03-03,ABSENT_ON_OBSERVED_NIFTY_50_SESSION
YESBANK,daily,2012-04-28,2012-04-28,ABSENT_ON_OBSERVED_NIFTY_50_SESSION
YESBANK,daily,2012-09-08,2012-09-08,ABSENT_ON_OBSERVED_NIFTY_50_SESSION
YESBANK,daily,2013-05-11,2013-05-11,ABSENT_ON_OBSERVED_NIFTY_50_SESSION
YESBANK,daily,2013-11-03,2013-11-03,ABSENT_ON_OBSERVED_NIFTY_50_SESSION
YESBANK,daily,2014-03-22,2014-03-22,ABSENT_ON_OBSERVED_NIFTY_50_SESSION
YESBANK,daily,2015-02-28,2015-02-28,ABSENT_ON_OBSERVED_NIFTY_50_SESSION
YESBANK,daily,2016-10-30,2016-10-30,ABSENT_ON_OBSERVED_NIFTY_50_SESSION
YESBANK,daily,2017-10-19,2017-10-19,ABSENT_ON_OBSERVED_NIFTY_50_SESSION
YESBANK,daily,2018-11-07,2018-11-07,ABSENT_ON_OBSERVED_NIFTY_50_SESSION
ZYDUSLIFE,daily,2003-03-22,2003-03-22,ABSENT_ON_OBSERVED_NIFTY_50_SESSION
ZYDUSLIFE,daily,2003-10-25,2003-10-25,ABSENT_ON_OBSERVED_NIFTY_50_SESSION
ZYDUSLIFE,daily,2003-11-15,2003-11-15,ABSENT_ON_OBSERVED_NIFTY_50_SESSION
ZYDUSLIFE,daily,2004-04-17,2004-04-17,ABSENT_ON_OBSERVED_NIFTY_50_SESSION
ZYDUSLIFE,daily,2004-05-24,2004-05-24,ABSENT_ON_OBSERVED_NIFTY_50_SESSION
ZYDUSLIFE,daily,2004-05-25,2004-05-25,ABSENT_ON_OBSERVED_NIFTY_50_SESSION
ZYDUSLIFE,daily,2004-05-26,2004-05-26,ABSENT_ON_OBSERVED_NIFTY_50_SESSION
ZYDUSLIFE,daily,2004-05-27,2004-05-27,ABSENT_ON_OBSERVED_NIFTY_50_SESSION
ZYDUSLIFE,daily,2004-05-28,2004-05-28,ABSENT_ON_OBSERVED_NIFTY_50_SESSION
ZYDUSLIFE,daily,2004-05-31,2004-05-31,ABSENT_ON_OBSERVED_NIFTY_50_SESSION
ZYDUSLIFE,daily,2004-06-01,2004-06-01,ABSENT_ON_OBSERVED_NIFTY_50_SESSION
ZYDUSLIFE,daily,2004-06-02,2004-06-02,ABSENT_ON_OBSERVED_NIFTY_50_SESSION
ZYDUSLIFE,daily,2004-06-03,2004-06-03,ABSENT_ON_OBSERVED_NIFTY_50_SESSION
ZYDUSLIFE,daily,2004-06-04,2004-06-04,ABSENT_ON_OBSERVED_NIFTY_50_SESSION
ZYDUSLIFE,daily,2004-06-07,2004-06-07,ABSENT_ON_OBSERVED_NIFTY_50_SESSION
ZYDUSLIFE,daily,2004-06-08,2004-06-08,ABSENT_ON_OBSERVED_NIFTY_50_SESSION
ZYDUSLIFE,daily,2004-06-09,2004-06-09,ABSENT_ON_OBSERVED_NIFTY_50_SESSION
ZYDUSLIFE,daily,2004-06-10,2004-06-10,ABSENT_ON_OBSERVED_NIFTY_50_SESSION
ZYDUSLIFE,daily,2004-06-11,2004-06-11,ABSENT_ON_OBSERVED_NIFTY_50_SESSION
ZYDUSLIFE,daily,2004-06-14,2004-06-14,ABSENT_ON_OBSERVED_NIFTY_50_SESSION
ZYDUSLIFE,daily,2004-06-15,2004-06-15,ABSENT_ON_OBSERVED_NIFTY_50_SESSION
ZYDUSLIFE,daily,2004-06-16,2004-06-16,ABSENT_ON_OBSERVED_NIFTY_50_SESSION
ZYDUSLIFE,daily,2004-06-17,2004-06-17,ABSENT_ON_OBSERVED_NIFTY_50_SESSION
ZYDUSLIFE,daily,2004-06-18,2004-06-18,ABSENT_ON_OBSERVED_NIFTY_50_SESSION
ZYDUSLIFE,daily,2004-06-21,2004-06-21,ABSENT_ON_OBSERVED_NIFTY_50_SESSION
ZYDUSLIFE,daily,2004-06-22,2004-06-22,ABSENT_ON_OBSERVED_NIFTY_50_SESSION
ZYDUSLIFE,daily,2004-10-09,2004-10-09,ABSENT_ON_OBSERVED_NIFTY_50_SESSION
ZYDUSLIFE,daily,2005-06-04,2005-06-04,ABSENT_ON_OBSERVED_NIFTY_50_SESSION
ZYDUSLIFE,daily,2005-11-26,2005-11-26,ABSENT_ON_OBSERVED_NIFTY_50_SESSION
ZYDUSLIFE,daily,2006-04-29,2006-04-29,ABSENT_ON_OBSERVED_NIFTY_50_SESSION
ZYDUSLIFE,daily,2006-06-25,2006-06-25,ABSENT_ON_OBSERVED_NIFTY_50_SESSION
ZYDUSLIFE,daily,2006-10-21,2006-10-21,ABSENT_ON_OBSERVED_NIFTY_50_SESSION
ZYDUSLIFE,daily,2009-10-17,2009-10-17,ABSENT_ON_OBSERVED_NIFTY_50_SESSION
ZYDUSLIFE,daily,2010-02-06,2010-02-06,ABSENT_ON_OBSERVED_NIFTY_50_SESSION
ZYDUSLIFE,daily,2011-10-26,2011-10-26,ABSENT_ON_OBSERVED_NIFTY_50_SESSION
ZYDUSLIFE,daily,2012-01-07,2012-01-07,ABSENT_ON_OBSERVED_NIFTY_50_SESSION
ZYDUSLIFE,daily,2012-03-03,2012-03-03,ABSENT_ON_OBSERVED_NIFTY_50_SESSION
ZYDUSLIFE,daily,2012-04-28,2012-04-28,ABSENT_ON_OBSERVED_NIFTY_50_SESSION
ZYDUSLIFE,daily,2012-09-08,2012-09-08,ABSENT_ON_OBSERVED_NIFTY_50_SESSION
ZYDUSLIFE,daily,2013-05-11,2013-05-11,ABSENT_ON_OBSERVED_NIFTY_50_SESSION
ZYDUSLIFE,daily,2013-11-03,2013-11-03,ABSENT_ON_OBSERVED_NIFTY_50_SESSION
ZYDUSLIFE,daily,2014-03-22,2014-03-22,ABSENT_ON_OBSERVED_NIFTY_50_SESSION
ZYDUSLIFE,daily,2015-02-28,2015-02-28,ABSENT_ON_OBSERVED_NIFTY_50_SESSION
ZYDUSLIFE,daily,2016-10-30,2016-10-30,ABSENT_ON_OBSERVED_NIFTY_50_SESSION
ZYDUSLIFE,daily,2017-10-19,2017-10-19,ABSENT_ON_OBSERVED_NIFTY_50_SESSION
ZYDUSLIFE,daily,2018-11-07,2018-11-07,ABSENT_ON_OBSERVED_NIFTY_50_SESSION
360ONE,daily,1990-01-01,2014-12-31,BEFORE_FIRST_AVAILABLE_UNKNOWN
ABB,daily,1990-01-01,2003-01-26,BEFORE_FIRST_AVAILABLE_UNKNOWN
ABCAPITAL,daily,1990-01-01,2017-08-31,BEFORE_FIRST_AVAILABLE_UNKNOWN
ADANIENSOL,daily,1990-01-01,2015-07-30,BEFORE_FIRST_AVAILABLE_UNKNOWN
ADANIENT,daily,1990-01-01,2002-12-31,BEFORE_FIRST_AVAILABLE_UNKNOWN
ADANIGREEN,daily,1990-01-01,2018-06-17,BEFORE_FIRST_AVAILABLE_UNKNOWN
ADANIPORTS,daily,1990-01-01,2007-11-26,BEFORE_FIRST_AVAILABLE_UNKNOWN
ADANIPOWER,daily,1990-01-01,2009-08-19,BEFORE_FIRST_AVAILABLE_UNKNOWN
AMBUJACEM,daily,1990-01-01,2003-01-26,BEFORE_FIRST_AVAILABLE_UNKNOWN
APARINDS,daily,1990-01-01,2004-07-11,BEFORE_FIRST_AVAILABLE_UNKNOWN
APLAPOLLO,daily,1990-01-01,2011-12-13,BEFORE_FIRST_AVAILABLE_UNKNOWN
APOLLOHOSP,daily,1990-01-01,2003-01-26,BEFORE_FIRST_AVAILABLE_UNKNOWN
ASHOKLEY,daily,1990-01-01,2003-02-09,BEFORE_FIRST_AVAILABLE_UNKNOWN
ASIANPAINT,daily,1990-01-01,2003-01-26,BEFORE_FIRST_AVAILABLE_UNKNOWN
ASTRAL,daily,1990-01-01,2007-03-19,BEFORE_FIRST_AVAILABLE_UNKNOWN
ATGL,daily,1990-01-01,2018-11-04,BEFORE_FIRST_AVAILABLE_UNKNOWN
AUBANK,daily,1990-01-01,2017-07-09,BEFORE_FIRST_AVAILABLE_UNKNOWN
AUROPHARMA,daily,1990-01-01,2003-01-26,BEFORE_FIRST_AVAILABLE_UNKNOWN
AXISBANK,daily,1990-01-01,2002-12-31,BEFORE_FIRST_AVAILABLE_UNKNOWN
BAJAJ-AUTO,daily,1990-01-01,2008-05-25,BEFORE_FIRST_AVAILABLE_UNKNOWN
BAJAJFINSV,daily,1990-01-01,2008-05-25,BEFORE_FIRST_AVAILABLE_UNKNOWN
BAJAJHLDNG,daily,1990-01-01,2003-01-26,BEFORE_FIRST_AVAILABLE_UNKNOWN
BAJFINANCE,daily,1990-01-01,2003-01-26,BEFORE_FIRST_AVAILABLE_UNKNOWN
BANKBARODA,daily,1990-01-01,2003-01-26,BEFORE_FIRST_AVAILABLE_UNKNOWN
BANKINDIA,daily,1990-01-01,2003-01-26,BEFORE_FIRST_AVAILABLE_UNKNOWN
BDL,daily,1990-01-01,2018-03-22,BEFORE_FIRST_AVAILABLE_UNKNOWN
BEL,daily,1990-01-01,2003-01-26,BEFORE_FIRST_AVAILABLE_UNKNOWN
BHARATFORG,daily,1990-01-01,2003-01-26,BEFORE_FIRST_AVAILABLE_UNKNOWN
BHARTIARTL,daily,1990-01-01,2002-12-31,BEFORE_FIRST_AVAILABLE_UNKNOWN
BHEL,daily,1990-01-01,2003-01-26,BEFORE_FIRST_AVAILABLE_UNKNOWN
BIOCON,daily,1990-01-01,2004-04-06,BEFORE_FIRST_AVAILABLE_UNKNOWN
BLUESTARCO,daily,1990-01-01,2003-01-26,BEFORE_FIRST_AVAILABLE_UNKNOWN
BOSCHLTD,daily,1990-01-01,2002-12-31,BEFORE_FIRST_AVAILABLE_UNKNOWN
BPCL,daily,1990-01-01,2003-01-26,BEFORE_FIRST_AVAILABLE_UNKNOWN
BRITANNIA,daily,1990-01-01,2003-01-26,BEFORE_FIRST_AVAILABLE_UNKNOWN
BSE,daily,1990-01-01,2017-02-02,BEFORE_FIRST_AVAILABLE_UNKNOWN
CANBK,daily,1990-01-01,2002-12-31,BEFORE_FIRST_AVAILABLE_UNKNOWN
CGPOWER,daily,1990-01-01,2003-01-26,BEFORE_FIRST_AVAILABLE_UNKNOWN
CHOLAFIN,daily,1990-01-01,2003-01-26,BEFORE_FIRST_AVAILABLE_UNKNOWN
CIPLA,daily,1990-01-01,2003-01-26,BEFORE_FIRST_AVAILABLE_UNKNOWN
COALINDIA,daily,1990-01-01,2010-11-03,BEFORE_FIRST_AVAILABLE_UNKNOWN
COCHINSHIP,daily,1990-01-01,2017-08-10,BEFORE_FIRST_AVAILABLE_UNKNOWN
COFORGE,daily,1990-01-01,2004-08-29,BEFORE_FIRST_AVAILABLE_UNKNOWN
COLPAL,daily,1990-01-01,2003-01-26,BEFORE_FIRST_AVAILABLE_UNKNOWN
CONCOR,daily,1990-01-01,2003-01-26,BEFORE_FIRST_AVAILABLE_UNKNOWN
CUMMINSIND,daily,1990-01-01,2003-01-26,BEFORE_FIRST_AVAILABLE_UNKNOWN
DABUR,daily,1990-01-01,2003-01-26,BEFORE_FIRST_AVAILABLE_UNKNOWN
DIVISLAB,daily,1990-01-01,2003-03-11,BEFORE_FIRST_AVAILABLE_UNKNOWN
DIXON,daily,1990-01-01,2017-09-17,BEFORE_FIRST_AVAILABLE_UNKNOWN
DLF,daily,1990-01-01,2007-07-04,BEFORE_FIRST_AVAILABLE_UNKNOWN
DMART,daily,1990-01-01,2017-03-20,BEFORE_FIRST_AVAILABLE_UNKNOWN
DRREDDY,daily,1990-01-01,2010-01-03,BEFORE_FIRST_AVAILABLE_UNKNOWN
EICHERMOT,daily,1990-01-01,2003-01-26,BEFORE_FIRST_AVAILABLE_UNKNOWN
ENRIN,daily,1990-01-01,2025-06-18,BEFORE_FIRST_AVAILABLE_UNKNOWN
ETERNAL,daily,1990-01-01,2021-07-22,BEFORE_FIRST_AVAILABLE_UNKNOWN
EXIDEIND,daily,1990-01-01,2003-01-26,BEFORE_FIRST_AVAILABLE_UNKNOWN
FEDERALBNK,daily,1990-01-01,2000-01-03,BEFORE_FIRST_AVAILABLE_UNKNOWN
FORTIS,daily,1990-01-01,2007-05-08,BEFORE_FIRST_AVAILABLE_UNKNOWN
GAIL,daily,1990-01-01,2003-01-26,BEFORE_FIRST_AVAILABLE_UNKNOWN
GLENMARK,daily,1990-01-01,2003-01-26,BEFORE_FIRST_AVAILABLE_UNKNOWN
GMRAIRPORT,daily,1990-01-01,2006-08-20,BEFORE_FIRST_AVAILABLE_UNKNOWN
GODFRYPHLP,daily,1990-01-01,2003-01-26,BEFORE_FIRST_AVAILABLE_UNKNOWN
GODREJCP,daily,1990-01-01,2002-12-31,BEFORE_FIRST_AVAILABLE_UNKNOWN
GODREJPROP,daily,1990-01-01,2010-01-04,BEFORE_FIRST_AVAILABLE_UNKNOWN
GRASIM,daily,1990-01-01,2003-01-26,BEFORE_FIRST_AVAILABLE_UNKNOWN
GROWW,daily,1990-01-01,2025-11-11,BEFORE_FIRST_AVAILABLE_UNKNOWN
GVT&D,daily,1990-01-01,2008-06-29,BEFORE_FIRST_AVAILABLE_UNKNOWN
HAL,daily,1990-01-01,2018-03-27,BEFORE_FIRST_AVAILABLE_UNKNOWN
HAVELLS,daily,1990-01-01,2002-12-31,BEFORE_FIRST_AVAILABLE_UNKNOWN
HCLTECH,daily,1990-01-01,2003-01-26,BEFORE_FIRST_AVAILABLE_UNKNOWN
HDFCAMC,daily,1990-01-01,2018-08-05,BEFORE_FIRST_AVAILABLE_UNKNOWN
HDFCBANK,daily,1990-01-01,2002-12-31,BEFORE_FIRST_AVAILABLE_UNKNOWN
HDFCLIFE,daily,1990-01-01,2017-11-16,BEFORE_FIRST_AVAILABLE_UNKNOWN
HEROMOTOCO,daily,1990-01-01,2003-01-26,BEFORE_FIRST_AVAILABLE_UNKNOWN
HINDALCO,daily,1990-01-01,2003-01-26,BEFORE_FIRST_AVAILABLE_UNKNOWN
HINDCOPPER,daily,1990-01-01,2010-01-07,BEFORE_FIRST_AVAILABLE_UNKNOWN
HINDPETRO,daily,1990-01-01,2003-01-26,BEFORE_FIRST_AVAILABLE_UNKNOWN
HINDUNILVR,daily,1990-01-01,2003-01-26,BEFORE_FIRST_AVAILABLE_UNKNOWN
HINDZINC,daily,1990-01-01,2002-12-31,BEFORE_FIRST_AVAILABLE_UNKNOWN
HYUNDAI,daily,1990-01-01,2024-10-21,BEFORE_FIRST_AVAILABLE_UNKNOWN
ICICIAMC,daily,1990-01-01,2025-12-18,BEFORE_FIRST_AVAILABLE_UNKNOWN
ICICIBANK,daily,1990-01-01,2002-12-31,BEFORE_FIRST_AVAILABLE_UNKNOWN
ICICIGI,daily,1990-01-01,2017-09-26,BEFORE_FIRST_AVAILABLE_UNKNOWN
IDEA,daily,1990-01-01,2007-03-08,BEFORE_FIRST_AVAILABLE_UNKNOWN
IDFCFIRSTB,daily,1990-01-01,2015-11-05,BEFORE_FIRST_AVAILABLE_UNKNOWN
INDHOTEL,daily,1990-01-01,2003-01-26,BEFORE_FIRST_AVAILABLE_UNKNOWN
INDIANB,daily,1990-01-01,2007-02-28,BEFORE_FIRST_AVAILABLE_UNKNOWN
INDIGO,daily,1990-01-01,2015-11-09,BEFORE_FIRST_AVAILABLE_UNKNOWN
INDUSINDBK,daily,1990-01-01,2003-01-26,BEFORE_FIRST_AVAILABLE_UNKNOWN
INDUSTOWER,daily,1990-01-01,2012-12-27,BEFORE_FIRST_AVAILABLE_UNKNOWN
INFY,daily,1990-01-01,2002-12-31,BEFORE_FIRST_AVAILABLE_UNKNOWN
IOC,daily,1990-01-01,2003-01-26,BEFORE_FIRST_AVAILABLE_UNKNOWN
IRCTC,daily,1990-01-01,2019-10-13,BEFORE_FIRST_AVAILABLE_UNKNOWN
IREDA,daily,1990-01-01,2023-11-28,BEFORE_FIRST_AVAILABLE_UNKNOWN
IRFC,daily,1990-01-01,2021-01-28,BEFORE_FIRST_AVAILABLE_UNKNOWN
ITC,daily,1990-01-01,2002-12-31,BEFORE_FIRST_AVAILABLE_UNKNOWN
JINDALSTEL,daily,1990-01-01,2002-12-31,BEFORE_FIRST_AVAILABLE_UNKNOWN
JIOFIN,daily,1990-01-01,2023-08-20,BEFORE_FIRST_AVAILABLE_UNKNOWN
JSWENERGY,daily,1990-01-01,2010-01-03,BEFORE_FIRST_AVAILABLE_UNKNOWN
JSWSTEEL,daily,1990-01-01,2005-03-22,BEFORE_FIRST_AVAILABLE_UNKNOWN
JUBLFOOD,daily,1990-01-01,2010-02-07,BEFORE_FIRST_AVAILABLE_UNKNOWN
KALYANKJIL,daily,1990-01-01,2021-03-25,BEFORE_FIRST_AVAILABLE_UNKNOWN
KEI,daily,1990-01-01,2006-03-22,BEFORE_FIRST_AVAILABLE_UNKNOWN
KOTAKBANK,daily,1990-01-01,2002-12-31,BEFORE_FIRST_AVAILABLE_UNKNOWN
LAURUSLABS,daily,1990-01-01,2016-12-18,BEFORE_FIRST_AVAILABLE_UNKNOWN
LENSKART,daily,1990-01-01,2025-11-09,BEFORE_FIRST_AVAILABLE_UNKNOWN
LGEINDIA,daily,1990-01-01,2025-10-13,BEFORE_FIRST_AVAILABLE_UNKNOWN
LICHSGFIN,daily,1990-01-01,2002-12-31,BEFORE_FIRST_AVAILABLE_UNKNOWN
LICI,daily,1990-01-01,2022-05-16,BEFORE_FIRST_AVAILABLE_UNKNOWN
LODHA,daily,1990-01-01,2021-04-18,BEFORE_FIRST_AVAILABLE_UNKNOWN
LT,daily,1990-01-01,2002-12-31,BEFORE_FIRST_AVAILABLE_UNKNOWN
LTF,daily,1990-01-01,2011-08-11,BEFORE_FIRST_AVAILABLE_UNKNOWN
LTM,daily,1990-01-01,2016-07-20,BEFORE_FIRST_AVAILABLE_UNKNOWN
LUPIN,daily,1990-01-01,2002-12-31,BEFORE_FIRST_AVAILABLE_UNKNOWN
M&M,daily,1990-01-01,2002-12-31,BEFORE_FIRST_AVAILABLE_UNKNOWN
M&MFIN,daily,1990-01-01,2006-03-16,BEFORE_FIRST_AVAILABLE_UNKNOWN
MAHABANK,daily,1990-01-01,2004-04-11,BEFORE_FIRST_AVAILABLE_UNKNOWN
MANKIND,daily,1990-01-01,2023-05-08,BEFORE_FIRST_AVAILABLE_UNKNOWN
MARICO,daily,1990-01-01,2002-12-31,BEFORE_FIRST_AVAILABLE_UNKNOWN
MARUTI,daily,1990-01-01,2003-07-08,BEFORE_FIRST_AVAILABLE_UNKNOWN
MAXHEALTH,daily,1990-01-01,2020-08-20,BEFORE_FIRST_AVAILABLE_UNKNOWN
MAZDOCK,daily,1990-01-01,2020-10-11,BEFORE_FIRST_AVAILABLE_UNKNOWN
MCX,daily,1990-01-01,2012-03-08,BEFORE_FIRST_AVAILABLE_UNKNOWN
MEESHO,daily,1990-01-01,2025-12-09,BEFORE_FIRST_AVAILABLE_UNKNOWN
MFSL,daily,1990-01-01,2002-12-31,BEFORE_FIRST_AVAILABLE_UNKNOWN
MOTHERSON,daily,1990-01-01,2002-12-31,BEFORE_FIRST_AVAILABLE_UNKNOWN
MOTILALOFS,daily,1990-01-01,2007-09-10,BEFORE_FIRST_AVAILABLE_UNKNOWN
MPHASIS,daily,1990-01-01,2002-12-31,BEFORE_FIRST_AVAILABLE_UNKNOWN
MRF,daily,1990-01-01,2002-12-31,BEFORE_FIRST_AVAILABLE_UNKNOWN
MUTHOOTFIN,daily,1990-01-01,2011-05-05,BEFORE_FIRST_AVAILABLE_UNKNOWN
NATIONALUM,daily,1990-01-01,2002-12-31,BEFORE_FIRST_AVAILABLE_UNKNOWN
NAUKRI,daily,1990-01-01,2006-11-20,BEFORE_FIRST_AVAILABLE_UNKNOWN
NESTLEIND,daily,1990-01-01,2010-01-07,BEFORE_FIRST_AVAILABLE_UNKNOWN
NHPC,daily,1990-01-01,2009-08-31,BEFORE_FIRST_AVAILABLE_UNKNOWN
NIFTY_50,daily,1990-01-01,1990-07-02,BEFORE_FIRST_AVAILABLE_UNKNOWN
NIFTY_AUTO,daily,1990-01-01,2003-12-31,BEFORE_FIRST_AVAILABLE_UNKNOWN
NIFTY_CHEMICALS,daily,1990-01-01,2025-11-09,BEFORE_FIRST_AVAILABLE_UNKNOWN
NIFTY_CONSUMPTION,daily,1990-01-01,2006-01-01,BEFORE_FIRST_AVAILABLE_UNKNOWN
NIFTY_ENERGY,daily,1990-01-01,2000-12-31,BEFORE_FIRST_AVAILABLE_UNKNOWN
NIFTY_FIN_SERVICE,daily,1990-01-01,2003-12-31,BEFORE_FIRST_AVAILABLE_UNKNOWN
NIFTY_FMCG,daily,1990-01-01,1995-12-31,BEFORE_FIRST_AVAILABLE_UNKNOWN
NIFTY_HEALTHCARE,daily,1990-01-01,2005-03-31,BEFORE_FIRST_AVAILABLE_UNKNOWN
NIFTY_INFRA,daily,1990-01-01,2003-12-31,BEFORE_FIRST_AVAILABLE_UNKNOWN
NIFTY_IT,daily,1990-01-01,1995-12-31,BEFORE_FIRST_AVAILABLE_UNKNOWN
NIFTY_METAL,daily,1990-01-01,2003-12-31,BEFORE_FIRST_AVAILABLE_UNKNOWN
NIFTY_OIL_GAS,daily,1990-01-01,2005-03-31,BEFORE_FIRST_AVAILABLE_UNKNOWN
NIFTY_REALTY,daily,1990-01-01,2006-12-28,BEFORE_FIRST_AVAILABLE_UNKNOWN
NIFTY_SERVICES,daily,1990-01-01,1999-05-31,BEFORE_FIRST_AVAILABLE_UNKNOWN
NLCINDIA,daily,1990-01-01,2002-12-31,BEFORE_FIRST_AVAILABLE_UNKNOWN
NMDC,daily,1990-01-01,2008-03-02,BEFORE_FIRST_AVAILABLE_UNKNOWN
NTPC,daily,1990-01-01,2004-11-04,BEFORE_FIRST_AVAILABLE_UNKNOWN
NYKAA,daily,1990-01-01,2021-11-09,BEFORE_FIRST_AVAILABLE_UNKNOWN
OBEROIRLTY,daily,1990-01-01,2010-10-19,BEFORE_FIRST_AVAILABLE_UNKNOWN
OFSS,daily,1990-01-01,2002-12-31,BEFORE_FIRST_AVAILABLE_UNKNOWN
OIL,daily,1990-01-01,2009-09-29,BEFORE_FIRST_AVAILABLE_UNKNOWN
ONGC,daily,1990-01-01,2002-12-31,BEFORE_FIRST_AVAILABLE_UNKNOWN
PAGEIND,daily,1990-01-01,2007-03-15,BEFORE_FIRST_AVAILABLE_UNKNOWN
PATANJALI,daily,1990-01-01,2020-01-26,BEFORE_FIRST_AVAILABLE_UNKNOWN
PAYTM,daily,1990-01-01,2021-11-17,BEFORE_FIRST_AVAILABLE_UNKNOWN
PERSISTENT,daily,1990-01-01,2010-04-05,BEFORE_FIRST_AVAILABLE_UNKNOWN
PFC,daily,1990-01-01,2007-02-22,BEFORE_FIRST_AVAILABLE_UNKNOWN
PHOENIXLTD,daily,1990-01-01,2007-04-22,BEFORE_FIRST_AVAILABLE_UNKNOWN
PIDILITIND,daily,1990-01-01,2002-12-31,BEFORE_FIRST_AVAILABLE_UNKNOWN
PIIND,daily,1990-01-01,2011-06-14,BEFORE_FIRST_AVAILABLE_UNKNOWN
PNB,daily,1990-01-01,2002-12-31,BEFORE_FIRST_AVAILABLE_UNKNOWN
POLICYBZR,daily,1990-01-01,2021-11-14,BEFORE_FIRST_AVAILABLE_UNKNOWN
POLYCAB,daily,1990-01-01,2019-04-15,BEFORE_FIRST_AVAILABLE_UNKNOWN
POWERGRID,daily,1990-01-01,2007-10-04,BEFORE_FIRST_AVAILABLE_UNKNOWN
POWERINDIA,daily,1990-01-01,2020-03-29,BEFORE_FIRST_AVAILABLE_UNKNOWN
PREMIERENE,daily,1990-01-01,2024-09-02,BEFORE_FIRST_AVAILABLE_UNKNOWN
PRESTIGE,daily,1990-01-01,2010-10-26,BEFORE_FIRST_AVAILABLE_UNKNOWN
RADICO,daily,1990-01-01,2002-12-31,BEFORE_FIRST_AVAILABLE_UNKNOWN
RECLTD,daily,1990-01-01,2008-03-11,BEFORE_FIRST_AVAILABLE_UNKNOWN
RELIANCE,daily,1990-01-01,2000-01-02,BEFORE_FIRST_AVAILABLE_UNKNOWN
RVNL,daily,1990-01-01,2019-04-10,BEFORE_FIRST_AVAILABLE_UNKNOWN
SAIL,daily,1990-01-01,2002-12-31,BEFORE_FIRST_AVAILABLE_UNKNOWN
SBICARD,daily,1990-01-01,2014-12-31,BEFORE_FIRST_AVAILABLE_UNKNOWN
SBILIFE,daily,1990-01-01,2017-10-02,BEFORE_FIRST_AVAILABLE_UNKNOWN
SBIN,daily,1990-01-01,2002-12-31,BEFORE_FIRST_AVAILABLE_UNKNOWN
SHRIRAMFIN,daily,1990-01-01,2002-12-31,BEFORE_FIRST_AVAILABLE_UNKNOWN
SIEMENS,daily,1990-01-01,2002-12-31,BEFORE_FIRST_AVAILABLE_UNKNOWN
SOLARINDS,daily,1990-01-01,2006-04-02,BEFORE_FIRST_AVAILABLE_UNKNOWN
SRF,daily,1990-01-01,2002-12-31,BEFORE_FIRST_AVAILABLE_UNKNOWN
SUNPHARMA,daily,1990-01-01,2002-12-31,BEFORE_FIRST_AVAILABLE_UNKNOWN
SUPREMEIND,daily,1990-01-01,2002-12-31,BEFORE_FIRST_AVAILABLE_UNKNOWN
SUZLON,daily,1990-01-01,2005-10-18,BEFORE_FIRST_AVAILABLE_UNKNOWN
SWIGGY,daily,1990-01-01,2024-11-12,BEFORE_FIRST_AVAILABLE_UNKNOWN
TATACAP,daily,1990-01-01,2025-10-12,BEFORE_FIRST_AVAILABLE_UNKNOWN
TATACOMM,daily,1990-01-01,2002-12-31,BEFORE_FIRST_AVAILABLE_UNKNOWN
TATACONSUM,daily,1990-01-01,2002-12-31,BEFORE_FIRST_AVAILABLE_UNKNOWN
TATAPOWER,daily,1990-01-01,2002-12-31,BEFORE_FIRST_AVAILABLE_UNKNOWN
TATASTEEL,daily,1990-01-01,2002-12-31,BEFORE_FIRST_AVAILABLE_UNKNOWN
TCS,daily,1990-01-01,2004-08-24,BEFORE_FIRST_AVAILABLE_UNKNOWN
TECHM,daily,1990-01-01,2006-08-27,BEFORE_FIRST_AVAILABLE_UNKNOWN
TIINDIA,daily,1990-01-01,2017-11-01,BEFORE_FIRST_AVAILABLE_UNKNOWN
TITAN,daily,1990-01-01,2002-12-31,BEFORE_FIRST_AVAILABLE_UNKNOWN
TMCV,daily,1990-01-01,2025-11-11,BEFORE_FIRST_AVAILABLE_UNKNOWN
TMPV,daily,1990-01-01,2000-01-02,BEFORE_FIRST_AVAILABLE_UNKNOWN
TORNTPHARM,daily,1990-01-01,2002-12-31,BEFORE_FIRST_AVAILABLE_UNKNOWN
TRENT,daily,1990-01-01,2002-12-31,BEFORE_FIRST_AVAILABLE_UNKNOWN
TVSMOTOR,daily,1990-01-01,2002-12-31,BEFORE_FIRST_AVAILABLE_UNKNOWN
ULTRACEMCO,daily,1990-01-01,2004-08-23,BEFORE_FIRST_AVAILABLE_UNKNOWN
UNIONBANK,daily,1990-01-01,2002-12-31,BEFORE_FIRST_AVAILABLE_UNKNOWN
UNITDSPR,daily,1990-01-01,2002-12-31,BEFORE_FIRST_AVAILABLE_UNKNOWN
UPL,daily,1990-01-01,2004-01-22,BEFORE_FIRST_AVAILABLE_UNKNOWN
VAML,daily,1990-01-01,2026-06-14,BEFORE_FIRST_AVAILABLE_UNKNOWN
VBL,daily,1990-01-01,2016-11-07,BEFORE_FIRST_AVAILABLE_UNKNOWN
VEDL,daily,1990-01-01,2004-12-16,BEFORE_FIRST_AVAILABLE_UNKNOWN
VMM,daily,1990-01-01,2024-12-17,BEFORE_FIRST_AVAILABLE_UNKNOWN
VOLTAS,daily,1990-01-01,2002-12-31,BEFORE_FIRST_AVAILABLE_UNKNOWN
WAAREEENER,daily,1990-01-01,2024-10-27,BEFORE_FIRST_AVAILABLE_UNKNOWN
WIPRO,daily,1990-01-01,2002-12-31,BEFORE_FIRST_AVAILABLE_UNKNOWN
YESBANK,daily,1990-01-01,2005-07-11,BEFORE_FIRST_AVAILABLE_UNKNOWN
ZYDUSLIFE,daily,1990-01-01,2003-01-26,BEFORE_FIRST_AVAILABLE_UNKNOWN
ADANIENSOL,daily,2015-12-31,2015-12-31,CONFLICTING_DUPLICATE_CANDLE_UNRESOLVED
ADANIPORTS,daily,2015-12-31,2015-12-31,CONFLICTING_DUPLICATE_CANDLE_UNRESOLVED
DIVISLAB,daily,2015-12-31,2015-12-31,CONFLICTING_DUPLICATE_CANDLE_UNRESOLVED
EXIDEIND,daily,2015-12-31,2015-12-31,CONFLICTING_DUPLICATE_CANDLE_UNRESOLVED
GMRAIRPORT,daily,2015-12-31,2015-12-31,CONFLICTING_DUPLICATE_CANDLE_UNRESOLVED
HAVELLS,daily,2015-12-31,2015-12-31,CONFLICTING_DUPLICATE_CANDLE_UNRESOLVED
ICICIBANK,daily,2015-12-31,2015-12-31,CONFLICTING_DUPLICATE_CANDLE_UNRESOLVED
M&M,daily,2015-12-31,2015-12-31,CONFLICTING_DUPLICATE_CANDLE_UNRESOLVED
NHPC,daily,2015-12-31,2015-12-31,CONFLICTING_DUPLICATE_CANDLE_UNRESOLVED
NIFTY_AUTO,daily,2015-06-22,2015-06-22,CONFLICTING_DUPLICATE_CANDLE_UNRESOLVED
NIFTY_AUTO,daily,2015-06-23,2015-06-23,CONFLICTING_DUPLICATE_CANDLE_UNRESOLVED
NIFTY_AUTO,daily,2015-06-24,2015-06-24,CONFLICTING_DUPLICATE_CANDLE_UNRESOLVED
NIFTY_AUTO,daily,2015-06-25,2015-06-25,CONFLICTING_DUPLICATE_CANDLE_UNRESOLVED
NIFTY_AUTO,daily,2015-06-29,2015-06-29,CONFLICTING_DUPLICATE_CANDLE_UNRESOLVED
NIFTY_AUTO,daily,2015-06-30,2015-06-30,CONFLICTING_DUPLICATE_CANDLE_UNRESOLVED
NIFTY_AUTO,daily,2015-07-01,2015-07-01,CONFLICTING_DUPLICATE_CANDLE_UNRESOLVED
NIFTY_AUTO,daily,2015-07-02,2015-07-02,CONFLICTING_DUPLICATE_CANDLE_UNRESOLVED
NIFTY_AUTO,daily,2015-07-06,2015-07-06,CONFLICTING_DUPLICATE_CANDLE_UNRESOLVED
NIFTY_AUTO,daily,2015-07-07,2015-07-07,CONFLICTING_DUPLICATE_CANDLE_UNRESOLVED
NIFTY_AUTO,daily,2015-07-08,2015-07-08,CONFLICTING_DUPLICATE_CANDLE_UNRESOLVED
NIFTY_AUTO,daily,2015-07-09,2015-07-09,CONFLICTING_DUPLICATE_CANDLE_UNRESOLVED
NIFTY_AUTO,daily,2015-07-10,2015-07-10,CONFLICTING_DUPLICATE_CANDLE_UNRESOLVED
NIFTY_AUTO,daily,2015-07-13,2015-07-13,CONFLICTING_DUPLICATE_CANDLE_UNRESOLVED
NIFTY_AUTO,daily,2015-07-16,2015-07-16,CONFLICTING_DUPLICATE_CANDLE_UNRESOLVED
NIFTY_AUTO,daily,2015-07-17,2015-07-17,CONFLICTING_DUPLICATE_CANDLE_UNRESOLVED
NIFTY_AUTO,daily,2015-07-20,2015-07-20,CONFLICTING_DUPLICATE_CANDLE_UNRESOLVED
NIFTY_AUTO,daily,2015-07-21,2015-07-21,CONFLICTING_DUPLICATE_CANDLE_UNRESOLVED
NIFTY_AUTO,daily,2015-07-22,2015-07-22,CONFLICTING_DUPLICATE_CANDLE_UNRESOLVED
NIFTY_AUTO,daily,2015-07-23,2015-07-23,CONFLICTING_DUPLICATE_CANDLE_UNRESOLVED
NIFTY_AUTO,daily,2015-07-24,2015-07-24,CONFLICTING_DUPLICATE_CANDLE_UNRESOLVED
NIFTY_AUTO,daily,2015-07-27,2015-07-27,CONFLICTING_DUPLICATE_CANDLE_UNRESOLVED
NIFTY_AUTO,daily,2015-07-28,2015-07-28,CONFLICTING_DUPLICATE_CANDLE_UNRESOLVED
NIFTY_AUTO,daily,2015-07-29,2015-07-29,CONFLICTING_DUPLICATE_CANDLE_UNRESOLVED
NIFTY_AUTO,daily,2015-07-31,2015-07-31,CONFLICTING_DUPLICATE_CANDLE_UNRESOLVED
NIFTY_AUTO,daily,2015-08-03,2015-08-03,CONFLICTING_DUPLICATE_CANDLE_UNRESOLVED
NIFTY_AUTO,daily,2015-08-04,2015-08-04,CONFLICTING_DUPLICATE_CANDLE_UNRESOLVED
NIFTY_AUTO,daily,2015-08-05,2015-08-05,CONFLICTING_DUPLICATE_CANDLE_UNRESOLVED
NIFTY_AUTO,daily,2015-08-06,2015-08-06,CONFLICTING_DUPLICATE_CANDLE_UNRESOLVED
NIFTY_AUTO,daily,2015-08-10,2015-08-10,CONFLICTING_DUPLICATE_CANDLE_UNRESOLVED
NIFTY_AUTO,daily,2015-08-11,2015-08-11,CONFLICTING_DUPLICATE_CANDLE_UNRESOLVED
NIFTY_AUTO,daily,2015-08-12,2015-08-12,CONFLICTING_DUPLICATE_CANDLE_UNRESOLVED
NIFTY_AUTO,daily,2015-08-13,2015-08-13,CONFLICTING_DUPLICATE_CANDLE_UNRESOLVED
NIFTY_AUTO,daily,2015-08-17,2015-08-17,CONFLICTING_DUPLICATE_CANDLE_UNRESOLVED
NIFTY_AUTO,daily,2015-08-18,2015-08-18,CONFLICTING_DUPLICATE_CANDLE_UNRESOLVED
NIFTY_AUTO,daily,2015-08-19,2015-08-19,CONFLICTING_DUPLICATE_CANDLE_UNRESOLVED
NIFTY_AUTO,daily,2015-08-20,2015-08-20,CONFLICTING_DUPLICATE_CANDLE_UNRESOLVED
NIFTY_AUTO,daily,2015-08-21,2015-08-21,CONFLICTING_DUPLICATE_CANDLE_UNRESOLVED
NIFTY_AUTO,daily,2015-08-24,2015-08-24,CONFLICTING_DUPLICATE_CANDLE_UNRESOLVED
NIFTY_AUTO,daily,2015-08-25,2015-08-25,CONFLICTING_DUPLICATE_CANDLE_UNRESOLVED
NIFTY_AUTO,daily,2015-08-27,2015-08-27,CONFLICTING_DUPLICATE_CANDLE_UNRESOLVED
NIFTY_AUTO,daily,2015-08-31,2015-08-31,CONFLICTING_DUPLICATE_CANDLE_UNRESOLVED
NIFTY_AUTO,daily,2015-09-04,2015-09-04,CONFLICTING_DUPLICATE_CANDLE_UNRESOLVED
NIFTY_AUTO,daily,2015-09-09,2015-09-09,CONFLICTING_DUPLICATE_CANDLE_UNRESOLVED
NIFTY_AUTO,daily,2015-09-10,2015-09-10,CONFLICTING_DUPLICATE_CANDLE_UNRESOLVED
NIFTY_AUTO,daily,2015-09-11,2015-09-11,CONFLICTING_DUPLICATE_CANDLE_UNRESOLVED
NIFTY_AUTO,daily,2015-09-14,2015-09-14,CONFLICTING_DUPLICATE_CANDLE_UNRESOLVED
NIFTY_AUTO,daily,2015-09-18,2015-09-18,CONFLICTING_DUPLICATE_CANDLE_UNRESOLVED
NIFTY_AUTO,daily,2015-09-21,2015-09-21,CONFLICTING_DUPLICATE_CANDLE_UNRESOLVED
NIFTY_AUTO,daily,2015-09-22,2015-09-22,CONFLICTING_DUPLICATE_CANDLE_UNRESOLVED
NIFTY_AUTO,daily,2015-09-23,2015-09-23,CONFLICTING_DUPLICATE_CANDLE_UNRESOLVED
NIFTY_AUTO,daily,2015-09-24,2015-09-24,CONFLICTING_DUPLICATE_CANDLE_UNRESOLVED
NIFTY_AUTO,daily,2015-09-28,2015-09-28,CONFLICTING_DUPLICATE_CANDLE_UNRESOLVED
NIFTY_AUTO,daily,2015-10-01,2015-10-01,CONFLICTING_DUPLICATE_CANDLE_UNRESOLVED
NIFTY_AUTO,daily,2015-10-05,2015-10-05,CONFLICTING_DUPLICATE_CANDLE_UNRESOLVED
NIFTY_AUTO,daily,2015-10-06,2015-10-06,CONFLICTING_DUPLICATE_CANDLE_UNRESOLVED
NIFTY_AUTO,daily,2015-10-07,2015-10-07,CONFLICTING_DUPLICATE_CANDLE_UNRESOLVED
NIFTY_AUTO,daily,2015-10-08,2015-10-08,CONFLICTING_DUPLICATE_CANDLE_UNRESOLVED
NIFTY_AUTO,daily,2015-10-14,2015-10-14,CONFLICTING_DUPLICATE_CANDLE_UNRESOLVED
NIFTY_AUTO,daily,2015-10-16,2015-10-16,CONFLICTING_DUPLICATE_CANDLE_UNRESOLVED
NIFTY_AUTO,daily,2015-10-19,2015-10-19,CONFLICTING_DUPLICATE_CANDLE_UNRESOLVED
NIFTY_AUTO,daily,2015-10-21,2015-10-21,CONFLICTING_DUPLICATE_CANDLE_UNRESOLVED
NIFTY_AUTO,daily,2015-10-23,2015-10-23,CONFLICTING_DUPLICATE_CANDLE_UNRESOLVED
NIFTY_AUTO,daily,2015-10-26,2015-10-26,CONFLICTING_DUPLICATE_CANDLE_UNRESOLVED
NIFTY_AUTO,daily,2015-10-27,2015-10-27,CONFLICTING_DUPLICATE_CANDLE_UNRESOLVED
NIFTY_AUTO,daily,2015-10-28,2015-10-28,CONFLICTING_DUPLICATE_CANDLE_UNRESOLVED
NIFTY_AUTO,daily,2015-10-30,2015-10-30,CONFLICTING_DUPLICATE_CANDLE_UNRESOLVED
NIFTY_AUTO,daily,2015-11-04,2015-11-04,CONFLICTING_DUPLICATE_CANDLE_UNRESOLVED
NIFTY_AUTO,daily,2015-11-05,2015-11-05,CONFLICTING_DUPLICATE_CANDLE_UNRESOLVED
NIFTY_AUTO,daily,2015-11-06,2015-11-06,CONFLICTING_DUPLICATE_CANDLE_UNRESOLVED
NIFTY_AUTO,daily,2015-11-10,2015-11-10,CONFLICTING_DUPLICATE_CANDLE_UNRESOLVED
NIFTY_AUTO,daily,2015-11-11,2015-11-11,CONFLICTING_DUPLICATE_CANDLE_UNRESOLVED
NIFTY_AUTO,daily,2015-11-13,2015-11-13,CONFLICTING_DUPLICATE_CANDLE_UNRESOLVED
NIFTY_AUTO,daily,2015-11-16,2015-11-16,CONFLICTING_DUPLICATE_CANDLE_UNRESOLVED
NIFTY_AUTO,daily,2015-11-17,2015-11-17,CONFLICTING_DUPLICATE_CANDLE_UNRESOLVED
NIFTY_AUTO,daily,2015-11-18,2015-11-18,CONFLICTING_DUPLICATE_CANDLE_UNRESOLVED
NIFTY_AUTO,daily,2015-11-19,2015-11-19,CONFLICTING_DUPLICATE_CANDLE_UNRESOLVED
NIFTY_AUTO,daily,2015-11-20,2015-11-20,CONFLICTING_DUPLICATE_CANDLE_UNRESOLVED
NIFTY_AUTO,daily,2015-11-23,2015-11-23,CONFLICTING_DUPLICATE_CANDLE_UNRESOLVED
NIFTY_AUTO,daily,2015-11-26,2015-11-26,CONFLICTING_DUPLICATE_CANDLE_UNRESOLVED
NIFTY_AUTO,daily,2015-11-27,2015-11-27,CONFLICTING_DUPLICATE_CANDLE_UNRESOLVED
NIFTY_AUTO,daily,2015-11-30,2015-11-30,CONFLICTING_DUPLICATE_CANDLE_UNRESOLVED
NIFTY_AUTO,daily,2015-12-02,2015-12-02,CONFLICTING_DUPLICATE_CANDLE_UNRESOLVED
NIFTY_AUTO,daily,2015-12-03,2015-12-03,CONFLICTING_DUPLICATE_CANDLE_UNRESOLVED
NIFTY_AUTO,daily,2015-12-07,2015-12-07,CONFLICTING_DUPLICATE_CANDLE_UNRESOLVED
NIFTY_AUTO,daily,2015-12-08,2015-12-08,CONFLICTING_DUPLICATE_CANDLE_UNRESOLVED
NIFTY_AUTO,daily,2015-12-09,2015-12-09,CONFLICTING_DUPLICATE_CANDLE_UNRESOLVED
NIFTY_AUTO,daily,2015-12-11,2015-12-11,CONFLICTING_DUPLICATE_CANDLE_UNRESOLVED
NIFTY_AUTO,daily,2015-12-14,2015-12-14,CONFLICTING_DUPLICATE_CANDLE_UNRESOLVED
NIFTY_AUTO,daily,2015-12-15,2015-12-15,CONFLICTING_DUPLICATE_CANDLE_UNRESOLVED
NIFTY_AUTO,daily,2015-12-22,2015-12-22,CONFLICTING_DUPLICATE_CANDLE_UNRESOLVED
NIFTY_AUTO,daily,2015-12-29,2015-12-29,CONFLICTING_DUPLICATE_CANDLE_UNRESOLVED
NIFTY_AUTO,daily,2015-12-30,2015-12-30,CONFLICTING_DUPLICATE_CANDLE_UNRESOLVED
NIFTY_AUTO,daily,2015-12-31,2015-12-31,CONFLICTING_DUPLICATE_CANDLE_UNRESOLVED
NIFTY_AUTO,daily,2016-01-01,2016-01-01,CONFLICTING_DUPLICATE_CANDLE_UNRESOLVED
NIFTY_AUTO,daily,2016-01-04,2016-01-04,CONFLICTING_DUPLICATE_CANDLE_UNRESOLVED
NIFTY_AUTO,daily,2016-01-05,2016-01-05,CONFLICTING_DUPLICATE_CANDLE_UNRESOLVED
NIFTY_AUTO,daily,2016-01-07,2016-01-07,CONFLICTING_DUPLICATE_CANDLE_UNRESOLVED
NIFTY_AUTO,daily,2016-01-08,2016-01-08,CONFLICTING_DUPLICATE_CANDLE_UNRESOLVED
NIFTY_AUTO,daily,2016-01-11,2016-01-11,CONFLICTING_DUPLICATE_CANDLE_UNRESOLVED
NIFTY_AUTO,daily,2016-01-12,2016-01-12,CONFLICTING_DUPLICATE_CANDLE_UNRESOLVED
NIFTY_AUTO,daily,2016-01-14,2016-01-14,CONFLICTING_DUPLICATE_CANDLE_UNRESOLVED
NIFTY_AUTO,daily,2016-01-18,2016-01-18,CONFLICTING_DUPLICATE_CANDLE_UNRESOLVED
NIFTY_AUTO,daily,2016-01-20,2016-01-20,CONFLICTING_DUPLICATE_CANDLE_UNRESOLVED
NIFTY_AUTO,daily,2016-01-21,2016-01-21,CONFLICTING_DUPLICATE_CANDLE_UNRESOLVED
NIFTY_AUTO,daily,2016-01-29,2016-01-29,CONFLICTING_DUPLICATE_CANDLE_UNRESOLVED
NIFTY_AUTO,daily,2016-02-04,2016-02-04,CONFLICTING_DUPLICATE_CANDLE_UNRESOLVED
NIFTY_AUTO,daily,2016-02-05,2016-02-05,CONFLICTING_DUPLICATE_CANDLE_UNRESOLVED
NIFTY_AUTO,daily,2016-02-09,2016-02-09,CONFLICTING_DUPLICATE_CANDLE_UNRESOLVED
NIFTY_AUTO,daily,2016-02-11,2016-02-11,CONFLICTING_DUPLICATE_CANDLE_UNRESOLVED
NIFTY_AUTO,daily,2016-02-15,2016-02-15,CONFLICTING_DUPLICATE_CANDLE_UNRESOLVED
NIFTY_AUTO,daily,2016-02-24,2016-02-24,CONFLICTING_DUPLICATE_CANDLE_UNRESOLVED
NIFTY_AUTO,daily,2016-02-25,2016-02-25,CONFLICTING_DUPLICATE_CANDLE_UNRESOLVED
NIFTY_AUTO,daily,2016-02-26,2016-02-26,CONFLICTING_DUPLICATE_CANDLE_UNRESOLVED
NIFTY_AUTO,daily,2016-03-01,2016-03-01,CONFLICTING_DUPLICATE_CANDLE_UNRESOLVED
NIFTY_AUTO,daily,2016-03-02,2016-03-02,CONFLICTING_DUPLICATE_CANDLE_UNRESOLVED
NIFTY_AUTO,daily,2016-03-04,2016-03-04,CONFLICTING_DUPLICATE_CANDLE_UNRESOLVED
NIFTY_AUTO,daily,2016-03-08,2016-03-08,CONFLICTING_DUPLICATE_CANDLE_UNRESOLVED
NIFTY_AUTO,daily,2016-03-11,2016-03-11,CONFLICTING_DUPLICATE_CANDLE_UNRESOLVED
NIFTY_AUTO,daily,2016-03-14,2016-03-14,CONFLICTING_DUPLICATE_CANDLE_UNRESOLVED
NIFTY_AUTO,daily,2016-03-22,2016-03-22,CONFLICTING_DUPLICATE_CANDLE_UNRESOLVED
NIFTY_AUTO,daily,2016-03-23,2016-03-23,CONFLICTING_DUPLICATE_CANDLE_UNRESOLVED
NIFTY_AUTO,daily,2016-04-01,2016-04-01,CONFLICTING_DUPLICATE_CANDLE_UNRESOLVED
NIFTY_AUTO,daily,2016-04-04,2016-04-04,CONFLICTING_DUPLICATE_CANDLE_UNRESOLVED
NIFTY_AUTO,daily,2016-04-06,2016-04-06,CONFLICTING_DUPLICATE_CANDLE_UNRESOLVED
NIFTY_AUTO,daily,2016-04-11,2016-04-11,CONFLICTING_DUPLICATE_CANDLE_UNRESOLVED
NIFTY_AUTO,daily,2016-04-13,2016-04-13,CONFLICTING_DUPLICATE_CANDLE_UNRESOLVED
NIFTY_AUTO,daily,2016-04-18,2016-04-18,CONFLICTING_DUPLICATE_CANDLE_UNRESOLVED
NIFTY_AUTO,daily,2016-04-21,2016-04-21,CONFLICTING_DUPLICATE_CANDLE_UNRESOLVED
NIFTY_AUTO,daily,2016-04-25,2016-04-25,CONFLICTING_DUPLICATE_CANDLE_UNRESOLVED
NIFTY_AUTO,daily,2016-04-26,2016-04-26,CONFLICTING_DUPLICATE_CANDLE_UNRESOLVED
NIFTY_AUTO,daily,2016-04-27,2016-04-27,CONFLICTING_DUPLICATE_CANDLE_UNRESOLVED
NIFTY_AUTO,daily,2016-04-28,2016-04-28,CONFLICTING_DUPLICATE_CANDLE_UNRESOLVED
NIFTY_AUTO,daily,2016-04-29,2016-04-29,CONFLICTING_DUPLICATE_CANDLE_UNRESOLVED
NIFTY_AUTO,daily,2016-05-02,2016-05-02,CONFLICTING_DUPLICATE_CANDLE_UNRESOLVED
NIFTY_AUTO,daily,2016-05-03,2016-05-03,CONFLICTING_DUPLICATE_CANDLE_UNRESOLVED
NIFTY_AUTO,daily,2016-05-06,2016-05-06,CONFLICTING_DUPLICATE_CANDLE_UNRESOLVED
NIFTY_AUTO,daily,2016-05-09,2016-05-09,CONFLICTING_DUPLICATE_CANDLE_UNRESOLVED
NIFTY_AUTO,daily,2016-05-10,2016-05-10,CONFLICTING_DUPLICATE_CANDLE_UNRESOLVED
NIFTY_AUTO,daily,2016-05-11,2016-05-11,CONFLICTING_DUPLICATE_CANDLE_UNRESOLVED
NIFTY_AUTO,daily,2016-05-12,2016-05-12,CONFLICTING_DUPLICATE_CANDLE_UNRESOLVED
NIFTY_AUTO,daily,2016-05-17,2016-05-17,CONFLICTING_DUPLICATE_CANDLE_UNRESOLVED
NIFTY_AUTO,daily,2016-05-18,2016-05-18,CONFLICTING_DUPLICATE_CANDLE_UNRESOLVED
NIFTY_AUTO,daily,2016-05-19,2016-05-19,CONFLICTING_DUPLICATE_CANDLE_UNRESOLVED
NIFTY_AUTO,daily,2016-05-20,2016-05-20,CONFLICTING_DUPLICATE_CANDLE_UNRESOLVED
NIFTY_AUTO,daily,2016-05-24,2016-05-24,CONFLICTING_DUPLICATE_CANDLE_UNRESOLVED
NIFTY_AUTO,daily,2016-05-25,2016-05-25,CONFLICTING_DUPLICATE_CANDLE_UNRESOLVED
NIFTY_AUTO,daily,2016-05-26,2016-05-26,CONFLICTING_DUPLICATE_CANDLE_UNRESOLVED
NIFTY_AUTO,daily,2016-05-27,2016-05-27,CONFLICTING_DUPLICATE_CANDLE_UNRESOLVED
NIFTY_AUTO,daily,2016-05-30,2016-05-30,CONFLICTING_DUPLICATE_CANDLE_UNRESOLVED
NIFTY_AUTO,daily,2016-06-01,2016-06-01,CONFLICTING_DUPLICATE_CANDLE_UNRESOLVED
NIFTY_AUTO,daily,2016-06-02,2016-06-02,CONFLICTING_DUPLICATE_CANDLE_UNRESOLVED
NIFTY_AUTO,daily,2016-06-03,2016-06-03,CONFLICTING_DUPLICATE_CANDLE_UNRESOLVED
NIFTY_AUTO,daily,2016-06-06,2016-06-06,CONFLICTING_DUPLICATE_CANDLE_UNRESOLVED
NIFTY_AUTO,daily,2016-06-08,2016-06-08,CONFLICTING_DUPLICATE_CANDLE_UNRESOLVED
NIFTY_AUTO,daily,2016-06-09,2016-06-09,CONFLICTING_DUPLICATE_CANDLE_UNRESOLVED
NIFTY_AUTO,daily,2016-06-10,2016-06-10,CONFLICTING_DUPLICATE_CANDLE_UNRESOLVED
NIFTY_AUTO,daily,2016-06-14,2016-06-14,CONFLICTING_DUPLICATE_CANDLE_UNRESOLVED
NIFTY_AUTO,daily,2016-06-15,2016-06-15,CONFLICTING_DUPLICATE_CANDLE_UNRESOLVED
NIFTY_AUTO,daily,2016-06-16,2016-06-16,CONFLICTING_DUPLICATE_CANDLE_UNRESOLVED
NIFTY_AUTO,daily,2016-06-17,2016-06-17,CONFLICTING_DUPLICATE_CANDLE_UNRESOLVED
NIFTY_AUTO,daily,2016-06-20,2016-06-20,CONFLICTING_DUPLICATE_CANDLE_UNRESOLVED
NIFTY_AUTO,daily,2016-06-21,2016-06-21,CONFLICTING_DUPLICATE_CANDLE_UNRESOLVED
NIFTY_AUTO,daily,2016-06-23,2016-06-23,CONFLICTING_DUPLICATE_CANDLE_UNRESOLVED
NIFTY_AUTO,daily,2016-06-24,2016-06-24,CONFLICTING_DUPLICATE_CANDLE_UNRESOLVED
NIFTY_AUTO,daily,2016-06-27,2016-06-27,CONFLICTING_DUPLICATE_CANDLE_UNRESOLVED
NIFTY_AUTO,daily,2016-06-28,2016-06-28,CONFLICTING_DUPLICATE_CANDLE_UNRESOLVED
NIFTY_AUTO,daily,2016-06-29,2016-06-29,CONFLICTING_DUPLICATE_CANDLE_UNRESOLVED
NIFTY_AUTO,daily,2016-06-30,2016-06-30,CONFLICTING_DUPLICATE_CANDLE_UNRESOLVED
NIFTY_AUTO,daily,2016-07-01,2016-07-01,CONFLICTING_DUPLICATE_CANDLE_UNRESOLVED
NIFTY_AUTO,daily,2016-07-04,2016-07-04,CONFLICTING_DUPLICATE_CANDLE_UNRESOLVED
NIFTY_AUTO,daily,2016-07-05,2016-07-05,CONFLICTING_DUPLICATE_CANDLE_UNRESOLVED
NIFTY_AUTO,daily,2016-07-07,2016-07-07,CONFLICTING_DUPLICATE_CANDLE_UNRESOLVED
NIFTY_AUTO,daily,2016-07-08,2016-07-08,CONFLICTING_DUPLICATE_CANDLE_UNRESOLVED
NIFTY_AUTO,daily,2016-07-11,2016-07-11,CONFLICTING_DUPLICATE_CANDLE_UNRESOLVED
NIFTY_AUTO,daily,2016-07-12,2016-07-12,CONFLICTING_DUPLICATE_CANDLE_UNRESOLVED
NIFTY_AUTO,daily,2016-07-13,2016-07-13,CONFLICTING_DUPLICATE_CANDLE_UNRESOLVED
NIFTY_AUTO,daily,2016-07-14,2016-07-14,CONFLICTING_DUPLICATE_CANDLE_UNRESOLVED
NIFTY_AUTO,daily,2016-07-15,2016-07-15,CONFLICTING_DUPLICATE_CANDLE_UNRESOLVED
NIFTY_AUTO,daily,2016-07-19,2016-07-19,CONFLICTING_DUPLICATE_CANDLE_UNRESOLVED
NIFTY_AUTO,daily,2016-07-20,2016-07-20,CONFLICTING_DUPLICATE_CANDLE_UNRESOLVED
NIFTY_AUTO,daily,2016-07-21,2016-07-21,CONFLICTING_DUPLICATE_CANDLE_UNRESOLVED
NIFTY_AUTO,daily,2016-07-22,2016-07-22,CONFLICTING_DUPLICATE_CANDLE_UNRESOLVED
NIFTY_AUTO,daily,2016-07-25,2016-07-25,CONFLICTING_DUPLICATE_CANDLE_UNRESOLVED
NIFTY_AUTO,daily,2016-07-26,2016-07-26,CONFLICTING_DUPLICATE_CANDLE_UNRESOLVED
NIFTY_AUTO,daily,2016-07-27,2016-07-27,CONFLICTING_DUPLICATE_CANDLE_UNRESOLVED
NIFTY_AUTO,daily,2016-07-28,2016-07-28,CONFLICTING_DUPLICATE_CANDLE_UNRESOLVED
NIFTY_AUTO,daily,2016-07-29,2016-07-29,CONFLICTING_DUPLICATE_CANDLE_UNRESOLVED
NIFTY_AUTO,daily,2016-08-01,2016-08-01,CONFLICTING_DUPLICATE_CANDLE_UNRESOLVED
NIFTY_AUTO,daily,2016-08-03,2016-08-03,CONFLICTING_DUPLICATE_CANDLE_UNRESOLVED
NIFTY_AUTO,daily,2016-08-04,2016-08-04,CONFLICTING_DUPLICATE_CANDLE_UNRESOLVED
NIFTY_AUTO,daily,2016-08-05,2016-08-05,CONFLICTING_DUPLICATE_CANDLE_UNRESOLVED
NIFTY_AUTO,daily,2016-08-08,2016-08-08,CONFLICTING_DUPLICATE_CANDLE_UNRESOLVED
NIFTY_AUTO,daily,2016-08-09,2016-08-09,CONFLICTING_DUPLICATE_CANDLE_UNRESOLVED
NIFTY_AUTO,daily,2016-08-10,2016-08-10,CONFLICTING_DUPLICATE_CANDLE_UNRESOLVED
NIFTY_AUTO,daily,2016-08-11,2016-08-11,CONFLICTING_DUPLICATE_CANDLE_UNRESOLVED
NIFTY_AUTO,daily,2016-08-16,2016-08-16,CONFLICTING_DUPLICATE_CANDLE_UNRESOLVED
NIFTY_AUTO,daily,2016-08-19,2016-08-19,CONFLICTING_DUPLICATE_CANDLE_UNRESOLVED
NIFTY_AUTO,daily,2016-08-23,2016-08-23,CONFLICTING_DUPLICATE_CANDLE_UNRESOLVED
NIFTY_AUTO,daily,2016-08-24,2016-08-24,CONFLICTING_DUPLICATE_CANDLE_UNRESOLVED
NIFTY_AUTO,daily,2016-08-25,2016-08-25,CONFLICTING_DUPLICATE_CANDLE_UNRESOLVED
NIFTY_AUTO,daily,2016-08-30,2016-08-30,CONFLICTING_DUPLICATE_CANDLE_UNRESOLVED
NIFTY_AUTO,daily,2016-08-31,2016-08-31,CONFLICTING_DUPLICATE_CANDLE_UNRESOLVED
NIFTY_AUTO,daily,2016-09-01,2016-09-01,CONFLICTING_DUPLICATE_CANDLE_UNRESOLVED
NIFTY_AUTO,daily,2016-09-02,2016-09-02,CONFLICTING_DUPLICATE_CANDLE_UNRESOLVED
NIFTY_AUTO,daily,2016-09-06,2016-09-06,CONFLICTING_DUPLICATE_CANDLE_UNRESOLVED
NIFTY_AUTO,daily,2016-09-07,2016-09-07,CONFLICTING_DUPLICATE_CANDLE_UNRESOLVED
NIFTY_AUTO,daily,2016-09-08,2016-09-08,CONFLICTING_DUPLICATE_CANDLE_UNRESOLVED
NIFTY_AUTO,daily,2016-09-09,2016-09-09,CONFLICTING_DUPLICATE_CANDLE_UNRESOLVED
NIFTY_AUTO,daily,2016-09-12,2016-09-12,CONFLICTING_DUPLICATE_CANDLE_UNRESOLVED
NIFTY_AUTO,daily,2016-09-14,2016-09-14,CONFLICTING_DUPLICATE_CANDLE_UNRESOLVED
NIFTY_AUTO,daily,2016-09-15,2016-09-15,CONFLICTING_DUPLICATE_CANDLE_UNRESOLVED
NIFTY_AUTO,daily,2016-09-16,2016-09-16,CONFLICTING_DUPLICATE_CANDLE_UNRESOLVED
NIFTY_AUTO,daily,2016-09-19,2016-09-19,CONFLICTING_DUPLICATE_CANDLE_UNRESOLVED
NIFTY_AUTO,daily,2016-09-21,2016-09-21,CONFLICTING_DUPLICATE_CANDLE_UNRESOLVED
NIFTY_AUTO,daily,2016-09-22,2016-09-22,CONFLICTING_DUPLICATE_CANDLE_UNRESOLVED
NIFTY_AUTO,daily,2016-09-23,2016-09-23,CONFLICTING_DUPLICATE_CANDLE_UNRESOLVED
NIFTY_AUTO,daily,2016-09-26,2016-09-26,CONFLICTING_DUPLICATE_CANDLE_UNRESOLVED
NIFTY_AUTO,daily,2016-09-27,2016-09-27,CONFLICTING_DUPLICATE_CANDLE_UNRESOLVED
NIFTY_AUTO,daily,2016-09-28,2016-09-28,CONFLICTING_DUPLICATE_CANDLE_UNRESOLVED
NIFTY_AUTO,daily,2016-09-29,2016-09-29,CONFLICTING_DUPLICATE_CANDLE_UNRESOLVED
NIFTY_AUTO,daily,2016-09-30,2016-09-30,CONFLICTING_DUPLICATE_CANDLE_UNRESOLVED
NIFTY_AUTO,daily,2016-10-03,2016-10-03,CONFLICTING_DUPLICATE_CANDLE_UNRESOLVED
NIFTY_AUTO,daily,2016-10-04,2016-10-04,CONFLICTING_DUPLICATE_CANDLE_UNRESOLVED
NIFTY_AUTO,daily,2016-10-05,2016-10-05,CONFLICTING_DUPLICATE_CANDLE_UNRESOLVED
NIFTY_AUTO,daily,2016-10-06,2016-10-06,CONFLICTING_DUPLICATE_CANDLE_UNRESOLVED
NIFTY_AUTO,daily,2016-10-07,2016-10-07,CONFLICTING_DUPLICATE_CANDLE_UNRESOLVED
NIFTY_AUTO,daily,2016-10-10,2016-10-10,CONFLICTING_DUPLICATE_CANDLE_UNRESOLVED
NIFTY_AUTO,daily,2016-10-14,2016-10-14,CONFLICTING_DUPLICATE_CANDLE_UNRESOLVED
NIFTY_AUTO,daily,2016-10-17,2016-10-17,CONFLICTING_DUPLICATE_CANDLE_UNRESOLVED
NIFTY_AUTO,daily,2016-10-18,2016-10-18,CONFLICTING_DUPLICATE_CANDLE_UNRESOLVED
NIFTY_AUTO,daily,2016-10-19,2016-10-19,CONFLICTING_DUPLICATE_CANDLE_UNRESOLVED
NIFTY_AUTO,daily,2016-10-20,2016-10-20,CONFLICTING_DUPLICATE_CANDLE_UNRESOLVED
NIFTY_AUTO,daily,2016-10-21,2016-10-21,CONFLICTING_DUPLICATE_CANDLE_UNRESOLVED
NIFTY_AUTO,daily,2016-10-24,2016-10-24,CONFLICTING_DUPLICATE_CANDLE_UNRESOLVED
NIFTY_AUTO,daily,2016-10-25,2016-10-25,CONFLICTING_DUPLICATE_CANDLE_UNRESOLVED
NIFTY_AUTO,daily,2016-10-26,2016-10-26,CONFLICTING_DUPLICATE_CANDLE_UNRESOLVED
NIFTY_AUTO,daily,2016-10-27,2016-10-27,CONFLICTING_DUPLICATE_CANDLE_UNRESOLVED
NIFTY_AUTO,daily,2016-10-28,2016-10-28,CONFLICTING_DUPLICATE_CANDLE_UNRESOLVED
NIFTY_AUTO,daily,2016-10-30,2016-10-30,CONFLICTING_DUPLICATE_CANDLE_UNRESOLVED
NIFTY_AUTO,daily,2016-11-01,2016-11-01,CONFLICTING_DUPLICATE_CANDLE_UNRESOLVED
NIFTY_AUTO,daily,2016-11-02,2016-11-02,CONFLICTING_DUPLICATE_CANDLE_UNRESOLVED
NIFTY_AUTO,daily,2016-11-03,2016-11-03,CONFLICTING_DUPLICATE_CANDLE_UNRESOLVED
NIFTY_AUTO,daily,2016-11-04,2016-11-04,CONFLICTING_DUPLICATE_CANDLE_UNRESOLVED
NIFTY_AUTO,daily,2016-11-08,2016-11-08,CONFLICTING_DUPLICATE_CANDLE_UNRESOLVED
NIFTY_AUTO,daily,2016-11-09,2016-11-09,CONFLICTING_DUPLICATE_CANDLE_UNRESOLVED
NIFTY_AUTO,daily,2016-11-10,2016-11-10,CONFLICTING_DUPLICATE_CANDLE_UNRESOLVED
NIFTY_AUTO,daily,2016-11-11,2016-11-11,CONFLICTING_DUPLICATE_CANDLE_UNRESOLVED
NIFTY_AUTO,daily,2016-11-16,2016-11-16,CONFLICTING_DUPLICATE_CANDLE_UNRESOLVED
NIFTY_AUTO,daily,2016-11-18,2016-11-18,CONFLICTING_DUPLICATE_CANDLE_UNRESOLVED
NIFTY_AUTO,daily,2016-11-23,2016-11-23,CONFLICTING_DUPLICATE_CANDLE_UNRESOLVED
NIFTY_AUTO,daily,2016-11-24,2016-11-24,CONFLICTING_DUPLICATE_CANDLE_UNRESOLVED
NIFTY_AUTO,daily,2016-11-28,2016-11-28,CONFLICTING_DUPLICATE_CANDLE_UNRESOLVED
NIFTY_AUTO,daily,2016-11-29,2016-11-29,CONFLICTING_DUPLICATE_CANDLE_UNRESOLVED
NIFTY_AUTO,daily,2016-11-30,2016-11-30,CONFLICTING_DUPLICATE_CANDLE_UNRESOLVED
NIFTY_AUTO,daily,2016-12-05,2016-12-05,CONFLICTING_DUPLICATE_CANDLE_UNRESOLVED
NIFTY_AUTO,daily,2016-12-07,2016-12-07,CONFLICTING_DUPLICATE_CANDLE_UNRESOLVED
NIFTY_AUTO,daily,2016-12-08,2016-12-08,CONFLICTING_DUPLICATE_CANDLE_UNRESOLVED
NIFTY_AUTO,daily,2016-12-09,2016-12-09,CONFLICTING_DUPLICATE_CANDLE_UNRESOLVED
NIFTY_AUTO,daily,2016-12-13,2016-12-13,CONFLICTING_DUPLICATE_CANDLE_UNRESOLVED
NIFTY_AUTO,daily,2016-12-14,2016-12-14,CONFLICTING_DUPLICATE_CANDLE_UNRESOLVED
NIFTY_AUTO,daily,2016-12-15,2016-12-15,CONFLICTING_DUPLICATE_CANDLE_UNRESOLVED
NIFTY_AUTO,daily,2016-12-19,2016-12-19,CONFLICTING_DUPLICATE_CANDLE_UNRESOLVED
NIFTY_AUTO,daily,2016-12-20,2016-12-20,CONFLICTING_DUPLICATE_CANDLE_UNRESOLVED
NIFTY_AUTO,daily,2016-12-22,2016-12-22,CONFLICTING_DUPLICATE_CANDLE_UNRESOLVED
NIFTY_AUTO,daily,2016-12-23,2016-12-23,CONFLICTING_DUPLICATE_CANDLE_UNRESOLVED
NIFTY_AUTO,daily,2016-12-26,2016-12-26,CONFLICTING_DUPLICATE_CANDLE_UNRESOLVED
NIFTY_AUTO,daily,2016-12-27,2016-12-27,CONFLICTING_DUPLICATE_CANDLE_UNRESOLVED
NIFTY_AUTO,daily,2016-12-28,2016-12-28,CONFLICTING_DUPLICATE_CANDLE_UNRESOLVED
NIFTY_AUTO,daily,2016-12-29,2016-12-29,CONFLICTING_DUPLICATE_CANDLE_UNRESOLVED
NIFTY_AUTO,daily,2016-12-30,2016-12-30,CONFLICTING_DUPLICATE_CANDLE_UNRESOLVED
NIFTY_AUTO,daily,2017-01-03,2017-01-03,CONFLICTING_DUPLICATE_CANDLE_UNRESOLVED
NIFTY_AUTO,daily,2017-01-04,2017-01-04,CONFLICTING_DUPLICATE_CANDLE_UNRESOLVED
NIFTY_AUTO,daily,2017-01-05,2017-01-05,CONFLICTING_DUPLICATE_CANDLE_UNRESOLVED
NIFTY_AUTO,daily,2017-01-06,2017-01-06,CONFLICTING_DUPLICATE_CANDLE_UNRESOLVED
NIFTY_AUTO,daily,2017-01-09,2017-01-09,CONFLICTING_DUPLICATE_CANDLE_UNRESOLVED
NIFTY_AUTO,daily,2017-01-10,2017-01-10,CONFLICTING_DUPLICATE_CANDLE_UNRESOLVED
NIFTY_AUTO,daily,2017-01-11,2017-01-11,CONFLICTING_DUPLICATE_CANDLE_UNRESOLVED
NIFTY_AUTO,daily,2017-01-12,2017-01-12,CONFLICTING_DUPLICATE_CANDLE_UNRESOLVED
NIFTY_AUTO,daily,2017-01-17,2017-01-17,CONFLICTING_DUPLICATE_CANDLE_UNRESOLVED
NIFTY_AUTO,daily,2017-01-18,2017-01-18,CONFLICTING_DUPLICATE_CANDLE_UNRESOLVED
NIFTY_AUTO,daily,2017-01-20,2017-01-20,CONFLICTING_DUPLICATE_CANDLE_UNRESOLVED
NIFTY_AUTO,daily,2017-01-23,2017-01-23,CONFLICTING_DUPLICATE_CANDLE_UNRESOLVED
NIFTY_AUTO,daily,2017-01-25,2017-01-25,CONFLICTING_DUPLICATE_CANDLE_UNRESOLVED
NIFTY_AUTO,daily,2017-01-27,2017-01-27,CONFLICTING_DUPLICATE_CANDLE_UNRESOLVED
NIFTY_AUTO,daily,2017-01-30,2017-01-30,CONFLICTING_DUPLICATE_CANDLE_UNRESOLVED
NIFTY_AUTO,daily,2017-01-31,2017-01-31,CONFLICTING_DUPLICATE_CANDLE_UNRESOLVED
NIFTY_AUTO,daily,2017-02-01,2017-02-01,CONFLICTING_DUPLICATE_CANDLE_UNRESOLVED
NIFTY_AUTO,daily,2017-02-02,2017-02-02,CONFLICTING_DUPLICATE_CANDLE_UNRESOLVED
NIFTY_AUTO,daily,2017-02-03,2017-02-03,CONFLICTING_DUPLICATE_CANDLE_UNRESOLVED
NIFTY_AUTO,daily,2017-02-06,2017-02-06,CONFLICTING_DUPLICATE_CANDLE_UNRESOLVED
NIFTY_AUTO,daily,2017-02-08,2017-02-08,CONFLICTING_DUPLICATE_CANDLE_UNRESOLVED
NIFTY_AUTO,daily,2017-02-09,2017-02-09,CONFLICTING_DUPLICATE_CANDLE_UNRESOLVED
NIFTY_AUTO,daily,2017-02-10,2017-02-10,CONFLICTING_DUPLICATE_CANDLE_UNRESOLVED
NIFTY_AUTO,daily,2017-02-13,2017-02-13,CONFLICTING_DUPLICATE_CANDLE_UNRESOLVED
NIFTY_AUTO,daily,2017-02-14,2017-02-14,CONFLICTING_DUPLICATE_CANDLE_UNRESOLVED
NIFTY_AUTO,daily,2017-02-15,2017-02-15,CONFLICTING_DUPLICATE_CANDLE_UNRESOLVED
NIFTY_AUTO,daily,2017-02-16,2017-02-16,CONFLICTING_DUPLICATE_CANDLE_UNRESOLVED
NIFTY_AUTO,daily,2017-02-20,2017-02-20,CONFLICTING_DUPLICATE_CANDLE_UNRESOLVED
NIFTY_AUTO,daily,2017-02-22,2017-02-22,CONFLICTING_DUPLICATE_CANDLE_UNRESOLVED
NIFTY_AUTO,daily,2017-02-23,2017-02-23,CONFLICTING_DUPLICATE_CANDLE_UNRESOLVED
NIFTY_AUTO,daily,2017-02-27,2017-02-27,CONFLICTING_DUPLICATE_CANDLE_UNRESOLVED
NIFTY_AUTO,daily,2017-02-28,2017-02-28,CONFLICTING_DUPLICATE_CANDLE_UNRESOLVED
NIFTY_AUTO,daily,2017-03-02,2017-03-02,CONFLICTING_DUPLICATE_CANDLE_UNRESOLVED
NIFTY_AUTO,daily,2017-03-03,2017-03-03,CONFLICTING_DUPLICATE_CANDLE_UNRESOLVED
NIFTY_AUTO,daily,2017-03-06,2017-03-06,CONFLICTING_DUPLICATE_CANDLE_UNRESOLVED
NIFTY_AUTO,daily,2017-03-07,2017-03-07,CONFLICTING_DUPLICATE_CANDLE_UNRESOLVED
NIFTY_AUTO,daily,2017-03-08,2017-03-08,CONFLICTING_DUPLICATE_CANDLE_UNRESOLVED
NIFTY_AUTO,daily,2017-03-09,2017-03-09,CONFLICTING_DUPLICATE_CANDLE_UNRESOLVED
NIFTY_AUTO,daily,2017-03-10,2017-03-10,CONFLICTING_DUPLICATE_CANDLE_UNRESOLVED
NIFTY_AUTO,daily,2017-03-14,2017-03-14,CONFLICTING_DUPLICATE_CANDLE_UNRESOLVED
NIFTY_AUTO,daily,2017-03-15,2017-03-15,CONFLICTING_DUPLICATE_CANDLE_UNRESOLVED
NIFTY_AUTO,daily,2017-03-16,2017-03-16,CONFLICTING_DUPLICATE_CANDLE_UNRESOLVED
NIFTY_AUTO,daily,2017-03-17,2017-03-17,CONFLICTING_DUPLICATE_CANDLE_UNRESOLVED
NIFTY_AUTO,daily,2017-03-20,2017-03-20,CONFLICTING_DUPLICATE_CANDLE_UNRESOLVED
NIFTY_AUTO,daily,2017-03-21,2017-03-21,CONFLICTING_DUPLICATE_CANDLE_UNRESOLVED
NIFTY_AUTO,daily,2017-03-22,2017-03-22,CONFLICTING_DUPLICATE_CANDLE_UNRESOLVED
NIFTY_AUTO,daily,2017-03-23,2017-03-23,CONFLICTING_DUPLICATE_CANDLE_UNRESOLVED
NIFTY_AUTO,daily,2017-03-24,2017-03-24,CONFLICTING_DUPLICATE_CANDLE_UNRESOLVED
NIFTY_AUTO,daily,2017-03-27,2017-03-27,CONFLICTING_DUPLICATE_CANDLE_UNRESOLVED
NIFTY_AUTO,daily,2017-03-28,2017-03-28,CONFLICTING_DUPLICATE_CANDLE_UNRESOLVED
NIFTY_AUTO,daily,2017-03-29,2017-03-29,CONFLICTING_DUPLICATE_CANDLE_UNRESOLVED
NIFTY_AUTO,daily,2017-03-30,2017-03-30,CONFLICTING_DUPLICATE_CANDLE_UNRESOLVED
NIFTY_AUTO,daily,2017-03-31,2017-03-31,CONFLICTING_DUPLICATE_CANDLE_UNRESOLVED
NIFTY_AUTO,daily,2017-04-03,2017-04-03,CONFLICTING_DUPLICATE_CANDLE_UNRESOLVED
NIFTY_AUTO,daily,2017-04-05,2017-04-05,CONFLICTING_DUPLICATE_CANDLE_UNRESOLVED
NIFTY_AUTO,daily,2017-04-06,2017-04-06,CONFLICTING_DUPLICATE_CANDLE_UNRESOLVED
NIFTY_AUTO,daily,2017-04-07,2017-04-07,CONFLICTING_DUPLICATE_CANDLE_UNRESOLVED
NIFTY_AUTO,daily,2017-04-10,2017-04-10,CONFLICTING_DUPLICATE_CANDLE_UNRESOLVED
NIFTY_AUTO,daily,2017-04-11,2017-04-11,CONFLICTING_DUPLICATE_CANDLE_UNRESOLVED
NIFTY_AUTO,daily,2017-04-12,2017-04-12,CONFLICTING_DUPLICATE_CANDLE_UNRESOLVED
NIFTY_AUTO,daily,2017-04-13,2017-04-13,CONFLICTING_DUPLICATE_CANDLE_UNRESOLVED
NIFTY_AUTO,daily,2017-04-17,2017-04-17,CONFLICTING_DUPLICATE_CANDLE_UNRESOLVED
NIFTY_AUTO,daily,2017-04-19,2017-04-19,CONFLICTING_DUPLICATE_CANDLE_UNRESOLVED
NIFTY_AUTO,daily,2017-04-21,2017-04-21,CONFLICTING_DUPLICATE_CANDLE_UNRESOLVED
NIFTY_AUTO,daily,2017-04-25,2017-04-25,CONFLICTING_DUPLICATE_CANDLE_UNRESOLVED
NIFTY_AUTO,daily,2017-04-26,2017-04-26,CONFLICTING_DUPLICATE_CANDLE_UNRESOLVED
NIFTY_AUTO,daily,2017-04-27,2017-04-27,CONFLICTING_DUPLICATE_CANDLE_UNRESOLVED
NIFTY_AUTO,daily,2017-04-28,2017-04-28,CONFLICTING_DUPLICATE_CANDLE_UNRESOLVED
NIFTY_AUTO,daily,2017-05-02,2017-05-02,CONFLICTING_DUPLICATE_CANDLE_UNRESOLVED
NIFTY_AUTO,daily,2017-05-03,2017-05-03,CONFLICTING_DUPLICATE_CANDLE_UNRESOLVED
NIFTY_AUTO,daily,2017-05-04,2017-05-04,CONFLICTING_DUPLICATE_CANDLE_UNRESOLVED
NIFTY_AUTO,daily,2017-05-05,2017-05-05,CONFLICTING_DUPLICATE_CANDLE_UNRESOLVED
NIFTY_AUTO,daily,2017-05-08,2017-05-08,CONFLICTING_DUPLICATE_CANDLE_UNRESOLVED
NIFTY_AUTO,daily,2017-05-09,2017-05-09,CONFLICTING_DUPLICATE_CANDLE_UNRESOLVED
NIFTY_AUTO,daily,2017-05-10,2017-05-10,CONFLICTING_DUPLICATE_CANDLE_UNRESOLVED
NIFTY_AUTO,daily,2017-05-11,2017-05-11,CONFLICTING_DUPLICATE_CANDLE_UNRESOLVED
NIFTY_AUTO,daily,2017-05-12,2017-05-12,CONFLICTING_DUPLICATE_CANDLE_UNRESOLVED
NIFTY_AUTO,daily,2017-05-15,2017-05-15,CONFLICTING_DUPLICATE_CANDLE_UNRESOLVED
NIFTY_AUTO,daily,2017-05-16,2017-05-16,CONFLICTING_DUPLICATE_CANDLE_UNRESOLVED
NIFTY_AUTO,daily,2017-05-17,2017-05-17,CONFLICTING_DUPLICATE_CANDLE_UNRESOLVED
NIFTY_AUTO,daily,2017-05-18,2017-05-18,CONFLICTING_DUPLICATE_CANDLE_UNRESOLVED
NIFTY_AUTO,daily,2017-05-19,2017-05-19,CONFLICTING_DUPLICATE_CANDLE_UNRESOLVED
NIFTY_AUTO,daily,2017-05-22,2017-05-22,CONFLICTING_DUPLICATE_CANDLE_UNRESOLVED
NIFTY_AUTO,daily,2017-05-23,2017-05-23,CONFLICTING_DUPLICATE_CANDLE_UNRESOLVED
NIFTY_AUTO,daily,2017-05-24,2017-05-24,CONFLICTING_DUPLICATE_CANDLE_UNRESOLVED
NIFTY_AUTO,daily,2017-05-25,2017-05-25,CONFLICTING_DUPLICATE_CANDLE_UNRESOLVED
NIFTY_AUTO,daily,2017-05-26,2017-05-26,CONFLICTING_DUPLICATE_CANDLE_UNRESOLVED
NIFTY_AUTO,daily,2017-05-29,2017-05-29,CONFLICTING_DUPLICATE_CANDLE_UNRESOLVED
NIFTY_AUTO,daily,2017-05-30,2017-05-30,CONFLICTING_DUPLICATE_CANDLE_UNRESOLVED
NIFTY_AUTO,daily,2017-05-31,2017-05-31,CONFLICTING_DUPLICATE_CANDLE_UNRESOLVED
NIFTY_AUTO,daily,2017-06-01,2017-06-01,CONFLICTING_DUPLICATE_CANDLE_UNRESOLVED
NIFTY_AUTO,daily,2017-06-02,2017-06-02,CONFLICTING_DUPLICATE_CANDLE_UNRESOLVED
NIFTY_AUTO,daily,2017-06-05,2017-06-05,CONFLICTING_DUPLICATE_CANDLE_UNRESOLVED
NIFTY_AUTO,daily,2017-06-06,2017-06-06,CONFLICTING_DUPLICATE_CANDLE_UNRESOLVED
NIFTY_AUTO,daily,2017-06-07,2017-06-07,CONFLICTING_DUPLICATE_CANDLE_UNRESOLVED
NIFTY_AUTO,daily,2017-06-08,2017-06-08,CONFLICTING_DUPLICATE_CANDLE_UNRESOLVED
NIFTY_AUTO,daily,2017-06-09,2017-06-09,CONFLICTING_DUPLICATE_CANDLE_UNRESOLVED
NIFTY_AUTO,daily,2017-06-12,2017-06-12,CONFLICTING_DUPLICATE_CANDLE_UNRESOLVED
NIFTY_AUTO,daily,2017-06-13,2017-06-13,CONFLICTING_DUPLICATE_CANDLE_UNRESOLVED
NIFTY_AUTO,daily,2017-06-14,2017-06-14,CONFLICTING_DUPLICATE_CANDLE_UNRESOLVED
NIFTY_AUTO,daily,2017-06-15,2017-06-15,CONFLICTING_DUPLICATE_CANDLE_UNRESOLVED
NIFTY_AUTO,daily,2017-06-16,2017-06-16,CONFLICTING_DUPLICATE_CANDLE_UNRESOLVED
NIFTY_AUTO,daily,2017-06-19,2017-06-19,CONFLICTING_DUPLICATE_CANDLE_UNRESOLVED
NIFTY_AUTO,daily,2017-06-20,2017-06-20,CONFLICTING_DUPLICATE_CANDLE_UNRESOLVED
NIFTY_AUTO,daily,2017-06-21,2017-06-21,CONFLICTING_DUPLICATE_CANDLE_UNRESOLVED
NIFTY_AUTO,daily,2017-06-22,2017-06-22,CONFLICTING_DUPLICATE_CANDLE_UNRESOLVED
NIFTY_AUTO,daily,2017-06-23,2017-06-23,CONFLICTING_DUPLICATE_CANDLE_UNRESOLVED
NIFTY_AUTO,daily,2017-06-27,2017-06-27,CONFLICTING_DUPLICATE_CANDLE_UNRESOLVED
NIFTY_AUTO,daily,2017-06-28,2017-06-28,CONFLICTING_DUPLICATE_CANDLE_UNRESOLVED
NIFTY_AUTO,daily,2017-06-29,2017-06-29,CONFLICTING_DUPLICATE_CANDLE_UNRESOLVED
NIFTY_AUTO,daily,2017-06-30,2017-06-30,CONFLICTING_DUPLICATE_CANDLE_UNRESOLVED
NIFTY_AUTO,daily,2017-07-03,2017-07-03,CONFLICTING_DUPLICATE_CANDLE_UNRESOLVED
NIFTY_AUTO,daily,2017-07-04,2017-07-04,CONFLICTING_DUPLICATE_CANDLE_UNRESOLVED
NIFTY_AUTO,daily,2017-07-05,2017-07-05,CONFLICTING_DUPLICATE_CANDLE_UNRESOLVED
NIFTY_AUTO,daily,2017-07-06,2017-07-06,CONFLICTING_DUPLICATE_CANDLE_UNRESOLVED
NIFTY_AUTO,daily,2017-07-10,2017-07-10,CONFLICTING_DUPLICATE_CANDLE_UNRESOLVED
NIFTY_AUTO,daily,2017-07-11,2017-07-11,CONFLICTING_DUPLICATE_CANDLE_UNRESOLVED
NIFTY_AUTO,daily,2017-07-12,2017-07-12,CONFLICTING_DUPLICATE_CANDLE_UNRESOLVED
NIFTY_AUTO,daily,2017-07-13,2017-07-13,CONFLICTING_DUPLICATE_CANDLE_UNRESOLVED
NIFTY_AUTO,daily,2017-07-14,2017-07-14,CONFLICTING_DUPLICATE_CANDLE_UNRESOLVED
NIFTY_AUTO,daily,2017-07-17,2017-07-17,CONFLICTING_DUPLICATE_CANDLE_UNRESOLVED
NIFTY_AUTO,daily,2017-07-18,2017-07-18,CONFLICTING_DUPLICATE_CANDLE_UNRESOLVED
NIFTY_AUTO,daily,2017-07-19,2017-07-19,CONFLICTING_DUPLICATE_CANDLE_UNRESOLVED
NIFTY_AUTO,daily,2017-07-20,2017-07-20,CONFLICTING_DUPLICATE_CANDLE_UNRESOLVED
NIFTY_AUTO,daily,2017-07-21,2017-07-21,CONFLICTING_DUPLICATE_CANDLE_UNRESOLVED
NIFTY_AUTO,daily,2017-07-24,2017-07-24,CONFLICTING_DUPLICATE_CANDLE_UNRESOLVED
NIFTY_AUTO,daily,2017-07-25,2017-07-25,CONFLICTING_DUPLICATE_CANDLE_UNRESOLVED
NIFTY_AUTO,daily,2017-07-26,2017-07-26,CONFLICTING_DUPLICATE_CANDLE_UNRESOLVED
NIFTY_AUTO,daily,2017-07-28,2017-07-28,CONFLICTING_DUPLICATE_CANDLE_UNRESOLVED
NIFTY_AUTO,daily,2017-07-31,2017-07-31,CONFLICTING_DUPLICATE_CANDLE_UNRESOLVED
NIFTY_AUTO,daily,2017-08-01,2017-08-01,CONFLICTING_DUPLICATE_CANDLE_UNRESOLVED
NIFTY_AUTO,daily,2017-08-02,2017-08-02,CONFLICTING_DUPLICATE_CANDLE_UNRESOLVED
NIFTY_AUTO,daily,2017-08-03,2017-08-03,CONFLICTING_DUPLICATE_CANDLE_UNRESOLVED
NIFTY_AUTO,daily,2017-08-04,2017-08-04,CONFLICTING_DUPLICATE_CANDLE_UNRESOLVED
NIFTY_AUTO,daily,2017-08-07,2017-08-07,CONFLICTING_DUPLICATE_CANDLE_UNRESOLVED
NIFTY_AUTO,daily,2017-08-08,2017-08-08,CONFLICTING_DUPLICATE_CANDLE_UNRESOLVED
NIFTY_AUTO,daily,2017-08-09,2017-08-09,CONFLICTING_DUPLICATE_CANDLE_UNRESOLVED
NIFTY_AUTO,daily,2017-08-10,2017-08-10,CONFLICTING_DUPLICATE_CANDLE_UNRESOLVED
NIFTY_AUTO,daily,2017-08-11,2017-08-11,CONFLICTING_DUPLICATE_CANDLE_UNRESOLVED
NIFTY_AUTO,daily,2017-08-14,2017-08-14,CONFLICTING_DUPLICATE_CANDLE_UNRESOLVED
NIFTY_AUTO,daily,2017-08-16,2017-08-16,CONFLICTING_DUPLICATE_CANDLE_UNRESOLVED
NIFTY_AUTO,daily,2017-08-17,2017-08-17,CONFLICTING_DUPLICATE_CANDLE_UNRESOLVED
NIFTY_AUTO,daily,2017-08-18,2017-08-18,CONFLICTING_DUPLICATE_CANDLE_UNRESOLVED
NIFTY_AUTO,daily,2017-08-21,2017-08-21,CONFLICTING_DUPLICATE_CANDLE_UNRESOLVED
NIFTY_AUTO,daily,2017-08-22,2017-08-22,CONFLICTING_DUPLICATE_CANDLE_UNRESOLVED
NIFTY_AUTO,daily,2017-08-23,2017-08-23,CONFLICTING_DUPLICATE_CANDLE_UNRESOLVED
NIFTY_AUTO,daily,2017-08-24,2017-08-24,CONFLICTING_DUPLICATE_CANDLE_UNRESOLVED
NIFTY_AUTO,daily,2017-08-28,2017-08-28,CONFLICTING_DUPLICATE_CANDLE_UNRESOLVED
NIFTY_AUTO,daily,2017-08-29,2017-08-29,CONFLICTING_DUPLICATE_CANDLE_UNRESOLVED
NIFTY_AUTO,daily,2017-08-30,2017-08-30,CONFLICTING_DUPLICATE_CANDLE_UNRESOLVED
NIFTY_AUTO,daily,2017-08-31,2017-08-31,CONFLICTING_DUPLICATE_CANDLE_UNRESOLVED
NIFTY_AUTO,daily,2017-09-01,2017-09-01,CONFLICTING_DUPLICATE_CANDLE_UNRESOLVED
NIFTY_AUTO,daily,2017-09-04,2017-09-04,CONFLICTING_DUPLICATE_CANDLE_UNRESOLVED
NIFTY_AUTO,daily,2017-09-05,2017-09-05,CONFLICTING_DUPLICATE_CANDLE_UNRESOLVED
NIFTY_AUTO,daily,2017-09-06,2017-09-06,CONFLICTING_DUPLICATE_CANDLE_UNRESOLVED
NIFTY_AUTO,daily,2017-09-07,2017-09-07,CONFLICTING_DUPLICATE_CANDLE_UNRESOLVED
NIFTY_AUTO,daily,2017-09-11,2017-09-11,CONFLICTING_DUPLICATE_CANDLE_UNRESOLVED
NIFTY_AUTO,daily,2017-09-12,2017-09-12,CONFLICTING_DUPLICATE_CANDLE_UNRESOLVED
NIFTY_AUTO,daily,2017-09-15,2017-09-15,CONFLICTING_DUPLICATE_CANDLE_UNRESOLVED
NIFTY_AUTO,daily,2017-09-18,2017-09-18,CONFLICTING_DUPLICATE_CANDLE_UNRESOLVED
NIFTY_AUTO,daily,2017-09-19,2017-09-19,CONFLICTING_DUPLICATE_CANDLE_UNRESOLVED
NIFTY_AUTO,daily,2017-09-20,2017-09-20,CONFLICTING_DUPLICATE_CANDLE_UNRESOLVED
NIFTY_AUTO,daily,2017-09-21,2017-09-21,CONFLICTING_DUPLICATE_CANDLE_UNRESOLVED
NIFTY_AUTO,daily,2017-09-22,2017-09-22,CONFLICTING_DUPLICATE_CANDLE_UNRESOLVED
NIFTY_AUTO,daily,2017-09-25,2017-09-25,CONFLICTING_DUPLICATE_CANDLE_UNRESOLVED
NIFTY_AUTO,daily,2017-09-27,2017-09-27,CONFLICTING_DUPLICATE_CANDLE_UNRESOLVED
NIFTY_AUTO,daily,2017-09-28,2017-09-28,CONFLICTING_DUPLICATE_CANDLE_UNRESOLVED
NIFTY_AUTO,daily,2017-09-29,2017-09-29,CONFLICTING_DUPLICATE_CANDLE_UNRESOLVED
NIFTY_AUTO,daily,2017-10-03,2017-10-03,CONFLICTING_DUPLICATE_CANDLE_UNRESOLVED
NIFTY_AUTO,daily,2017-10-04,2017-10-04,CONFLICTING_DUPLICATE_CANDLE_UNRESOLVED
NIFTY_AUTO,daily,2017-10-05,2017-10-05,CONFLICTING_DUPLICATE_CANDLE_UNRESOLVED
NIFTY_AUTO,daily,2017-10-09,2017-10-09,CONFLICTING_DUPLICATE_CANDLE_UNRESOLVED
NIFTY_AUTO,daily,2017-10-10,2017-10-10,CONFLICTING_DUPLICATE_CANDLE_UNRESOLVED
NIFTY_AUTO,daily,2017-10-11,2017-10-11,CONFLICTING_DUPLICATE_CANDLE_UNRESOLVED
NIFTY_AUTO,daily,2017-10-12,2017-10-12,CONFLICTING_DUPLICATE_CANDLE_UNRESOLVED
NIFTY_AUTO,daily,2017-10-13,2017-10-13,CONFLICTING_DUPLICATE_CANDLE_UNRESOLVED
NIFTY_AUTO,daily,2017-10-16,2017-10-16,CONFLICTING_DUPLICATE_CANDLE_UNRESOLVED
NIFTY_AUTO,daily,2017-10-17,2017-10-17,CONFLICTING_DUPLICATE_CANDLE_UNRESOLVED
NIFTY_AUTO,daily,2017-10-18,2017-10-18,CONFLICTING_DUPLICATE_CANDLE_UNRESOLVED
NIFTY_AUTO,daily,2017-10-19,2017-10-19,CONFLICTING_DUPLICATE_CANDLE_UNRESOLVED
NIFTY_AUTO,daily,2017-10-23,2017-10-23,CONFLICTING_DUPLICATE_CANDLE_UNRESOLVED
NIFTY_AUTO,daily,2017-10-25,2017-10-25,CONFLICTING_DUPLICATE_CANDLE_UNRESOLVED
NIFTY_AUTO,daily,2017-10-26,2017-10-26,CONFLICTING_DUPLICATE_CANDLE_UNRESOLVED
NIFTY_AUTO,daily,2017-10-27,2017-10-27,CONFLICTING_DUPLICATE_CANDLE_UNRESOLVED
NIFTY_AUTO,daily,2017-10-30,2017-10-30,CONFLICTING_DUPLICATE_CANDLE_UNRESOLVED
NIFTY_AUTO,daily,2017-11-01,2017-11-01,CONFLICTING_DUPLICATE_CANDLE_UNRESOLVED
NIFTY_AUTO,daily,2017-11-02,2017-11-02,CONFLICTING_DUPLICATE_CANDLE_UNRESOLVED
NIFTY_AUTO,daily,2017-11-03,2017-11-03,CONFLICTING_DUPLICATE_CANDLE_UNRESOLVED
NIFTY_AUTO,daily,2017-11-06,2017-11-06,CONFLICTING_DUPLICATE_CANDLE_UNRESOLVED
NIFTY_AUTO,daily,2017-11-07,2017-11-07,CONFLICTING_DUPLICATE_CANDLE_UNRESOLVED
NIFTY_AUTO,daily,2017-11-08,2017-11-08,CONFLICTING_DUPLICATE_CANDLE_UNRESOLVED
NIFTY_AUTO,daily,2017-11-09,2017-11-09,CONFLICTING_DUPLICATE_CANDLE_UNRESOLVED
NIFTY_AUTO,daily,2017-11-10,2017-11-10,CONFLICTING_DUPLICATE_CANDLE_UNRESOLVED
NIFTY_AUTO,daily,2017-11-13,2017-11-13,CONFLICTING_DUPLICATE_CANDLE_UNRESOLVED
NIFTY_AUTO,daily,2017-11-14,2017-11-14,CONFLICTING_DUPLICATE_CANDLE_UNRESOLVED
NIFTY_AUTO,daily,2017-11-15,2017-11-15,CONFLICTING_DUPLICATE_CANDLE_UNRESOLVED
NIFTY_AUTO,daily,2017-11-16,2017-11-16,CONFLICTING_DUPLICATE_CANDLE_UNRESOLVED
NIFTY_AUTO,daily,2017-11-17,2017-11-17,CONFLICTING_DUPLICATE_CANDLE_UNRESOLVED
NIFTY_AUTO,daily,2017-11-20,2017-11-20,CONFLICTING_DUPLICATE_CANDLE_UNRESOLVED
NIFTY_AUTO,daily,2017-11-21,2017-11-21,CONFLICTING_DUPLICATE_CANDLE_UNRESOLVED
NIFTY_AUTO,daily,2017-11-22,2017-11-22,CONFLICTING_DUPLICATE_CANDLE_UNRESOLVED
NIFTY_AUTO,daily,2017-11-23,2017-11-23,CONFLICTING_DUPLICATE_CANDLE_UNRESOLVED
NIFTY_AUTO,daily,2017-11-24,2017-11-24,CONFLICTING_DUPLICATE_CANDLE_UNRESOLVED
NIFTY_AUTO,daily,2017-11-27,2017-11-27,CONFLICTING_DUPLICATE_CANDLE_UNRESOLVED
NIFTY_AUTO,daily,2017-11-28,2017-11-28,CONFLICTING_DUPLICATE_CANDLE_UNRESOLVED
NIFTY_AUTO,daily,2017-11-29,2017-11-29,CONFLICTING_DUPLICATE_CANDLE_UNRESOLVED
NIFTY_AUTO,daily,2017-11-30,2017-11-30,CONFLICTING_DUPLICATE_CANDLE_UNRESOLVED
NIFTY_AUTO,daily,2017-12-01,2017-12-01,CONFLICTING_DUPLICATE_CANDLE_UNRESOLVED
NIFTY_AUTO,daily,2017-12-04,2017-12-04,CONFLICTING_DUPLICATE_CANDLE_UNRESOLVED
NIFTY_AUTO,daily,2017-12-05,2017-12-05,CONFLICTING_DUPLICATE_CANDLE_UNRESOLVED
NIFTY_AUTO,daily,2017-12-06,2017-12-06,CONFLICTING_DUPLICATE_CANDLE_UNRESOLVED
NIFTY_AUTO,daily,2017-12-07,2017-12-07,CONFLICTING_DUPLICATE_CANDLE_UNRESOLVED
NIFTY_AUTO,daily,2017-12-08,2017-12-08,CONFLICTING_DUPLICATE_CANDLE_UNRESOLVED
NIFTY_AUTO,daily,2017-12-11,2017-12-11,CONFLICTING_DUPLICATE_CANDLE_UNRESOLVED
NIFTY_AUTO,daily,2017-12-12,2017-12-12,CONFLICTING_DUPLICATE_CANDLE_UNRESOLVED
NIFTY_AUTO,daily,2017-12-13,2017-12-13,CONFLICTING_DUPLICATE_CANDLE_UNRESOLVED
NIFTY_AUTO,daily,2017-12-14,2017-12-14,CONFLICTING_DUPLICATE_CANDLE_UNRESOLVED
NIFTY_AUTO,daily,2017-12-15,2017-12-15,CONFLICTING_DUPLICATE_CANDLE_UNRESOLVED
NIFTY_AUTO,daily,2017-12-18,2017-12-18,CONFLICTING_DUPLICATE_CANDLE_UNRESOLVED
NIFTY_AUTO,daily,2017-12-19,2017-12-19,CONFLICTING_DUPLICATE_CANDLE_UNRESOLVED
NIFTY_AUTO,daily,2017-12-20,2017-12-20,CONFLICTING_DUPLICATE_CANDLE_UNRESOLVED
NIFTY_AUTO,daily,2017-12-21,2017-12-21,CONFLICTING_DUPLICATE_CANDLE_UNRESOLVED
NIFTY_AUTO,daily,2017-12-22,2017-12-22,CONFLICTING_DUPLICATE_CANDLE_UNRESOLVED
NIFTY_AUTO,daily,2017-12-26,2017-12-26,CONFLICTING_DUPLICATE_CANDLE_UNRESOLVED
NIFTY_AUTO,daily,2017-12-27,2017-12-27,CONFLICTING_DUPLICATE_CANDLE_UNRESOLVED
NIFTY_AUTO,daily,2017-12-28,2017-12-28,CONFLICTING_DUPLICATE_CANDLE_UNRESOLVED
NIFTY_AUTO,daily,2017-12-29,2017-12-29,CONFLICTING_DUPLICATE_CANDLE_UNRESOLVED
NIFTY_AUTO,daily,2018-09-19,2018-09-19,CONFLICTING_DUPLICATE_CANDLE_UNRESOLVED
NIFTY_AUTO,daily,2018-09-27,2018-09-27,CONFLICTING_DUPLICATE_CANDLE_UNRESOLVED
NIFTY_AUTO,daily,2018-10-01,2018-10-01,CONFLICTING_DUPLICATE_CANDLE_UNRESOLVED
NIFTY_AUTO,daily,2018-10-03,2018-10-03,CONFLICTING_DUPLICATE_CANDLE_UNRESOLVED
NIFTY_AUTO,daily,2018-10-12,2018-10-12,CONFLICTING_DUPLICATE_CANDLE_UNRESOLVED
NIFTY_AUTO,daily,2018-10-15,2018-10-15,CONFLICTING_DUPLICATE_CANDLE_UNRESOLVED
NIFTY_AUTO,daily,2018-10-17,2018-10-17,CONFLICTING_DUPLICATE_CANDLE_UNRESOLVED
NIFTY_AUTO,daily,2018-10-22,2018-10-22,CONFLICTING_DUPLICATE_CANDLE_UNRESOLVED
NIFTY_AUTO,daily,2018-10-23,2018-10-23,CONFLICTING_DUPLICATE_CANDLE_UNRESOLVED
NIFTY_AUTO,daily,2018-10-26,2018-10-26,CONFLICTING_DUPLICATE_CANDLE_UNRESOLVED
NIFTY_AUTO,daily,2018-10-30,2018-10-30,CONFLICTING_DUPLICATE_CANDLE_UNRESOLVED
NIFTY_AUTO,daily,2018-10-31,2018-10-31,CONFLICTING_DUPLICATE_CANDLE_UNRESOLVED
NIFTY_AUTO,daily,2018-11-07,2018-11-07,CONFLICTING_DUPLICATE_CANDLE_UNRESOLVED
NIFTY_AUTO,daily,2018-11-13,2018-11-13,CONFLICTING_DUPLICATE_CANDLE_UNRESOLVED
NIFTY_AUTO,daily,2018-11-14,2018-11-14,CONFLICTING_DUPLICATE_CANDLE_UNRESOLVED
NIFTY_AUTO,daily,2018-11-20,2018-11-20,CONFLICTING_DUPLICATE_CANDLE_UNRESOLVED
NIFTY_AUTO,daily,2018-11-21,2018-11-21,CONFLICTING_DUPLICATE_CANDLE_UNRESOLVED
NIFTY_AUTO,daily,2018-11-26,2018-11-26,CONFLICTING_DUPLICATE_CANDLE_UNRESOLVED
NIFTY_AUTO,daily,2018-11-28,2018-11-28,CONFLICTING_DUPLICATE_CANDLE_UNRESOLVED
NIFTY_AUTO,daily,2018-11-29,2018-11-29,CONFLICTING_DUPLICATE_CANDLE_UNRESOLVED
NIFTY_AUTO,daily,2018-11-30,2018-11-30,CONFLICTING_DUPLICATE_CANDLE_UNRESOLVED
NIFTY_ENERGY,daily,2015-06-29,2015-06-29,CONFLICTING_DUPLICATE_CANDLE_UNRESOLVED
NIFTY_ENERGY,daily,2015-07-02,2015-07-02,CONFLICTING_DUPLICATE_CANDLE_UNRESOLVED
NIFTY_ENERGY,daily,2015-08-10,2015-08-10,CONFLICTING_DUPLICATE_CANDLE_UNRESOLVED
NIFTY_ENERGY,daily,2015-11-11,2015-11-11,CONFLICTING_DUPLICATE_CANDLE_UNRESOLVED
NIFTY_FIN_SERVICE,daily,2015-06-29,2015-06-29,CONFLICTING_DUPLICATE_CANDLE_UNRESOLVED
NIFTY_FIN_SERVICE,daily,2015-07-02,2015-07-02,CONFLICTING_DUPLICATE_CANDLE_UNRESOLVED
NIFTY_FIN_SERVICE,daily,2015-08-10,2015-08-10,CONFLICTING_DUPLICATE_CANDLE_UNRESOLVED
NIFTY_FIN_SERVICE,daily,2015-11-11,2015-11-11,CONFLICTING_DUPLICATE_CANDLE_UNRESOLVED
NIFTY_FMCG,daily,2015-06-29,2015-06-29,CONFLICTING_DUPLICATE_CANDLE_UNRESOLVED
NIFTY_FMCG,daily,2015-07-02,2015-07-02,CONFLICTING_DUPLICATE_CANDLE_UNRESOLVED
NIFTY_FMCG,daily,2015-08-10,2015-08-10,CONFLICTING_DUPLICATE_CANDLE_UNRESOLVED
NIFTY_FMCG,daily,2015-11-11,2015-11-11,CONFLICTING_DUPLICATE_CANDLE_UNRESOLVED
NIFTY_INFRA,daily,2015-06-29,2015-06-29,CONFLICTING_DUPLICATE_CANDLE_UNRESOLVED
NIFTY_INFRA,daily,2015-07-02,2015-07-02,CONFLICTING_DUPLICATE_CANDLE_UNRESOLVED
NIFTY_INFRA,daily,2015-08-10,2015-08-10,CONFLICTING_DUPLICATE_CANDLE_UNRESOLVED
NIFTY_INFRA,daily,2015-11-11,2015-11-11,CONFLICTING_DUPLICATE_CANDLE_UNRESOLVED
NIFTY_IT,daily,2015-06-29,2015-06-29,CONFLICTING_DUPLICATE_CANDLE_UNRESOLVED
NIFTY_IT,daily,2015-07-02,2015-07-02,CONFLICTING_DUPLICATE_CANDLE_UNRESOLVED
NIFTY_IT,daily,2015-08-10,2015-08-10,CONFLICTING_DUPLICATE_CANDLE_UNRESOLVED
NIFTY_IT,daily,2015-11-11,2015-11-11,CONFLICTING_DUPLICATE_CANDLE_UNRESOLVED
NIFTY_METAL,daily,2015-06-29,2015-06-29,CONFLICTING_DUPLICATE_CANDLE_UNRESOLVED
NIFTY_METAL,daily,2015-07-02,2015-07-02,CONFLICTING_DUPLICATE_CANDLE_UNRESOLVED
NIFTY_METAL,daily,2015-08-10,2015-08-10,CONFLICTING_DUPLICATE_CANDLE_UNRESOLVED
NIFTY_METAL,daily,2015-11-11,2015-11-11,CONFLICTING_DUPLICATE_CANDLE_UNRESOLVED
NIFTY_REALTY,daily,2015-06-29,2015-06-29,CONFLICTING_DUPLICATE_CANDLE_UNRESOLVED
NIFTY_REALTY,daily,2015-07-02,2015-07-02,CONFLICTING_DUPLICATE_CANDLE_UNRESOLVED
NIFTY_REALTY,daily,2015-08-10,2015-08-10,CONFLICTING_DUPLICATE_CANDLE_UNRESOLVED
NIFTY_REALTY,daily,2015-11-11,2015-11-11,CONFLICTING_DUPLICATE_CANDLE_UNRESOLVED
NIFTY_SERVICES,daily,2015-06-29,2015-06-29,CONFLICTING_DUPLICATE_CANDLE_UNRESOLVED
NIFTY_SERVICES,daily,2015-07-02,2015-07-02,CONFLICTING_DUPLICATE_CANDLE_UNRESOLVED
NIFTY_SERVICES,daily,2015-08-10,2015-08-10,CONFLICTING_DUPLICATE_CANDLE_UNRESOLVED
NIFTY_SERVICES,daily,2015-11-11,2015-11-11,CONFLICTING_DUPLICATE_CANDLE_UNRESOLVED
PIIND,daily,2015-12-31,2015-12-31,CONFLICTING_DUPLICATE_CANDLE_UNRESOLVED
SUZLON,daily,2015-12-31,2015-12-31,CONFLICTING_DUPLICATE_CANDLE_UNRESOLVED
TATACONSUM,daily,2015-12-31,2015-12-31,CONFLICTING_DUPLICATE_CANDLE_UNRESOLVED
TATAPOWER,daily,2015-12-31,2015-12-31,CONFLICTING_DUPLICATE_CANDLE_UNRESOLVED
UNIONBANK,daily,2015-12-31,2015-12-31,CONFLICTING_DUPLICATE_CANDLE_UNRESOLVED
ATGL,hourly,2024-06-25T09:15:00+05:30,2024-06-25T09:15:00+05:30,ABSENT_AT_OBSERVED_NIFTY_50_HOURLY_TIMESTAMP
BANKBARODA,hourly,2024-06-25T09:15:00+05:30,2024-06-25T09:15:00+05:30,ABSENT_AT_OBSERVED_NIFTY_50_HOURLY_TIMESTAMP
BHARTIARTL,hourly,2024-06-25T09:15:00+05:30,2024-06-25T09:15:00+05:30,ABSENT_AT_OBSERVED_NIFTY_50_HOURLY_TIMESTAMP
BLUESTARCO,hourly,2024-06-25T09:15:00+05:30,2024-06-25T09:15:00+05:30,ABSENT_AT_OBSERVED_NIFTY_50_HOURLY_TIMESTAMP
BOSCHLTD,hourly,2024-06-25T09:15:00+05:30,2024-06-25T09:15:00+05:30,ABSENT_AT_OBSERVED_NIFTY_50_HOURLY_TIMESTAMP
GODREJCP,hourly,2024-06-25T09:15:00+05:30,2024-06-25T09:15:00+05:30,ABSENT_AT_OBSERVED_NIFTY_50_HOURLY_TIMESTAMP
HAVELLS,hourly,2024-06-25T09:15:00+05:30,2024-06-25T09:15:00+05:30,ABSENT_AT_OBSERVED_NIFTY_50_HOURLY_TIMESTAMP
HDFCBANK,hourly,2024-06-25T09:15:00+05:30,2024-06-25T09:15:00+05:30,ABSENT_AT_OBSERVED_NIFTY_50_HOURLY_TIMESTAMP
LAURUSLABS,hourly,2024-06-25T09:15:00+05:30,2024-06-25T09:15:00+05:30,ABSENT_AT_OBSERVED_NIFTY_50_HOURLY_TIMESTAMP
SBILIFE,hourly,2024-06-25T09:15:00+05:30,2024-06-25T09:15:00+05:30,ABSENT_AT_OBSERVED_NIFTY_50_HOURLY_TIMESTAMP
UNITDSPR,hourly,2024-06-25T09:15:00+05:30,2024-06-25T09:15:00+05:30,ABSENT_AT_OBSERVED_NIFTY_50_HOURLY_TIMESTAMP
360ONE,hourly,2022-01-01,2022-01-02,BEFORE_FIRST_AVAILABLE_UNKNOWN
ABB,hourly,2022-01-01,2022-01-02,BEFORE_FIRST_AVAILABLE_UNKNOWN
ABCAPITAL,hourly,2022-01-01,2022-01-02,BEFORE_FIRST_AVAILABLE_UNKNOWN
ADANIENSOL,hourly,2022-01-01,2022-01-02,BEFORE_FIRST_AVAILABLE_UNKNOWN
ADANIENT,hourly,2022-01-01,2022-01-02,BEFORE_FIRST_AVAILABLE_UNKNOWN
ADANIGREEN,hourly,2022-01-01,2022-01-02,BEFORE_FIRST_AVAILABLE_UNKNOWN
ADANIPORTS,hourly,2022-01-01,2022-01-02,BEFORE_FIRST_AVAILABLE_UNKNOWN
ADANIPOWER,hourly,2022-01-01,2022-01-02,BEFORE_FIRST_AVAILABLE_UNKNOWN
AMBUJACEM,hourly,2022-01-01,2022-01-02,BEFORE_FIRST_AVAILABLE_UNKNOWN
APARINDS,hourly,2022-01-01,2022-01-02,BEFORE_FIRST_AVAILABLE_UNKNOWN
APLAPOLLO,hourly,2022-01-01,2022-01-02,BEFORE_FIRST_AVAILABLE_UNKNOWN
APOLLOHOSP,hourly,2022-01-01,2022-01-02,BEFORE_FIRST_AVAILABLE_UNKNOWN
ASHOKLEY,hourly,2022-01-01,2022-01-02,BEFORE_FIRST_AVAILABLE_UNKNOWN
ASIANPAINT,hourly,2022-01-01,2022-01-02,BEFORE_FIRST_AVAILABLE_UNKNOWN
ASTRAL,hourly,2022-01-01,2022-01-02,BEFORE_FIRST_AVAILABLE_UNKNOWN
ATGL,hourly,2022-01-01,2022-01-02,BEFORE_FIRST_AVAILABLE_UNKNOWN
AUBANK,hourly,2022-01-01,2022-01-02,BEFORE_FIRST_AVAILABLE_UNKNOWN
AUROPHARMA,hourly,2022-01-01,2022-01-02,BEFORE_FIRST_AVAILABLE_UNKNOWN
AXISBANK,hourly,2022-01-01,2022-01-02,BEFORE_FIRST_AVAILABLE_UNKNOWN
BAJAJ-AUTO,hourly,2022-01-01,2022-01-02,BEFORE_FIRST_AVAILABLE_UNKNOWN
BAJAJFINSV,hourly,2022-01-01,2022-01-02,BEFORE_FIRST_AVAILABLE_UNKNOWN
BAJAJHLDNG,hourly,2022-01-01,2022-01-02,BEFORE_FIRST_AVAILABLE_UNKNOWN
BAJFINANCE,hourly,2022-01-01,2022-01-02,BEFORE_FIRST_AVAILABLE_UNKNOWN
BANKBARODA,hourly,2022-01-01,2022-01-02,BEFORE_FIRST_AVAILABLE_UNKNOWN
BANKINDIA,hourly,2022-01-01,2022-01-02,BEFORE_FIRST_AVAILABLE_UNKNOWN
BDL,hourly,2022-01-01,2022-01-02,BEFORE_FIRST_AVAILABLE_UNKNOWN
BEL,hourly,2022-01-01,2022-01-02,BEFORE_FIRST_AVAILABLE_UNKNOWN
BHARATFORG,hourly,2022-01-01,2022-01-02,BEFORE_FIRST_AVAILABLE_UNKNOWN
BHARTIARTL,hourly,2022-01-01,2022-01-02,BEFORE_FIRST_AVAILABLE_UNKNOWN
BHEL,hourly,2022-01-01,2022-01-02,BEFORE_FIRST_AVAILABLE_UNKNOWN
BIOCON,hourly,2022-01-01,2022-01-02,BEFORE_FIRST_AVAILABLE_UNKNOWN
BLUESTARCO,hourly,2022-01-01,2022-01-02,BEFORE_FIRST_AVAILABLE_UNKNOWN
BOSCHLTD,hourly,2022-01-01,2022-01-02,BEFORE_FIRST_AVAILABLE_UNKNOWN
BPCL,hourly,2022-01-01,2022-01-02,BEFORE_FIRST_AVAILABLE_UNKNOWN
BRITANNIA,hourly,2022-01-01,2022-01-02,BEFORE_FIRST_AVAILABLE_UNKNOWN
BSE,hourly,2022-01-01,2022-01-02,BEFORE_FIRST_AVAILABLE_UNKNOWN
CANBK,hourly,2022-01-01,2022-01-02,BEFORE_FIRST_AVAILABLE_UNKNOWN
CGPOWER,hourly,2022-01-01,2022-01-02,BEFORE_FIRST_AVAILABLE_UNKNOWN
CHOLAFIN,hourly,2022-01-01,2022-01-02,BEFORE_FIRST_AVAILABLE_UNKNOWN
CIPLA,hourly,2022-01-01,2022-01-02,BEFORE_FIRST_AVAILABLE_UNKNOWN
COALINDIA,hourly,2022-01-01,2022-01-02,BEFORE_FIRST_AVAILABLE_UNKNOWN
COCHINSHIP,hourly,2022-01-01,2022-01-02,BEFORE_FIRST_AVAILABLE_UNKNOWN
COFORGE,hourly,2022-01-01,2022-01-02,BEFORE_FIRST_AVAILABLE_UNKNOWN
COLPAL,hourly,2022-01-01,2022-01-02,BEFORE_FIRST_AVAILABLE_UNKNOWN
CONCOR,hourly,2022-01-01,2022-01-02,BEFORE_FIRST_AVAILABLE_UNKNOWN
CUMMINSIND,hourly,2022-01-01,2022-01-02,BEFORE_FIRST_AVAILABLE_UNKNOWN
DABUR,hourly,2022-01-01,2022-01-02,BEFORE_FIRST_AVAILABLE_UNKNOWN
DIVISLAB,hourly,2022-01-01,2022-01-02,BEFORE_FIRST_AVAILABLE_UNKNOWN
DIXON,hourly,2022-01-01,2022-01-02,BEFORE_FIRST_AVAILABLE_UNKNOWN
DLF,hourly,2022-01-01,2022-01-02,BEFORE_FIRST_AVAILABLE_UNKNOWN
DMART,hourly,2022-01-01,2022-01-02,BEFORE_FIRST_AVAILABLE_UNKNOWN
DRREDDY,hourly,2022-01-01,2022-01-02,BEFORE_FIRST_AVAILABLE_UNKNOWN
EICHERMOT,hourly,2022-01-01,2022-01-02,BEFORE_FIRST_AVAILABLE_UNKNOWN
ENRIN,hourly,2022-01-01,2025-06-18,BEFORE_FIRST_AVAILABLE_UNKNOWN
ETERNAL,hourly,2022-01-01,2022-01-02,BEFORE_FIRST_AVAILABLE_UNKNOWN
EXIDEIND,hourly,2022-01-01,2022-01-02,BEFORE_FIRST_AVAILABLE_UNKNOWN
FEDERALBNK,hourly,2022-01-01,2022-01-02,BEFORE_FIRST_AVAILABLE_UNKNOWN
FORTIS,hourly,2022-01-01,2022-01-02,BEFORE_FIRST_AVAILABLE_UNKNOWN
GAIL,hourly,2022-01-01,2022-01-02,BEFORE_FIRST_AVAILABLE_UNKNOWN
GLENMARK,hourly,2022-01-01,2022-01-02,BEFORE_FIRST_AVAILABLE_UNKNOWN
GMRAIRPORT,hourly,2022-01-01,2022-01-02,BEFORE_FIRST_AVAILABLE_UNKNOWN
GODFRYPHLP,hourly,2022-01-01,2022-01-02,BEFORE_FIRST_AVAILABLE_UNKNOWN
GODREJCP,hourly,2022-01-01,2022-01-02,BEFORE_FIRST_AVAILABLE_UNKNOWN
GODREJPROP,hourly,2022-01-01,2022-01-02,BEFORE_FIRST_AVAILABLE_UNKNOWN
GRASIM,hourly,2022-01-01,2022-01-02,BEFORE_FIRST_AVAILABLE_UNKNOWN
GROWW,hourly,2022-01-01,2025-11-11,BEFORE_FIRST_AVAILABLE_UNKNOWN
GVT&D,hourly,2022-01-01,2022-01-02,BEFORE_FIRST_AVAILABLE_UNKNOWN
HAL,hourly,2022-01-01,2022-01-02,BEFORE_FIRST_AVAILABLE_UNKNOWN
HAVELLS,hourly,2022-01-01,2022-01-02,BEFORE_FIRST_AVAILABLE_UNKNOWN
HCLTECH,hourly,2022-01-01,2022-01-02,BEFORE_FIRST_AVAILABLE_UNKNOWN
HDFCAMC,hourly,2022-01-01,2022-01-02,BEFORE_FIRST_AVAILABLE_UNKNOWN
HDFCBANK,hourly,2022-01-01,2022-01-02,BEFORE_FIRST_AVAILABLE_UNKNOWN
HDFCLIFE,hourly,2022-01-01,2022-01-02,BEFORE_FIRST_AVAILABLE_UNKNOWN
HEROMOTOCO,hourly,2022-01-01,2022-01-02,BEFORE_FIRST_AVAILABLE_UNKNOWN
HINDALCO,hourly,2022-01-01,2022-01-02,BEFORE_FIRST_AVAILABLE_UNKNOWN
HINDCOPPER,hourly,2022-01-01,2022-01-02,BEFORE_FIRST_AVAILABLE_UNKNOWN
HINDPETRO,hourly,2022-01-01,2022-01-02,BEFORE_FIRST_AVAILABLE_UNKNOWN
HINDUNILVR,hourly,2022-01-01,2022-01-02,BEFORE_FIRST_AVAILABLE_UNKNOWN
HINDZINC,hourly,2022-01-01,2022-01-02,BEFORE_FIRST_AVAILABLE_UNKNOWN
HYUNDAI,hourly,2022-01-01,2024-10-21,BEFORE_FIRST_AVAILABLE_UNKNOWN
ICICIAMC,hourly,2022-01-01,2025-12-18,BEFORE_FIRST_AVAILABLE_UNKNOWN
ICICIBANK,hourly,2022-01-01,2022-01-02,BEFORE_FIRST_AVAILABLE_UNKNOWN
ICICIGI,hourly,2022-01-01,2022-01-02,BEFORE_FIRST_AVAILABLE_UNKNOWN
IDEA,hourly,2022-01-01,2022-01-02,BEFORE_FIRST_AVAILABLE_UNKNOWN
IDFCFIRSTB,hourly,2022-01-01,2022-01-02,BEFORE_FIRST_AVAILABLE_UNKNOWN
INDHOTEL,hourly,2022-01-01,2022-01-02,BEFORE_FIRST_AVAILABLE_UNKNOWN
INDIANB,hourly,2022-01-01,2022-01-02,BEFORE_FIRST_AVAILABLE_UNKNOWN
INDIGO,hourly,2022-01-01,2022-01-02,BEFORE_FIRST_AVAILABLE_UNKNOWN
INDUSINDBK,hourly,2022-01-01,2022-01-02,BEFORE_FIRST_AVAILABLE_UNKNOWN
INDUSTOWER,hourly,2022-01-01,2022-01-02,BEFORE_FIRST_AVAILABLE_UNKNOWN
INFY,hourly,2022-01-01,2022-01-02,BEFORE_FIRST_AVAILABLE_UNKNOWN
IOC,hourly,2022-01-01,2022-01-02,BEFORE_FIRST_AVAILABLE_UNKNOWN
IRCTC,hourly,2022-01-01,2022-01-02,BEFORE_FIRST_AVAILABLE_UNKNOWN
IREDA,hourly,2022-01-01,2023-11-28,BEFORE_FIRST_AVAILABLE_UNKNOWN
IRFC,hourly,2022-01-01,2022-01-02,BEFORE_FIRST_AVAILABLE_UNKNOWN
ITC,hourly,2022-01-01,2022-01-02,BEFORE_FIRST_AVAILABLE_UNKNOWN
JINDALSTEL,hourly,2022-01-01,2022-01-02,BEFORE_FIRST_AVAILABLE_UNKNOWN
JIOFIN,hourly,2022-01-01,2023-08-20,BEFORE_FIRST_AVAILABLE_UNKNOWN
JSWENERGY,hourly,2022-01-01,2022-01-02,BEFORE_FIRST_AVAILABLE_UNKNOWN
JSWSTEEL,hourly,2022-01-01,2022-01-02,BEFORE_FIRST_AVAILABLE_UNKNOWN
JUBLFOOD,hourly,2022-01-01,2022-01-02,BEFORE_FIRST_AVAILABLE_UNKNOWN
KALYANKJIL,hourly,2022-01-01,2022-01-02,BEFORE_FIRST_AVAILABLE_UNKNOWN
KEI,hourly,2022-01-01,2022-01-02,BEFORE_FIRST_AVAILABLE_UNKNOWN
KOTAKBANK,hourly,2022-01-01,2022-01-02,BEFORE_FIRST_AVAILABLE_UNKNOWN
LAURUSLABS,hourly,2022-01-01,2022-01-02,BEFORE_FIRST_AVAILABLE_UNKNOWN
LENSKART,hourly,2022-01-01,2025-11-09,BEFORE_FIRST_AVAILABLE_UNKNOWN
LGEINDIA,hourly,2022-01-01,2025-10-13,BEFORE_FIRST_AVAILABLE_UNKNOWN
LICHSGFIN,hourly,2022-01-01,2022-01-02,BEFORE_FIRST_AVAILABLE_UNKNOWN
LICI,hourly,2022-01-01,2022-05-16,BEFORE_FIRST_AVAILABLE_UNKNOWN
LODHA,hourly,2022-01-01,2022-01-02,BEFORE_FIRST_AVAILABLE_UNKNOWN
LT,hourly,2022-01-01,2022-01-02,BEFORE_FIRST_AVAILABLE_UNKNOWN
LTF,hourly,2022-01-01,2022-01-02,BEFORE_FIRST_AVAILABLE_UNKNOWN
LTM,hourly,2022-01-01,2022-01-02,BEFORE_FIRST_AVAILABLE_UNKNOWN
LUPIN,hourly,2022-01-01,2022-01-02,BEFORE_FIRST_AVAILABLE_UNKNOWN
M&M,hourly,2022-01-01,2022-01-02,BEFORE_FIRST_AVAILABLE_UNKNOWN
M&MFIN,hourly,2022-01-01,2022-01-02,BEFORE_FIRST_AVAILABLE_UNKNOWN
MAHABANK,hourly,2022-01-01,2022-01-02,BEFORE_FIRST_AVAILABLE_UNKNOWN
MANKIND,hourly,2022-01-01,2023-05-08,BEFORE_FIRST_AVAILABLE_UNKNOWN
MARICO,hourly,2022-01-01,2022-01-02,BEFORE_FIRST_AVAILABLE_UNKNOWN
MARUTI,hourly,2022-01-01,2022-01-02,BEFORE_FIRST_AVAILABLE_UNKNOWN
MAXHEALTH,hourly,2022-01-01,2022-01-02,BEFORE_FIRST_AVAILABLE_UNKNOWN
MAZDOCK,hourly,2022-01-01,2022-01-02,BEFORE_FIRST_AVAILABLE_UNKNOWN
MCX,hourly,2022-01-01,2022-01-02,BEFORE_FIRST_AVAILABLE_UNKNOWN
MEESHO,hourly,2022-01-01,2025-12-09,BEFORE_FIRST_AVAILABLE_UNKNOWN
MFSL,hourly,2022-01-01,2022-01-02,BEFORE_FIRST_AVAILABLE_UNKNOWN
MOTHERSON,hourly,2022-01-01,2022-01-02,BEFORE_FIRST_AVAILABLE_UNKNOWN
MOTILALOFS,hourly,2022-01-01,2022-01-02,BEFORE_FIRST_AVAILABLE_UNKNOWN
MPHASIS,hourly,2022-01-01,2022-01-02,BEFORE_FIRST_AVAILABLE_UNKNOWN
MRF,hourly,2022-01-01,2022-01-02,BEFORE_FIRST_AVAILABLE_UNKNOWN
MUTHOOTFIN,hourly,2022-01-01,2022-01-02,BEFORE_FIRST_AVAILABLE_UNKNOWN
NATIONALUM,hourly,2022-01-01,2022-01-02,BEFORE_FIRST_AVAILABLE_UNKNOWN
NAUKRI,hourly,2022-01-01,2022-01-02,BEFORE_FIRST_AVAILABLE_UNKNOWN
NESTLEIND,hourly,2022-01-01,2022-01-02,BEFORE_FIRST_AVAILABLE_UNKNOWN
NHPC,hourly,2022-01-01,2022-01-02,BEFORE_FIRST_AVAILABLE_UNKNOWN
NIFTY_50,hourly,2022-01-01,2022-01-02,BEFORE_FIRST_AVAILABLE_UNKNOWN
NIFTY_AUTO,hourly,2022-01-01,2022-01-02,BEFORE_FIRST_AVAILABLE_UNKNOWN
NIFTY_CHEMICALS,hourly,2022-01-01,2025-11-09,BEFORE_FIRST_AVAILABLE_UNKNOWN
NIFTY_CONSUMPTION,hourly,2022-01-01,2022-01-02,BEFORE_FIRST_AVAILABLE_UNKNOWN
NIFTY_ENERGY,hourly,2022-01-01,2022-01-02,BEFORE_FIRST_AVAILABLE_UNKNOWN
NIFTY_FIN_SERVICE,hourly,2022-01-01,2022-01-02,BEFORE_FIRST_AVAILABLE_UNKNOWN
NIFTY_FMCG,hourly,2022-01-01,2022-01-02,BEFORE_FIRST_AVAILABLE_UNKNOWN
NIFTY_HEALTHCARE,hourly,2022-01-01,2022-03-23,BEFORE_FIRST_AVAILABLE_UNKNOWN
NIFTY_INFRA,hourly,2022-01-01,2022-01-02,BEFORE_FIRST_AVAILABLE_UNKNOWN
NIFTY_IT,hourly,2022-01-01,2022-01-02,BEFORE_FIRST_AVAILABLE_UNKNOWN
NIFTY_METAL,hourly,2022-01-01,2022-01-02,BEFORE_FIRST_AVAILABLE_UNKNOWN
NIFTY_OIL_GAS,hourly,2022-01-01,2022-03-23,BEFORE_FIRST_AVAILABLE_UNKNOWN
NIFTY_REALTY,hourly,2022-01-01,2022-01-02,BEFORE_FIRST_AVAILABLE_UNKNOWN
NIFTY_SERVICES,hourly,2022-01-01,2022-01-02,BEFORE_FIRST_AVAILABLE_UNKNOWN
NLCINDIA,hourly,2022-01-01,2022-01-02,BEFORE_FIRST_AVAILABLE_UNKNOWN
NMDC,hourly,2022-01-01,2022-01-02,BEFORE_FIRST_AVAILABLE_UNKNOWN
NTPC,hourly,2022-01-01,2022-01-02,BEFORE_FIRST_AVAILABLE_UNKNOWN
NYKAA,hourly,2022-01-01,2022-01-02,BEFORE_FIRST_AVAILABLE_UNKNOWN
OBEROIRLTY,hourly,2022-01-01,2022-01-02,BEFORE_FIRST_AVAILABLE_UNKNOWN
OFSS,hourly,2022-01-01,2022-01-02,BEFORE_FIRST_AVAILABLE_UNKNOWN
OIL,hourly,2022-01-01,2022-01-02,BEFORE_FIRST_AVAILABLE_UNKNOWN
ONGC,hourly,2022-01-01,2022-01-02,BEFORE_FIRST_AVAILABLE_UNKNOWN
PAGEIND,hourly,2022-01-01,2022-01-02,BEFORE_FIRST_AVAILABLE_UNKNOWN
PATANJALI,hourly,2022-01-01,2022-01-02,BEFORE_FIRST_AVAILABLE_UNKNOWN
PAYTM,hourly,2022-01-01,2022-01-02,BEFORE_FIRST_AVAILABLE_UNKNOWN
PERSISTENT,hourly,2022-01-01,2022-01-02,BEFORE_FIRST_AVAILABLE_UNKNOWN
PFC,hourly,2022-01-01,2022-01-02,BEFORE_FIRST_AVAILABLE_UNKNOWN
PHOENIXLTD,hourly,2022-01-01,2022-01-02,BEFORE_FIRST_AVAILABLE_UNKNOWN
PIDILITIND,hourly,2022-01-01,2022-01-02,BEFORE_FIRST_AVAILABLE_UNKNOWN
PIIND,hourly,2022-01-01,2022-01-02,BEFORE_FIRST_AVAILABLE_UNKNOWN
PNB,hourly,2022-01-01,2022-01-02,BEFORE_FIRST_AVAILABLE_UNKNOWN
POLICYBZR,hourly,2022-01-01,2022-01-02,BEFORE_FIRST_AVAILABLE_UNKNOWN
POLYCAB,hourly,2022-01-01,2022-01-02,BEFORE_FIRST_AVAILABLE_UNKNOWN
POWERGRID,hourly,2022-01-01,2022-01-02,BEFORE_FIRST_AVAILABLE_UNKNOWN
POWERINDIA,hourly,2022-01-01,2022-01-02,BEFORE_FIRST_AVAILABLE_UNKNOWN
PREMIERENE,hourly,2022-01-01,2024-09-02,BEFORE_FIRST_AVAILABLE_UNKNOWN
PRESTIGE,hourly,2022-01-01,2022-01-02,BEFORE_FIRST_AVAILABLE_UNKNOWN
RADICO,hourly,2022-01-01,2022-01-02,BEFORE_FIRST_AVAILABLE_UNKNOWN
RECLTD,hourly,2022-01-01,2022-01-02,BEFORE_FIRST_AVAILABLE_UNKNOWN
RELIANCE,hourly,2022-01-01,2022-01-02,BEFORE_FIRST_AVAILABLE_UNKNOWN
RVNL,hourly,2022-01-01,2022-01-02,BEFORE_FIRST_AVAILABLE_UNKNOWN
SAIL,hourly,2022-01-01,2022-01-02,BEFORE_FIRST_AVAILABLE_UNKNOWN
SBICARD,hourly,2022-01-01,2022-01-02,BEFORE_FIRST_AVAILABLE_UNKNOWN
SBILIFE,hourly,2022-01-01,2022-01-02,BEFORE_FIRST_AVAILABLE_UNKNOWN
SBIN,hourly,2022-01-01,2022-01-02,BEFORE_FIRST_AVAILABLE_UNKNOWN
SHRIRAMFIN,hourly,2022-01-01,2022-01-02,BEFORE_FIRST_AVAILABLE_UNKNOWN
SIEMENS,hourly,2022-01-01,2022-01-02,BEFORE_FIRST_AVAILABLE_UNKNOWN
SOLARINDS,hourly,2022-01-01,2022-01-02,BEFORE_FIRST_AVAILABLE_UNKNOWN
SRF,hourly,2022-01-01,2022-01-02,BEFORE_FIRST_AVAILABLE_UNKNOWN
SUNPHARMA,hourly,2022-01-01,2022-01-02,BEFORE_FIRST_AVAILABLE_UNKNOWN
SUPREMEIND,hourly,2022-01-01,2022-01-02,BEFORE_FIRST_AVAILABLE_UNKNOWN
SUZLON,hourly,2022-01-01,2022-01-02,BEFORE_FIRST_AVAILABLE_UNKNOWN
SWIGGY,hourly,2022-01-01,2024-11-12,BEFORE_FIRST_AVAILABLE_UNKNOWN
TATACAP,hourly,2022-01-01,2025-10-12,BEFORE_FIRST_AVAILABLE_UNKNOWN
TATACOMM,hourly,2022-01-01,2022-01-02,BEFORE_FIRST_AVAILABLE_UNKNOWN
TATACONSUM,hourly,2022-01-01,2022-01-02,BEFORE_FIRST_AVAILABLE_UNKNOWN
TATAPOWER,hourly,2022-01-01,2022-01-02,BEFORE_FIRST_AVAILABLE_UNKNOWN
TATASTEEL,hourly,2022-01-01,2022-01-02,BEFORE_FIRST_AVAILABLE_UNKNOWN
TCS,hourly,2022-01-01,2022-01-02,BEFORE_FIRST_AVAILABLE_UNKNOWN
TECHM,hourly,2022-01-01,2022-01-02,BEFORE_FIRST_AVAILABLE_UNKNOWN
TIINDIA,hourly,2022-01-01,2022-01-02,BEFORE_FIRST_AVAILABLE_UNKNOWN
TITAN,hourly,2022-01-01,2022-01-02,BEFORE_FIRST_AVAILABLE_UNKNOWN
TMCV,hourly,2022-01-01,2025-11-11,BEFORE_FIRST_AVAILABLE_UNKNOWN
TMPV,hourly,2022-01-01,2022-01-02,BEFORE_FIRST_AVAILABLE_UNKNOWN
TORNTPHARM,hourly,2022-01-01,2022-01-02,BEFORE_FIRST_AVAILABLE_UNKNOWN
TRENT,hourly,2022-01-01,2022-01-02,BEFORE_FIRST_AVAILABLE_UNKNOWN
TVSMOTOR,hourly,2022-01-01,2022-01-02,BEFORE_FIRST_AVAILABLE_UNKNOWN
ULTRACEMCO,hourly,2022-01-01,2022-01-02,BEFORE_FIRST_AVAILABLE_UNKNOWN
UNIONBANK,hourly,2022-01-01,2022-01-02,BEFORE_FIRST_AVAILABLE_UNKNOWN
UNITDSPR,hourly,2022-01-01,2022-01-02,BEFORE_FIRST_AVAILABLE_UNKNOWN
UPL,hourly,2022-01-01,2022-01-02,BEFORE_FIRST_AVAILABLE_UNKNOWN
VAML,hourly,2022-01-01,2026-06-14,BEFORE_FIRST_AVAILABLE_UNKNOWN
VBL,hourly,2022-01-01,2022-01-02,BEFORE_FIRST_AVAILABLE_UNKNOWN
VEDL,hourly,2022-01-01,2022-01-02,BEFORE_FIRST_AVAILABLE_UNKNOWN
VMM,hourly,2022-01-01,2024-12-17,BEFORE_FIRST_AVAILABLE_UNKNOWN
VOLTAS,hourly,2022-01-01,2022-01-02,BEFORE_FIRST_AVAILABLE_UNKNOWN
WAAREEENER,hourly,2022-01-01,2024-10-27,BEFORE_FIRST_AVAILABLE_UNKNOWN
WIPRO,hourly,2022-01-01,2022-01-02,BEFORE_FIRST_AVAILABLE_UNKNOWN
YESBANK,hourly,2022-01-01,2022-01-02,BEFORE_FIRST_AVAILABLE_UNKNOWN
ZYDUSLIFE,hourly,2022-01-01,2022-01-02,BEFORE_FIRST_AVAILABLE_UNKNOWN
